setting,bin_hours,exclude_automated_files,onset_shift_hours,model,fold_start_hour,target_start_hour,actual,prediction
1h_exclude0_shift-2,1,False,-2,volume_baseline,48,48,0,2.2857557934404147
1h_exclude0_shift-2,1,False,-2,volume_baseline,48,49,0,3.4496169138662145
1h_exclude0_shift-2,1,False,-2,volume_baseline,48,50,0,5.407429882763631
1h_exclude0_shift-2,1,False,-2,volume_baseline,48,51,1,8.569731223583759
1h_exclude0_shift-2,1,False,-2,volume_baseline,48,52,2,18.20944525538872
1h_exclude0_shift-2,1,False,-2,volume_baseline,48,53,0,33.5096614692462
1h_exclude0_shift-2,1,False,-2,volume_baseline,48,54,1,27.832033336521267
1h_exclude0_shift-2,1,False,-2,volume_baseline,48,55,1,48.86852549186723
1h_exclude0_shift-2,1,False,-2,volume_baseline,48,56,4,56.7859454505273
1h_exclude0_shift-2,1,False,-2,volume_baseline,48,57,3,94.52021087385944
1h_exclude0_shift-2,1,False,-2,volume_baseline,48,58,1,80.47807588110327
1h_exclude0_shift-2,1,False,-2,volume_baseline,48,59,0,50.57566291771516
1h_exclude0_shift-2,1,False,-2,plus_composition,48,48,0,1.5829255223410434
1h_exclude0_shift-2,1,False,-2,plus_composition,48,49,0,1.8482754237986434
1h_exclude0_shift-2,1,False,-2,plus_composition,48,50,0,2.075261165016143
1h_exclude0_shift-2,1,False,-2,plus_composition,48,51,1,3.780952730841993
1h_exclude0_shift-2,1,False,-2,plus_composition,48,52,2,15.334664028667312
1h_exclude0_shift-2,1,False,-2,plus_composition,48,53,0,20.734339578442658
1h_exclude0_shift-2,1,False,-2,plus_composition,48,54,1,26.839308132971777
1h_exclude0_shift-2,1,False,-2,plus_composition,48,55,1,34.9271766458399
1h_exclude0_shift-2,1,False,-2,plus_composition,48,56,4,58.58994089316609
1h_exclude0_shift-2,1,False,-2,plus_composition,48,57,3,117.74010436083255
1h_exclude0_shift-2,1,False,-2,plus_composition,48,58,1,58.49051887792526
1h_exclude0_shift-2,1,False,-2,plus_composition,48,59,0,33.94258078356417
1h_exclude0_shift-2,1,False,-2,persistence,48,48,0,0.0
1h_exclude0_shift-2,1,False,-2,persistence,48,49,0,0.0
1h_exclude0_shift-2,1,False,-2,persistence,48,50,0,0.0
1h_exclude0_shift-2,1,False,-2,persistence,48,51,1,0.0
1h_exclude0_shift-2,1,False,-2,persistence,48,52,2,1.0
1h_exclude0_shift-2,1,False,-2,persistence,48,53,0,2.0
1h_exclude0_shift-2,1,False,-2,persistence,48,54,1,0.0
1h_exclude0_shift-2,1,False,-2,persistence,48,55,1,1.0
1h_exclude0_shift-2,1,False,-2,persistence,48,56,4,1.0
1h_exclude0_shift-2,1,False,-2,persistence,48,57,3,4.0
1h_exclude0_shift-2,1,False,-2,persistence,48,58,1,3.0
1h_exclude0_shift-2,1,False,-2,persistence,48,59,0,1.0
1h_exclude0_shift-2,1,False,-2,training_mean,48,48,0,2.127659574468085
1h_exclude0_shift-2,1,False,-2,training_mean,48,49,0,2.127659574468085
1h_exclude0_shift-2,1,False,-2,training_mean,48,50,0,2.127659574468085
1h_exclude0_shift-2,1,False,-2,training_mean,48,51,1,2.127659574468085
1h_exclude0_shift-2,1,False,-2,training_mean,48,52,2,2.127659574468085
1h_exclude0_shift-2,1,False,-2,training_mean,48,53,0,2.127659574468085
1h_exclude0_shift-2,1,False,-2,training_mean,48,54,1,2.127659574468085
1h_exclude0_shift-2,1,False,-2,training_mean,48,55,1,2.127659574468085
1h_exclude0_shift-2,1,False,-2,training_mean,48,56,4,2.127659574468085
1h_exclude0_shift-2,1,False,-2,training_mean,48,57,3,2.127659574468085
1h_exclude0_shift-2,1,False,-2,training_mean,48,58,1,2.127659574468085
1h_exclude0_shift-2,1,False,-2,training_mean,48,59,0,2.127659574468085
1h_exclude0_shift-2,1,False,-2,volume_baseline,60,60,1,0.4570758918267269
1h_exclude0_shift-2,1,False,-2,volume_baseline,60,61,0,0.5050392912871323
1h_exclude0_shift-2,1,False,-2,volume_baseline,60,62,0,0.22498248701094503
1h_exclude0_shift-2,1,False,-2,volume_baseline,60,63,0,0.18217514448078434
1h_exclude0_shift-2,1,False,-2,volume_baseline,60,64,2,0.13471651876143736
1h_exclude0_shift-2,1,False,-2,volume_baseline,60,65,0,0.28572311670802786
1h_exclude0_shift-2,1,False,-2,volume_baseline,60,66,0,0.08812765640308451
1h_exclude0_shift-2,1,False,-2,volume_baseline,60,67,0,0.08313423454953048
1h_exclude0_shift-2,1,False,-2,volume_baseline,60,68,0,0.04799956345196861
1h_exclude0_shift-2,1,False,-2,volume_baseline,60,69,0,0.0026168162828124598
1h_exclude0_shift-2,1,False,-2,volume_baseline,60,70,1,0.005815599098227198
1h_exclude0_shift-2,1,False,-2,volume_baseline,60,71,0,0.20637524440833344
1h_exclude0_shift-2,1,False,-2,plus_composition,60,60,1,0.25861567949092507
1h_exclude0_shift-2,1,False,-2,plus_composition,60,61,0,0.35979187872849516
1h_exclude0_shift-2,1,False,-2,plus_composition,60,62,0,0.19634318916299315
1h_exclude0_shift-2,1,False,-2,plus_composition,60,63,0,0.1838517049294036
1h_exclude0_shift-2,1,False,-2,plus_composition,60,64,2,0.09063200762206282
1h_exclude0_shift-2,1,False,-2,plus_composition,60,65,0,0.23650429450569516
1h_exclude0_shift-2,1,False,-2,plus_composition,60,66,0,0.010567813076997563
1h_exclude0_shift-2,1,False,-2,plus_composition,60,67,0,0.08415730097945852
1h_exclude0_shift-2,1,False,-2,plus_composition,60,68,0,0.019312526698367995
1h_exclude0_shift-2,1,False,-2,plus_composition,60,69,0,0.007783261709674027
1h_exclude0_shift-2,1,False,-2,plus_composition,60,70,1,0.017098663753699676
1h_exclude0_shift-2,1,False,-2,plus_composition,60,71,0,0.25881139663207237
1h_exclude0_shift-2,1,False,-2,persistence,60,60,1,0.0
1h_exclude0_shift-2,1,False,-2,persistence,60,61,0,1.0
1h_exclude0_shift-2,1,False,-2,persistence,60,62,0,0.0
1h_exclude0_shift-2,1,False,-2,persistence,60,63,0,0.0
1h_exclude0_shift-2,1,False,-2,persistence,60,64,2,0.0
1h_exclude0_shift-2,1,False,-2,persistence,60,65,0,2.0
1h_exclude0_shift-2,1,False,-2,persistence,60,66,0,0.0
1h_exclude0_shift-2,1,False,-2,persistence,60,67,0,0.0
1h_exclude0_shift-2,1,False,-2,persistence,60,68,0,0.0
1h_exclude0_shift-2,1,False,-2,persistence,60,69,0,0.0
1h_exclude0_shift-2,1,False,-2,persistence,60,70,1,0.0
1h_exclude0_shift-2,1,False,-2,persistence,60,71,0,1.0
1h_exclude0_shift-2,1,False,-2,training_mean,60,60,1,1.9152542372881356
1h_exclude0_shift-2,1,False,-2,training_mean,60,61,0,1.9152542372881356
1h_exclude0_shift-2,1,False,-2,training_mean,60,62,0,1.9152542372881356
1h_exclude0_shift-2,1,False,-2,training_mean,60,63,0,1.9152542372881356
1h_exclude0_shift-2,1,False,-2,training_mean,60,64,2,1.9152542372881356
1h_exclude0_shift-2,1,False,-2,training_mean,60,65,0,1.9152542372881356
1h_exclude0_shift-2,1,False,-2,training_mean,60,66,0,1.9152542372881356
1h_exclude0_shift-2,1,False,-2,training_mean,60,67,0,1.9152542372881356
1h_exclude0_shift-2,1,False,-2,training_mean,60,68,0,1.9152542372881356
1h_exclude0_shift-2,1,False,-2,training_mean,60,69,0,1.9152542372881356
1h_exclude0_shift-2,1,False,-2,training_mean,60,70,1,1.9152542372881356
1h_exclude0_shift-2,1,False,-2,training_mean,60,71,0,1.9152542372881356
1h_exclude0_shift-2,1,False,-2,volume_baseline,72,72,2,0.1880467555195891
1h_exclude0_shift-2,1,False,-2,volume_baseline,72,73,2,0.5569288812509843
1h_exclude0_shift-2,1,False,-2,volume_baseline,72,74,1,0.8182333336631676
1h_exclude0_shift-2,1,False,-2,volume_baseline,72,75,8,0.7349577811506818
1h_exclude0_shift-2,1,False,-2,volume_baseline,72,76,38,3.6958577181529164
1h_exclude0_shift-2,1,False,-2,volume_baseline,72,77,74,16.622060040570265
1h_exclude0_shift-2,1,False,-2,volume_baseline,72,78,100,32.538220057341746
1h_exclude0_shift-2,1,False,-2,volume_baseline,72,79,46,47.02303008157673
1h_exclude0_shift-2,1,False,-2,volume_baseline,72,80,37,21.998973985088746
1h_exclude0_shift-2,1,False,-2,volume_baseline,72,81,64,16.48025820602391
1h_exclude0_shift-2,1,False,-2,volume_baseline,72,82,32,26.180691265453277
1h_exclude0_shift-2,1,False,-2,volume_baseline,72,83,26,12.279289494226434
1h_exclude0_shift-2,1,False,-2,plus_composition,72,72,2,0.36292565667573323
1h_exclude0_shift-2,1,False,-2,plus_composition,72,73,2,0.6042428690077102
1h_exclude0_shift-2,1,False,-2,plus_composition,72,74,1,1.113537861807433
1h_exclude0_shift-2,1,False,-2,plus_composition,72,75,8,1.1543392159593429
1h_exclude0_shift-2,1,False,-2,plus_composition,72,76,38,4.867491606357365
1h_exclude0_shift-2,1,False,-2,plus_composition,72,77,74,13.467283931032092
1h_exclude0_shift-2,1,False,-2,plus_composition,72,78,100,57.02636898526828
1h_exclude0_shift-2,1,False,-2,plus_composition,72,79,46,39.84574571868383
1h_exclude0_shift-2,1,False,-2,plus_composition,72,80,37,7.836935601443687
1h_exclude0_shift-2,1,False,-2,plus_composition,72,81,64,1.0626504594477617
1h_exclude0_shift-2,1,False,-2,plus_composition,72,82,32,1.772428790605957
1h_exclude0_shift-2,1,False,-2,plus_composition,72,83,26,2.9215117152645984
1h_exclude0_shift-2,1,False,-2,persistence,72,72,2,0.0
1h_exclude0_shift-2,1,False,-2,persistence,72,73,2,2.0
1h_exclude0_shift-2,1,False,-2,persistence,72,74,1,2.0
1h_exclude0_shift-2,1,False,-2,persistence,72,75,8,1.0
1h_exclude0_shift-2,1,False,-2,persistence,72,76,38,8.0
1h_exclude0_shift-2,1,False,-2,persistence,72,77,74,38.0
1h_exclude0_shift-2,1,False,-2,persistence,72,78,100,74.0
1h_exclude0_shift-2,1,False,-2,persistence,72,79,46,100.0
1h_exclude0_shift-2,1,False,-2,persistence,72,80,37,46.0
1h_exclude0_shift-2,1,False,-2,persistence,72,81,64,37.0
1h_exclude0_shift-2,1,False,-2,persistence,72,82,32,64.0
1h_exclude0_shift-2,1,False,-2,persistence,72,83,26,32.0
1h_exclude0_shift-2,1,False,-2,training_mean,72,72,2,1.647887323943662
1h_exclude0_shift-2,1,False,-2,training_mean,72,73,2,1.647887323943662
1h_exclude0_shift-2,1,False,-2,training_mean,72,74,1,1.647887323943662
1h_exclude0_shift-2,1,False,-2,training_mean,72,75,8,1.647887323943662
1h_exclude0_shift-2,1,False,-2,training_mean,72,76,38,1.647887323943662
1h_exclude0_shift-2,1,False,-2,training_mean,72,77,74,1.647887323943662
1h_exclude0_shift-2,1,False,-2,training_mean,72,78,100,1.647887323943662
1h_exclude0_shift-2,1,False,-2,training_mean,72,79,46,1.647887323943662
1h_exclude0_shift-2,1,False,-2,training_mean,72,80,37,1.647887323943662
1h_exclude0_shift-2,1,False,-2,training_mean,72,81,64,1.647887323943662
1h_exclude0_shift-2,1,False,-2,training_mean,72,82,32,1.647887323943662
1h_exclude0_shift-2,1,False,-2,training_mean,72,83,26,1.647887323943662
1h_exclude0_shift-2,1,False,-2,volume_baseline,84,84,19,15.821913841861873
1h_exclude0_shift-2,1,False,-2,volume_baseline,84,85,15,10.251772436396394
1h_exclude0_shift-2,1,False,-2,volume_baseline,84,86,9,7.1810307554231105
1h_exclude0_shift-2,1,False,-2,volume_baseline,84,87,20,4.387419097167068
1h_exclude0_shift-2,1,False,-2,volume_baseline,84,88,15,6.909333311457255
1h_exclude0_shift-2,1,False,-2,volume_baseline,84,89,12,5.5435083974229515
1h_exclude0_shift-2,1,False,-2,volume_baseline,84,90,10,5.146811219904627
1h_exclude0_shift-2,1,False,-2,volume_baseline,84,91,4,4.711196068043061
1h_exclude0_shift-2,1,False,-2,volume_baseline,84,92,5,2.8921031243992963
1h_exclude0_shift-2,1,False,-2,volume_baseline,84,93,8,4.176667694682225
1h_exclude0_shift-2,1,False,-2,volume_baseline,84,94,3,6.589478452442673
1h_exclude0_shift-2,1,False,-2,volume_baseline,84,95,3,4.2767515737914605
1h_exclude0_shift-2,1,False,-2,plus_composition,84,84,19,12.374616012937057
1h_exclude0_shift-2,1,False,-2,plus_composition,84,85,15,7.940386848275985
1h_exclude0_shift-2,1,False,-2,plus_composition,84,86,9,4.1791317130039465
1h_exclude0_shift-2,1,False,-2,plus_composition,84,87,20,2.308107163545846
1h_exclude0_shift-2,1,False,-2,plus_composition,84,88,15,3.9166299388267762
1h_exclude0_shift-2,1,False,-2,plus_composition,84,89,12,2.7506615203312723
1h_exclude0_shift-2,1,False,-2,plus_composition,84,90,10,2.734819007480157
1h_exclude0_shift-2,1,False,-2,plus_composition,84,91,4,2.747799455889476
1h_exclude0_shift-2,1,False,-2,plus_composition,84,92,5,1.8372152909273445
1h_exclude0_shift-2,1,False,-2,plus_composition,84,93,8,3.4543968462094337
1h_exclude0_shift-2,1,False,-2,plus_composition,84,94,3,4.980249725767429
1h_exclude0_shift-2,1,False,-2,plus_composition,84,95,3,4.927665848264619
1h_exclude0_shift-2,1,False,-2,persistence,84,84,19,26.0
1h_exclude0_shift-2,1,False,-2,persistence,84,85,15,19.0
1h_exclude0_shift-2,1,False,-2,persistence,84,86,9,15.0
1h_exclude0_shift-2,1,False,-2,persistence,84,87,20,9.0
1h_exclude0_shift-2,1,False,-2,persistence,84,88,15,20.0
1h_exclude0_shift-2,1,False,-2,persistence,84,89,12,15.0
1h_exclude0_shift-2,1,False,-2,persistence,84,90,10,12.0
1h_exclude0_shift-2,1,False,-2,persistence,84,91,4,10.0
1h_exclude0_shift-2,1,False,-2,persistence,84,92,5,4.0
1h_exclude0_shift-2,1,False,-2,persistence,84,93,8,5.0
1h_exclude0_shift-2,1,False,-2,persistence,84,94,3,8.0
1h_exclude0_shift-2,1,False,-2,persistence,84,95,3,3.0
1h_exclude0_shift-2,1,False,-2,training_mean,84,84,19,6.590361445783133
1h_exclude0_shift-2,1,False,-2,training_mean,84,85,15,6.590361445783133
1h_exclude0_shift-2,1,False,-2,training_mean,84,86,9,6.590361445783133
1h_exclude0_shift-2,1,False,-2,training_mean,84,87,20,6.590361445783133
1h_exclude0_shift-2,1,False,-2,training_mean,84,88,15,6.590361445783133
1h_exclude0_shift-2,1,False,-2,training_mean,84,89,12,6.590361445783133
1h_exclude0_shift-2,1,False,-2,training_mean,84,90,10,6.590361445783133
1h_exclude0_shift-2,1,False,-2,training_mean,84,91,4,6.590361445783133
1h_exclude0_shift-2,1,False,-2,training_mean,84,92,5,6.590361445783133
1h_exclude0_shift-2,1,False,-2,training_mean,84,93,8,6.590361445783133
1h_exclude0_shift-2,1,False,-2,training_mean,84,94,3,6.590361445783133
1h_exclude0_shift-2,1,False,-2,training_mean,84,95,3,6.590361445783133
1h_exclude0_shift-2,1,False,-2,volume_baseline,96,96,1,6.438678217898621
1h_exclude0_shift-2,1,False,-2,volume_baseline,96,97,0,4.6303630563592115
1h_exclude0_shift-2,1,False,-2,volume_baseline,96,98,1,2.595905682888059
1h_exclude0_shift-2,1,False,-2,volume_baseline,96,99,4,3.8931872465381123
1h_exclude0_shift-2,1,False,-2,volume_baseline,96,100,2,7.762531935596926
1h_exclude0_shift-2,1,False,-2,volume_baseline,96,101,2,5.8039601087490365
1h_exclude0_shift-2,1,False,-2,volume_baseline,96,102,0,5.7342654607207555
1h_exclude0_shift-2,1,False,-2,volume_baseline,96,103,0,2.37065903781108
1h_exclude0_shift-2,1,False,-2,volume_baseline,96,104,0,2.4367468275099955
1h_exclude0_shift-2,1,False,-2,volume_baseline,96,105,0,1.7770129122665104
1h_exclude0_shift-2,1,False,-2,volume_baseline,96,106,0,1.7692556566286581
1h_exclude0_shift-2,1,False,-2,volume_baseline,96,107,0,1.4829650209821468
1h_exclude0_shift-2,1,False,-2,plus_composition,96,96,1,7.447024170074668
1h_exclude0_shift-2,1,False,-2,plus_composition,96,97,0,6.016273025550401
1h_exclude0_shift-2,1,False,-2,plus_composition,96,98,1,5.2495435278418165
1h_exclude0_shift-2,1,False,-2,plus_composition,96,99,4,5.056633571995157
1h_exclude0_shift-2,1,False,-2,plus_composition,96,100,2,24.349653383452953
1h_exclude0_shift-2,1,False,-2,plus_composition,96,101,2,33.90240126139991
1h_exclude0_shift-2,1,False,-2,plus_composition,96,102,0,28.837299171320055
1h_exclude0_shift-2,1,False,-2,plus_composition,96,103,0,11.096773188647692
1h_exclude0_shift-2,1,False,-2,plus_composition,96,104,0,11.751466428247591
1h_exclude0_shift-2,1,False,-2,plus_composition,96,105,0,6.112610404534478
1h_exclude0_shift-2,1,False,-2,plus_composition,96,106,0,9.53158176740704
1h_exclude0_shift-2,1,False,-2,plus_composition,96,107,0,4.0963903519937475
1h_exclude0_shift-2,1,False,-2,persistence,96,96,1,3.0
1h_exclude0_shift-2,1,False,-2,persistence,96,97,0,1.0
1h_exclude0_shift-2,1,False,-2,persistence,96,98,1,0.0
1h_exclude0_shift-2,1,False,-2,persistence,96,99,4,1.0
1h_exclude0_shift-2,1,False,-2,persistence,96,100,2,4.0
1h_exclude0_shift-2,1,False,-2,persistence,96,101,2,2.0
1h_exclude0_shift-2,1,False,-2,persistence,96,102,0,2.0
1h_exclude0_shift-2,1,False,-2,persistence,96,103,0,0.0
1h_exclude0_shift-2,1,False,-2,persistence,96,104,0,0.0
1h_exclude0_shift-2,1,False,-2,persistence,96,105,0,0.0
1h_exclude0_shift-2,1,False,-2,persistence,96,106,0,0.0
1h_exclude0_shift-2,1,False,-2,persistence,96,107,0,0.0
1h_exclude0_shift-2,1,False,-2,training_mean,96,96,1,7.052631578947368
1h_exclude0_shift-2,1,False,-2,training_mean,96,97,0,7.052631578947368
1h_exclude0_shift-2,1,False,-2,training_mean,96,98,1,7.052631578947368
1h_exclude0_shift-2,1,False,-2,training_mean,96,99,4,7.052631578947368
1h_exclude0_shift-2,1,False,-2,training_mean,96,100,2,7.052631578947368
1h_exclude0_shift-2,1,False,-2,training_mean,96,101,2,7.052631578947368
1h_exclude0_shift-2,1,False,-2,training_mean,96,102,0,7.052631578947368
1h_exclude0_shift-2,1,False,-2,training_mean,96,103,0,7.052631578947368
1h_exclude0_shift-2,1,False,-2,training_mean,96,104,0,7.052631578947368
1h_exclude0_shift-2,1,False,-2,training_mean,96,105,0,7.052631578947368
1h_exclude0_shift-2,1,False,-2,training_mean,96,106,0,7.052631578947368
1h_exclude0_shift-2,1,False,-2,training_mean,96,107,0,7.052631578947368
1h_exclude0_shift-2,1,False,-2,volume_baseline,108,108,1,0.5763240500653839
1h_exclude0_shift-2,1,False,-2,volume_baseline,108,109,0,0.9137755041421869
1h_exclude0_shift-2,1,False,-2,volume_baseline,108,110,0,0.445755021392483
1h_exclude0_shift-2,1,False,-2,volume_baseline,108,111,1,0.3963070634020602
1h_exclude0_shift-2,1,False,-2,volume_baseline,108,112,0,0.7534000886463481
1h_exclude0_shift-2,1,False,-2,volume_baseline,108,113,0,0.3843265983261909
1h_exclude0_shift-2,1,False,-2,volume_baseline,108,114,0,0.39568828479399143
1h_exclude0_shift-2,1,False,-2,volume_baseline,108,115,0,0.41852054093782687
1h_exclude0_shift-2,1,False,-2,volume_baseline,108,116,0,0.38979057514651366
1h_exclude0_shift-2,1,False,-2,volume_baseline,108,117,0,0.12204163852875398
1h_exclude0_shift-2,1,False,-2,volume_baseline,108,118,0,0.06164474879882817
1h_exclude0_shift-2,1,False,-2,volume_baseline,108,119,1,0.6620752921430796
1h_exclude0_shift-2,1,False,-2,plus_composition,108,108,1,0.48876770157775373
1h_exclude0_shift-2,1,False,-2,plus_composition,108,109,0,0.6988985616814409
1h_exclude0_shift-2,1,False,-2,plus_composition,108,110,0,0.34240407415955226
1h_exclude0_shift-2,1,False,-2,plus_composition,108,111,1,0.35735120192042746
1h_exclude0_shift-2,1,False,-2,plus_composition,108,112,0,0.48199332899332653
1h_exclude0_shift-2,1,False,-2,plus_composition,108,113,0,0.2296739659836176
1h_exclude0_shift-2,1,False,-2,plus_composition,108,114,0,0.29471149285481196
1h_exclude0_shift-2,1,False,-2,plus_composition,108,115,0,0.22561713739665515
1h_exclude0_shift-2,1,False,-2,plus_composition,108,116,0,0.2746131649122973
1h_exclude0_shift-2,1,False,-2,plus_composition,108,117,0,0.030867061077439736
1h_exclude0_shift-2,1,False,-2,plus_composition,108,118,0,0.015099263463659342
1h_exclude0_shift-2,1,False,-2,plus_composition,108,119,1,0.4279349825637489
1h_exclude0_shift-2,1,False,-2,persistence,108,108,1,0.0
1h_exclude0_shift-2,1,False,-2,persistence,108,109,0,1.0
1h_exclude0_shift-2,1,False,-2,persistence,108,110,0,0.0
1h_exclude0_shift-2,1,False,-2,persistence,108,111,1,0.0
1h_exclude0_shift-2,1,False,-2,persistence,108,112,0,1.0
1h_exclude0_shift-2,1,False,-2,persistence,108,113,0,0.0
1h_exclude0_shift-2,1,False,-2,persistence,108,114,0,0.0
1h_exclude0_shift-2,1,False,-2,persistence,108,115,0,0.0
1h_exclude0_shift-2,1,False,-2,persistence,108,116,0,0.0
1h_exclude0_shift-2,1,False,-2,persistence,108,117,0,0.0
1h_exclude0_shift-2,1,False,-2,persistence,108,118,0,0.0
1h_exclude0_shift-2,1,False,-2,persistence,108,119,1,0.0
1h_exclude0_shift-2,1,False,-2,training_mean,108,108,1,6.355140186915888
1h_exclude0_shift-2,1,False,-2,training_mean,108,109,0,6.355140186915888
1h_exclude0_shift-2,1,False,-2,training_mean,108,110,0,6.355140186915888
1h_exclude0_shift-2,1,False,-2,training_mean,108,111,1,6.355140186915888
1h_exclude0_shift-2,1,False,-2,training_mean,108,112,0,6.355140186915888
1h_exclude0_shift-2,1,False,-2,training_mean,108,113,0,6.355140186915888
1h_exclude0_shift-2,1,False,-2,training_mean,108,114,0,6.355140186915888
1h_exclude0_shift-2,1,False,-2,training_mean,108,115,0,6.355140186915888
1h_exclude0_shift-2,1,False,-2,training_mean,108,116,0,6.355140186915888
1h_exclude0_shift-2,1,False,-2,training_mean,108,117,0,6.355140186915888
1h_exclude0_shift-2,1,False,-2,training_mean,108,118,0,6.355140186915888
1h_exclude0_shift-2,1,False,-2,training_mean,108,119,1,6.355140186915888
1h_exclude0_shift-2,1,False,-2,volume_baseline,120,120,1,1.0579292522223325
1h_exclude0_shift-2,1,False,-2,volume_baseline,120,121,0,1.1434753406960543
1h_exclude0_shift-2,1,False,-2,volume_baseline,120,122,0,0.6821458489143568
1h_exclude0_shift-2,1,False,-2,volume_baseline,120,123,0,0.7070182230974318
1h_exclude0_shift-2,1,False,-2,volume_baseline,120,124,0,0.8428269419886322
1h_exclude0_shift-2,1,False,-2,volume_baseline,120,125,0,0.8920001054909203
1h_exclude0_shift-2,1,False,-2,volume_baseline,120,126,0,0.8653499753181719
1h_exclude0_shift-2,1,False,-2,volume_baseline,120,127,0,0.7104000010898669
1h_exclude0_shift-2,1,False,-2,volume_baseline,120,128,0,0.714832715251468
1h_exclude0_shift-2,1,False,-2,volume_baseline,120,129,0,0.5991645485295132
1h_exclude0_shift-2,1,False,-2,volume_baseline,120,130,0,0.5767780082076385
1h_exclude0_shift-2,1,False,-2,volume_baseline,120,131,0,0.46777675678233516
1h_exclude0_shift-2,1,False,-2,plus_composition,120,120,1,0.7658101490597591
1h_exclude0_shift-2,1,False,-2,plus_composition,120,121,0,0.6952219564533679
1h_exclude0_shift-2,1,False,-2,plus_composition,120,122,0,0.3792792390920668
1h_exclude0_shift-2,1,False,-2,plus_composition,120,123,0,0.41201023622626715
1h_exclude0_shift-2,1,False,-2,plus_composition,120,124,0,0.6323980145617784
1h_exclude0_shift-2,1,False,-2,plus_composition,120,125,0,0.5238523529243062
1h_exclude0_shift-2,1,False,-2,plus_composition,120,126,0,0.5120017713249008
1h_exclude0_shift-2,1,False,-2,plus_composition,120,127,0,0.4239622932417427
1h_exclude0_shift-2,1,False,-2,plus_composition,120,128,0,0.3400987979484429
1h_exclude0_shift-2,1,False,-2,plus_composition,120,129,0,0.26181423335385684
1h_exclude0_shift-2,1,False,-2,plus_composition,120,130,0,0.24258406239465025
1h_exclude0_shift-2,1,False,-2,plus_composition,120,131,0,0.15406179000379613
1h_exclude0_shift-2,1,False,-2,persistence,120,120,1,1.0
1h_exclude0_shift-2,1,False,-2,persistence,120,121,0,1.0
1h_exclude0_shift-2,1,False,-2,persistence,120,122,0,0.0
1h_exclude0_shift-2,1,False,-2,persistence,120,123,0,0.0
1h_exclude0_shift-2,1,False,-2,persistence,120,124,0,0.0
1h_exclude0_shift-2,1,False,-2,persistence,120,125,0,0.0
1h_exclude0_shift-2,1,False,-2,persistence,120,126,0,0.0
1h_exclude0_shift-2,1,False,-2,persistence,120,127,0,0.0
1h_exclude0_shift-2,1,False,-2,persistence,120,128,0,0.0
1h_exclude0_shift-2,1,False,-2,persistence,120,129,0,0.0
1h_exclude0_shift-2,1,False,-2,persistence,120,130,0,0.0
1h_exclude0_shift-2,1,False,-2,persistence,120,131,0,0.0
1h_exclude0_shift-2,1,False,-2,training_mean,120,120,1,5.739495798319328
1h_exclude0_shift-2,1,False,-2,training_mean,120,121,0,5.739495798319328
1h_exclude0_shift-2,1,False,-2,training_mean,120,122,0,5.739495798319328
1h_exclude0_shift-2,1,False,-2,training_mean,120,123,0,5.739495798319328
1h_exclude0_shift-2,1,False,-2,training_mean,120,124,0,5.739495798319328
1h_exclude0_shift-2,1,False,-2,training_mean,120,125,0,5.739495798319328
1h_exclude0_shift-2,1,False,-2,training_mean,120,126,0,5.739495798319328
1h_exclude0_shift-2,1,False,-2,training_mean,120,127,0,5.739495798319328
1h_exclude0_shift-2,1,False,-2,training_mean,120,128,0,5.739495798319328
1h_exclude0_shift-2,1,False,-2,training_mean,120,129,0,5.739495798319328
1h_exclude0_shift-2,1,False,-2,training_mean,120,130,0,5.739495798319328
1h_exclude0_shift-2,1,False,-2,training_mean,120,131,0,5.739495798319328
1h_exclude0_shift-2,1,False,-2,volume_baseline,132,132,0,0.2845700536161146
1h_exclude0_shift-2,1,False,-2,volume_baseline,132,133,0,0.28840943548969955
1h_exclude0_shift-2,1,False,-2,volume_baseline,132,134,0,0.2523376343555324
1h_exclude0_shift-2,1,False,-2,volume_baseline,132,135,0,0.10121319843426592
1h_exclude0_shift-2,1,False,-2,volume_baseline,132,136,0,0.03516023720754222
1h_exclude0_shift-2,1,False,-2,volume_baseline,132,137,0,0.016152227927828253
1h_exclude0_shift-2,1,False,-2,volume_baseline,132,138,0,0.016406111868494076
1h_exclude0_shift-2,1,False,-2,volume_baseline,132,139,0,0.017083623999400315
1h_exclude0_shift-2,1,False,-2,volume_baseline,132,140,0,0.01817413491607124
1h_exclude0_shift-2,1,False,-2,volume_baseline,132,141,0,0.019655833545044826
1h_exclude0_shift-2,1,False,-2,volume_baseline,132,142,0,0.02148174277355615
1h_exclude0_shift-2,1,False,-2,volume_baseline,132,143,0,0.023564315265105974
1h_exclude0_shift-2,1,False,-2,plus_composition,132,132,0,0.08995603330170154
1h_exclude0_shift-2,1,False,-2,plus_composition,132,133,0,0.08507836077843708
1h_exclude0_shift-2,1,False,-2,plus_composition,132,134,0,0.08351621815625304
1h_exclude0_shift-2,1,False,-2,plus_composition,132,135,0,0.02967838614340169
1h_exclude0_shift-2,1,False,-2,plus_composition,132,136,0,0.005909464195797518
1h_exclude0_shift-2,1,False,-2,plus_composition,132,137,0,0.002465519915196102
1h_exclude0_shift-2,1,False,-2,plus_composition,132,138,0,0.002489727754524738
1h_exclude0_shift-2,1,False,-2,plus_composition,132,139,0,0.0026437099941964285
1h_exclude0_shift-2,1,False,-2,plus_composition,132,140,0,0.0029359954919438167
1h_exclude0_shift-2,1,False,-2,plus_composition,132,141,0,0.003381505394755376
1h_exclude0_shift-2,1,False,-2,plus_composition,132,142,0,0.003995156387155833
1h_exclude0_shift-2,1,False,-2,plus_composition,132,143,0,0.004781102114352372
1h_exclude0_shift-2,1,False,-2,persistence,132,132,0,0.0
1h_exclude0_shift-2,1,False,-2,persistence,132,133,0,0.0
1h_exclude0_shift-2,1,False,-2,persistence,132,134,0,0.0
1h_exclude0_shift-2,1,False,-2,persistence,132,135,0,0.0
1h_exclude0_shift-2,1,False,-2,persistence,132,136,0,0.0
1h_exclude0_shift-2,1,False,-2,persistence,132,137,0,0.0
1h_exclude0_shift-2,1,False,-2,persistence,132,138,0,0.0
1h_exclude0_shift-2,1,False,-2,persistence,132,139,0,0.0
1h_exclude0_shift-2,1,False,-2,persistence,132,140,0,0.0
1h_exclude0_shift-2,1,False,-2,persistence,132,141,0,0.0
1h_exclude0_shift-2,1,False,-2,persistence,132,142,0,0.0
1h_exclude0_shift-2,1,False,-2,persistence,132,143,0,0.0
1h_exclude0_shift-2,1,False,-2,training_mean,132,132,0,5.221374045801527
1h_exclude0_shift-2,1,False,-2,training_mean,132,133,0,5.221374045801527
1h_exclude0_shift-2,1,False,-2,training_mean,132,134,0,5.221374045801527
1h_exclude0_shift-2,1,False,-2,training_mean,132,135,0,5.221374045801527
1h_exclude0_shift-2,1,False,-2,training_mean,132,136,0,5.221374045801527
1h_exclude0_shift-2,1,False,-2,training_mean,132,137,0,5.221374045801527
1h_exclude0_shift-2,1,False,-2,training_mean,132,138,0,5.221374045801527
1h_exclude0_shift-2,1,False,-2,training_mean,132,139,0,5.221374045801527
1h_exclude0_shift-2,1,False,-2,training_mean,132,140,0,5.221374045801527
1h_exclude0_shift-2,1,False,-2,training_mean,132,141,0,5.221374045801527
1h_exclude0_shift-2,1,False,-2,training_mean,132,142,0,5.221374045801527
1h_exclude0_shift-2,1,False,-2,training_mean,132,143,0,5.221374045801527
1h_exclude0_shift-1,1,False,-1,volume_baseline,48,48,0,4.5194858545151835
1h_exclude0_shift-1,1,False,-1,volume_baseline,48,49,0,4.3183161068639
1h_exclude0_shift-1,1,False,-1,volume_baseline,48,50,0,7.079411345532885
1h_exclude0_shift-1,1,False,-1,volume_baseline,48,51,0,11.873723774210575
1h_exclude0_shift-1,1,False,-1,volume_baseline,48,52,1,19.704243429972816
1h_exclude0_shift-1,1,False,-1,volume_baseline,48,53,2,43.82520336889421
1h_exclude0_shift-1,1,False,-1,volume_baseline,48,54,0,80.45097132933776
1h_exclude0_shift-1,1,False,-1,volume_baseline,48,55,1,69.54475339241695
1h_exclude0_shift-1,1,False,-1,volume_baseline,48,56,1,122.87227059109671
1h_exclude0_shift-1,1,False,-1,volume_baseline,48,57,4,145.72827921651378
1h_exclude0_shift-1,1,False,-1,volume_baseline,48,58,3,232.1784753598973
1h_exclude0_shift-1,1,False,-1,volume_baseline,48,59,1,202.34733640723456
1h_exclude0_shift-1,1,False,-1,plus_composition,48,48,0,1.8322319681796633
1h_exclude0_shift-1,1,False,-1,plus_composition,48,49,0,1.4268821910834164
1h_exclude0_shift-1,1,False,-1,plus_composition,48,50,0,1.887081377411924
1h_exclude0_shift-1,1,False,-1,plus_composition,48,51,0,4.467730713372717
1h_exclude0_shift-1,1,False,-1,plus_composition,48,52,1,14.98074132211736
1h_exclude0_shift-1,1,False,-1,plus_composition,48,53,2,29.14275459374713
1h_exclude0_shift-1,1,False,-1,plus_composition,48,54,0,85.59185405736899
1h_exclude0_shift-1,1,False,-1,plus_composition,48,55,1,93.61630095469506
1h_exclude0_shift-1,1,False,-1,plus_composition,48,56,1,193.84679831519816
1h_exclude0_shift-1,1,False,-1,plus_composition,48,57,4,359.15480666368313
1h_exclude0_shift-1,1,False,-1,plus_composition,48,58,3,394.71803664538044
1h_exclude0_shift-1,1,False,-1,plus_composition,48,59,1,413.5630522899521
1h_exclude0_shift-1,1,False,-1,persistence,48,48,0,2.0
1h_exclude0_shift-1,1,False,-1,persistence,48,49,0,0.0
1h_exclude0_shift-1,1,False,-1,persistence,48,50,0,0.0
1h_exclude0_shift-1,1,False,-1,persistence,48,51,0,0.0
1h_exclude0_shift-1,1,False,-1,persistence,48,52,1,0.0
1h_exclude0_shift-1,1,False,-1,persistence,48,53,2,1.0
1h_exclude0_shift-1,1,False,-1,persistence,48,54,0,2.0
1h_exclude0_shift-1,1,False,-1,persistence,48,55,1,0.0
1h_exclude0_shift-1,1,False,-1,persistence,48,56,1,1.0
1h_exclude0_shift-1,1,False,-1,persistence,48,57,4,1.0
1h_exclude0_shift-1,1,False,-1,persistence,48,58,3,4.0
1h_exclude0_shift-1,1,False,-1,persistence,48,59,1,3.0
1h_exclude0_shift-1,1,False,-1,training_mean,48,48,0,2.127659574468085
1h_exclude0_shift-1,1,False,-1,training_mean,48,49,0,2.127659574468085
1h_exclude0_shift-1,1,False,-1,training_mean,48,50,0,2.127659574468085
1h_exclude0_shift-1,1,False,-1,training_mean,48,51,0,2.127659574468085
1h_exclude0_shift-1,1,False,-1,training_mean,48,52,1,2.127659574468085
1h_exclude0_shift-1,1,False,-1,training_mean,48,53,2,2.127659574468085
1h_exclude0_shift-1,1,False,-1,training_mean,48,54,0,2.127659574468085
1h_exclude0_shift-1,1,False,-1,training_mean,48,55,1,2.127659574468085
1h_exclude0_shift-1,1,False,-1,training_mean,48,56,1,2.127659574468085
1h_exclude0_shift-1,1,False,-1,training_mean,48,57,4,2.127659574468085
1h_exclude0_shift-1,1,False,-1,training_mean,48,58,3,2.127659574468085
1h_exclude0_shift-1,1,False,-1,training_mean,48,59,1,2.127659574468085
1h_exclude0_shift-1,1,False,-1,volume_baseline,60,60,0,1.363258424313914
1h_exclude0_shift-1,1,False,-1,volume_baseline,60,61,1,0.4961653381889332
1h_exclude0_shift-1,1,False,-1,volume_baseline,60,62,0,0.7352058165651383
1h_exclude0_shift-1,1,False,-1,volume_baseline,60,63,0,0.3431914815468652
1h_exclude0_shift-1,1,False,-1,volume_baseline,60,64,0,0.2518737914465942
1h_exclude0_shift-1,1,False,-1,volume_baseline,60,65,2,0.19312291818710556
1h_exclude0_shift-1,1,False,-1,volume_baseline,60,66,0,0.3687709174245666
1h_exclude0_shift-1,1,False,-1,volume_baseline,60,67,0,0.13533297117226953
1h_exclude0_shift-1,1,False,-1,volume_baseline,60,68,0,0.07582787628749268
1h_exclude0_shift-1,1,False,-1,volume_baseline,60,69,0,0.004805621992722981
1h_exclude0_shift-1,1,False,-1,volume_baseline,60,70,0,0.009444760858170448
1h_exclude0_shift-1,1,False,-1,volume_baseline,60,71,1,0.13664825659538113
1h_exclude0_shift-1,1,False,-1,plus_composition,60,60,0,1.5622937487399684
1h_exclude0_shift-1,1,False,-1,plus_composition,60,61,1,0.9725465852905631
1h_exclude0_shift-1,1,False,-1,plus_composition,60,62,0,1.454775936071861
1h_exclude0_shift-1,1,False,-1,plus_composition,60,63,0,0.9401180760720045
1h_exclude0_shift-1,1,False,-1,plus_composition,60,64,0,0.37112662186331147
1h_exclude0_shift-1,1,False,-1,plus_composition,60,65,2,0.41189274769481354
1h_exclude0_shift-1,1,False,-1,plus_composition,60,66,0,0.06878190625525968
1h_exclude0_shift-1,1,False,-1,plus_composition,60,67,0,0.1772431435052423
1h_exclude0_shift-1,1,False,-1,plus_composition,60,68,0,0.04010435341758515
1h_exclude0_shift-1,1,False,-1,plus_composition,60,69,0,0.010894480978737422
1h_exclude0_shift-1,1,False,-1,plus_composition,60,70,0,0.02058631385003816
1h_exclude0_shift-1,1,False,-1,plus_composition,60,71,1,0.12504528516279553
1h_exclude0_shift-1,1,False,-1,persistence,60,60,0,1.0
1h_exclude0_shift-1,1,False,-1,persistence,60,61,1,0.0
1h_exclude0_shift-1,1,False,-1,persistence,60,62,0,1.0
1h_exclude0_shift-1,1,False,-1,persistence,60,63,0,0.0
1h_exclude0_shift-1,1,False,-1,persistence,60,64,0,0.0
1h_exclude0_shift-1,1,False,-1,persistence,60,65,2,0.0
1h_exclude0_shift-1,1,False,-1,persistence,60,66,0,2.0
1h_exclude0_shift-1,1,False,-1,persistence,60,67,0,0.0
1h_exclude0_shift-1,1,False,-1,persistence,60,68,0,0.0
1h_exclude0_shift-1,1,False,-1,persistence,60,69,0,0.0
1h_exclude0_shift-1,1,False,-1,persistence,60,70,0,0.0
1h_exclude0_shift-1,1,False,-1,persistence,60,71,1,0.0
1h_exclude0_shift-1,1,False,-1,training_mean,60,60,0,1.9152542372881356
1h_exclude0_shift-1,1,False,-1,training_mean,60,61,1,1.9152542372881356
1h_exclude0_shift-1,1,False,-1,training_mean,60,62,0,1.9152542372881356
1h_exclude0_shift-1,1,False,-1,training_mean,60,63,0,1.9152542372881356
1h_exclude0_shift-1,1,False,-1,training_mean,60,64,0,1.9152542372881356
1h_exclude0_shift-1,1,False,-1,training_mean,60,65,2,1.9152542372881356
1h_exclude0_shift-1,1,False,-1,training_mean,60,66,0,1.9152542372881356
1h_exclude0_shift-1,1,False,-1,training_mean,60,67,0,1.9152542372881356
1h_exclude0_shift-1,1,False,-1,training_mean,60,68,0,1.9152542372881356
1h_exclude0_shift-1,1,False,-1,training_mean,60,69,0,1.9152542372881356
1h_exclude0_shift-1,1,False,-1,training_mean,60,70,0,1.9152542372881356
1h_exclude0_shift-1,1,False,-1,training_mean,60,71,1,1.9152542372881356
1h_exclude0_shift-1,1,False,-1,volume_baseline,72,72,0,0.3010088480879796
1h_exclude0_shift-1,1,False,-1,volume_baseline,72,73,2,0.1739677750535607
1h_exclude0_shift-1,1,False,-1,volume_baseline,72,74,2,0.6625038143457558
1h_exclude0_shift-1,1,False,-1,volume_baseline,72,75,1,0.8929901255858359
1h_exclude0_shift-1,1,False,-1,volume_baseline,72,76,8,0.8144521471055381
1h_exclude0_shift-1,1,False,-1,volume_baseline,72,77,38,3.4361280029373242
1h_exclude0_shift-1,1,False,-1,volume_baseline,72,78,74,13.077731373614492
1h_exclude0_shift-1,1,False,-1,volume_baseline,72,79,100,26.296482132202453
1h_exclude0_shift-1,1,False,-1,volume_baseline,72,80,46,33.80791600643805
1h_exclude0_shift-1,1,False,-1,volume_baseline,72,81,37,17.022426399744297
1h_exclude0_shift-1,1,False,-1,volume_baseline,72,82,64,14.504988852774456
1h_exclude0_shift-1,1,False,-1,volume_baseline,72,83,32,20.927481372190638
1h_exclude0_shift-1,1,False,-1,plus_composition,72,72,0,0.3803928639172547
1h_exclude0_shift-1,1,False,-1,plus_composition,72,73,2,0.10806862267429032
1h_exclude0_shift-1,1,False,-1,plus_composition,72,74,2,0.6102037680388477
1h_exclude0_shift-1,1,False,-1,plus_composition,72,75,1,0.9719920953674385
1h_exclude0_shift-1,1,False,-1,plus_composition,72,76,8,0.7422321319372085
1h_exclude0_shift-1,1,False,-1,plus_composition,72,77,38,2.1565943948332973
1h_exclude0_shift-1,1,False,-1,plus_composition,72,78,74,19.50975714977631
1h_exclude0_shift-1,1,False,-1,plus_composition,72,79,100,20.358914498879223
1h_exclude0_shift-1,1,False,-1,plus_composition,72,80,46,9.109562632155576
1h_exclude0_shift-1,1,False,-1,plus_composition,72,81,37,0.5791688924260537
1h_exclude0_shift-1,1,False,-1,plus_composition,72,82,64,0.697533006757858
1h_exclude0_shift-1,1,False,-1,plus_composition,72,83,32,4.844463033855465
1h_exclude0_shift-1,1,False,-1,persistence,72,72,0,1.0
1h_exclude0_shift-1,1,False,-1,persistence,72,73,2,0.0
1h_exclude0_shift-1,1,False,-1,persistence,72,74,2,2.0
1h_exclude0_shift-1,1,False,-1,persistence,72,75,1,2.0
1h_exclude0_shift-1,1,False,-1,persistence,72,76,8,1.0
1h_exclude0_shift-1,1,False,-1,persistence,72,77,38,8.0
1h_exclude0_shift-1,1,False,-1,persistence,72,78,74,38.0
1h_exclude0_shift-1,1,False,-1,persistence,72,79,100,74.0
1h_exclude0_shift-1,1,False,-1,persistence,72,80,46,100.0
1h_exclude0_shift-1,1,False,-1,persistence,72,81,37,46.0
1h_exclude0_shift-1,1,False,-1,persistence,72,82,64,37.0
1h_exclude0_shift-1,1,False,-1,persistence,72,83,32,64.0
1h_exclude0_shift-1,1,False,-1,training_mean,72,72,0,1.647887323943662
1h_exclude0_shift-1,1,False,-1,training_mean,72,73,2,1.647887323943662
1h_exclude0_shift-1,1,False,-1,training_mean,72,74,2,1.647887323943662
1h_exclude0_shift-1,1,False,-1,training_mean,72,75,1,1.647887323943662
1h_exclude0_shift-1,1,False,-1,training_mean,72,76,8,1.647887323943662
1h_exclude0_shift-1,1,False,-1,training_mean,72,77,38,1.647887323943662
1h_exclude0_shift-1,1,False,-1,training_mean,72,78,74,1.647887323943662
1h_exclude0_shift-1,1,False,-1,training_mean,72,79,100,1.647887323943662
1h_exclude0_shift-1,1,False,-1,training_mean,72,80,46,1.647887323943662
1h_exclude0_shift-1,1,False,-1,training_mean,72,81,37,1.647887323943662
1h_exclude0_shift-1,1,False,-1,training_mean,72,82,64,1.647887323943662
1h_exclude0_shift-1,1,False,-1,training_mean,72,83,32,1.647887323943662
1h_exclude0_shift-1,1,False,-1,volume_baseline,84,84,26,20.839126219929312
1h_exclude0_shift-1,1,False,-1,volume_baseline,84,85,19,13.8633654137877
1h_exclude0_shift-1,1,False,-1,volume_baseline,84,86,15,8.61804495326313
1h_exclude0_shift-1,1,False,-1,volume_baseline,84,87,9,5.940118857445686
1h_exclude0_shift-1,1,False,-1,volume_baseline,84,88,20,3.5198605334483988
1h_exclude0_shift-1,1,False,-1,volume_baseline,84,89,15,5.5977140445274465
1h_exclude0_shift-1,1,False,-1,volume_baseline,84,90,12,4.87369530696458
1h_exclude0_shift-1,1,False,-1,volume_baseline,84,91,10,3.9972763113910528
1h_exclude0_shift-1,1,False,-1,volume_baseline,84,92,4,3.696452059700264
1h_exclude0_shift-1,1,False,-1,volume_baseline,84,93,5,2.672689055299748
1h_exclude0_shift-1,1,False,-1,volume_baseline,84,94,8,3.3964932399839296
1h_exclude0_shift-1,1,False,-1,volume_baseline,84,95,3,5.311561234313603
1h_exclude0_shift-1,1,False,-1,plus_composition,84,84,26,16.605006482121727
1h_exclude0_shift-1,1,False,-1,plus_composition,84,85,19,3.385328190321874
1h_exclude0_shift-1,1,False,-1,plus_composition,84,86,15,0.7543747027676697
1h_exclude0_shift-1,1,False,-1,plus_composition,84,87,9,0.19560106891840934
1h_exclude0_shift-1,1,False,-1,plus_composition,84,88,20,0.06430423892378757
1h_exclude0_shift-1,1,False,-1,plus_composition,84,89,15,0.25395750840215003
1h_exclude0_shift-1,1,False,-1,plus_composition,84,90,12,0.2866163382815541
1h_exclude0_shift-1,1,False,-1,plus_composition,84,91,10,0.25982931649595975
1h_exclude0_shift-1,1,False,-1,plus_composition,84,92,4,0.4575479603667377
1h_exclude0_shift-1,1,False,-1,plus_composition,84,93,5,0.1755712294308567
1h_exclude0_shift-1,1,False,-1,plus_composition,84,94,8,0.26666135487381637
1h_exclude0_shift-1,1,False,-1,plus_composition,84,95,3,0.9561341859740553
1h_exclude0_shift-1,1,False,-1,persistence,84,84,26,32.0
1h_exclude0_shift-1,1,False,-1,persistence,84,85,19,26.0
1h_exclude0_shift-1,1,False,-1,persistence,84,86,15,19.0
1h_exclude0_shift-1,1,False,-1,persistence,84,87,9,15.0
1h_exclude0_shift-1,1,False,-1,persistence,84,88,20,9.0
1h_exclude0_shift-1,1,False,-1,persistence,84,89,15,20.0
1h_exclude0_shift-1,1,False,-1,persistence,84,90,12,15.0
1h_exclude0_shift-1,1,False,-1,persistence,84,91,10,12.0
1h_exclude0_shift-1,1,False,-1,persistence,84,92,4,10.0
1h_exclude0_shift-1,1,False,-1,persistence,84,93,5,4.0
1h_exclude0_shift-1,1,False,-1,persistence,84,94,8,5.0
1h_exclude0_shift-1,1,False,-1,persistence,84,95,3,8.0
1h_exclude0_shift-1,1,False,-1,training_mean,84,84,26,6.27710843373494
1h_exclude0_shift-1,1,False,-1,training_mean,84,85,19,6.27710843373494
1h_exclude0_shift-1,1,False,-1,training_mean,84,86,15,6.27710843373494
1h_exclude0_shift-1,1,False,-1,training_mean,84,87,9,6.27710843373494
1h_exclude0_shift-1,1,False,-1,training_mean,84,88,20,6.27710843373494
1h_exclude0_shift-1,1,False,-1,training_mean,84,89,15,6.27710843373494
1h_exclude0_shift-1,1,False,-1,training_mean,84,90,12,6.27710843373494
1h_exclude0_shift-1,1,False,-1,training_mean,84,91,10,6.27710843373494
1h_exclude0_shift-1,1,False,-1,training_mean,84,92,4,6.27710843373494
1h_exclude0_shift-1,1,False,-1,training_mean,84,93,5,6.27710843373494
1h_exclude0_shift-1,1,False,-1,training_mean,84,94,8,6.27710843373494
1h_exclude0_shift-1,1,False,-1,training_mean,84,95,3,6.27710843373494
1h_exclude0_shift-1,1,False,-1,volume_baseline,96,96,3,5.720348803487768
1h_exclude0_shift-1,1,False,-1,volume_baseline,96,97,1,7.14645217474256
1h_exclude0_shift-1,1,False,-1,volume_baseline,96,98,0,3.700206160283289
1h_exclude0_shift-1,1,False,-1,volume_baseline,96,99,1,1.809973940848386
1h_exclude0_shift-1,1,False,-1,volume_baseline,96,100,4,2.9470110335127186
1h_exclude0_shift-1,1,False,-1,volume_baseline,96,101,2,6.617518773249908
1h_exclude0_shift-1,1,False,-1,volume_baseline,96,102,2,4.696969984942014
1h_exclude0_shift-1,1,False,-1,volume_baseline,96,103,0,4.489380578564123
1h_exclude0_shift-1,1,False,-1,volume_baseline,96,104,0,2.33863685884223
1h_exclude0_shift-1,1,False,-1,volume_baseline,96,105,0,1.5229763511491279
1h_exclude0_shift-1,1,False,-1,volume_baseline,96,106,0,1.6670767680364413
1h_exclude0_shift-1,1,False,-1,volume_baseline,96,107,0,1.371827911855881
1h_exclude0_shift-1,1,False,-1,plus_composition,96,96,3,5.906996957516231
1h_exclude0_shift-1,1,False,-1,plus_composition,96,97,1,7.867051944215027
1h_exclude0_shift-1,1,False,-1,plus_composition,96,98,0,4.887309726658732
1h_exclude0_shift-1,1,False,-1,plus_composition,96,99,1,1.6968371729700602
1h_exclude0_shift-1,1,False,-1,plus_composition,96,100,4,5.2696757335914075
1h_exclude0_shift-1,1,False,-1,plus_composition,96,101,2,18.14055248179362
1h_exclude0_shift-1,1,False,-1,plus_composition,96,102,2,11.47004986574698
1h_exclude0_shift-1,1,False,-1,plus_composition,96,103,0,11.173460788382211
1h_exclude0_shift-1,1,False,-1,plus_composition,96,104,0,5.564498752213633
1h_exclude0_shift-1,1,False,-1,plus_composition,96,105,0,2.5970146435863986
1h_exclude0_shift-1,1,False,-1,plus_composition,96,106,0,4.143619981884559
1h_exclude0_shift-1,1,False,-1,plus_composition,96,107,0,2.1972064563900093
1h_exclude0_shift-1,1,False,-1,persistence,96,96,3,3.0
1h_exclude0_shift-1,1,False,-1,persistence,96,97,1,3.0
1h_exclude0_shift-1,1,False,-1,persistence,96,98,0,1.0
1h_exclude0_shift-1,1,False,-1,persistence,96,99,1,0.0
1h_exclude0_shift-1,1,False,-1,persistence,96,100,4,1.0
1h_exclude0_shift-1,1,False,-1,persistence,96,101,2,4.0
1h_exclude0_shift-1,1,False,-1,persistence,96,102,2,2.0
1h_exclude0_shift-1,1,False,-1,persistence,96,103,0,2.0
1h_exclude0_shift-1,1,False,-1,persistence,96,104,0,0.0
1h_exclude0_shift-1,1,False,-1,persistence,96,105,0,0.0
1h_exclude0_shift-1,1,False,-1,persistence,96,106,0,0.0
1h_exclude0_shift-1,1,False,-1,persistence,96,107,0,0.0
1h_exclude0_shift-1,1,False,-1,training_mean,96,96,3,7.021052631578947
1h_exclude0_shift-1,1,False,-1,training_mean,96,97,1,7.021052631578947
1h_exclude0_shift-1,1,False,-1,training_mean,96,98,0,7.021052631578947
1h_exclude0_shift-1,1,False,-1,training_mean,96,99,1,7.021052631578947
1h_exclude0_shift-1,1,False,-1,training_mean,96,100,4,7.021052631578947
1h_exclude0_shift-1,1,False,-1,training_mean,96,101,2,7.021052631578947
1h_exclude0_shift-1,1,False,-1,training_mean,96,102,2,7.021052631578947
1h_exclude0_shift-1,1,False,-1,training_mean,96,103,0,7.021052631578947
1h_exclude0_shift-1,1,False,-1,training_mean,96,104,0,7.021052631578947
1h_exclude0_shift-1,1,False,-1,training_mean,96,105,0,7.021052631578947
1h_exclude0_shift-1,1,False,-1,training_mean,96,106,0,7.021052631578947
1h_exclude0_shift-1,1,False,-1,training_mean,96,107,0,7.021052631578947
1h_exclude0_shift-1,1,False,-1,volume_baseline,108,108,0,0.6061152667631039
1h_exclude0_shift-1,1,False,-1,volume_baseline,108,109,1,0.5042361868226544
1h_exclude0_shift-1,1,False,-1,volume_baseline,108,110,0,0.737784339667763
1h_exclude0_shift-1,1,False,-1,volume_baseline,108,111,0,0.3515140400570917
1h_exclude0_shift-1,1,False,-1,volume_baseline,108,112,1,0.3656920187964742
1h_exclude0_shift-1,1,False,-1,volume_baseline,108,113,0,0.5414924844020332
1h_exclude0_shift-1,1,False,-1,volume_baseline,108,114,0,0.30780522699325324
1h_exclude0_shift-1,1,False,-1,volume_baseline,108,115,0,0.3133030657398596
1h_exclude0_shift-1,1,False,-1,volume_baseline,108,116,0,0.26002428859156124
1h_exclude0_shift-1,1,False,-1,volume_baseline,108,117,0,0.03941479923699869
1h_exclude0_shift-1,1,False,-1,volume_baseline,108,118,0,0.012653930512269823
1h_exclude0_shift-1,1,False,-1,volume_baseline,108,119,0,0.4819584318562197
1h_exclude0_shift-1,1,False,-1,plus_composition,108,108,0,0.418700371011535
1h_exclude0_shift-1,1,False,-1,plus_composition,108,109,1,0.31541892887400585
1h_exclude0_shift-1,1,False,-1,plus_composition,108,110,0,0.5252848672018468
1h_exclude0_shift-1,1,False,-1,plus_composition,108,111,0,0.2718488906812023
1h_exclude0_shift-1,1,False,-1,plus_composition,108,112,1,0.16643117263274115
1h_exclude0_shift-1,1,False,-1,plus_composition,108,113,0,0.22243413539264104
1h_exclude0_shift-1,1,False,-1,plus_composition,108,114,0,0.17151510370110648
1h_exclude0_shift-1,1,False,-1,plus_composition,108,115,0,0.12546569587286843
1h_exclude0_shift-1,1,False,-1,plus_composition,108,116,0,0.1206523787486713
1h_exclude0_shift-1,1,False,-1,plus_composition,108,117,0,0.0052430419896844285
1h_exclude0_shift-1,1,False,-1,plus_composition,108,118,0,0.0012635629296550944
1h_exclude0_shift-1,1,False,-1,plus_composition,108,119,0,0.2150500426761274
1h_exclude0_shift-1,1,False,-1,persistence,108,108,0,0.0
1h_exclude0_shift-1,1,False,-1,persistence,108,109,1,0.0
1h_exclude0_shift-1,1,False,-1,persistence,108,110,0,1.0
1h_exclude0_shift-1,1,False,-1,persistence,108,111,0,0.0
1h_exclude0_shift-1,1,False,-1,persistence,108,112,1,0.0
1h_exclude0_shift-1,1,False,-1,persistence,108,113,0,1.0
1h_exclude0_shift-1,1,False,-1,persistence,108,114,0,0.0
1h_exclude0_shift-1,1,False,-1,persistence,108,115,0,0.0
1h_exclude0_shift-1,1,False,-1,persistence,108,116,0,0.0
1h_exclude0_shift-1,1,False,-1,persistence,108,117,0,0.0
1h_exclude0_shift-1,1,False,-1,persistence,108,118,0,0.0
1h_exclude0_shift-1,1,False,-1,persistence,108,119,0,0.0
1h_exclude0_shift-1,1,False,-1,training_mean,108,108,0,6.355140186915888
1h_exclude0_shift-1,1,False,-1,training_mean,108,109,1,6.355140186915888
1h_exclude0_shift-1,1,False,-1,training_mean,108,110,0,6.355140186915888
1h_exclude0_shift-1,1,False,-1,training_mean,108,111,0,6.355140186915888
1h_exclude0_shift-1,1,False,-1,training_mean,108,112,1,6.355140186915888
1h_exclude0_shift-1,1,False,-1,training_mean,108,113,0,6.355140186915888
1h_exclude0_shift-1,1,False,-1,training_mean,108,114,0,6.355140186915888
1h_exclude0_shift-1,1,False,-1,training_mean,108,115,0,6.355140186915888
1h_exclude0_shift-1,1,False,-1,training_mean,108,116,0,6.355140186915888
1h_exclude0_shift-1,1,False,-1,training_mean,108,117,0,6.355140186915888
1h_exclude0_shift-1,1,False,-1,training_mean,108,118,0,6.355140186915888
1h_exclude0_shift-1,1,False,-1,training_mean,108,119,0,6.355140186915888
1h_exclude0_shift-1,1,False,-1,volume_baseline,120,120,1,0.38504405799506386
1h_exclude0_shift-1,1,False,-1,volume_baseline,120,121,1,0.7309307218183546
1h_exclude0_shift-1,1,False,-1,volume_baseline,120,122,0,0.8233932308343558
1h_exclude0_shift-1,1,False,-1,volume_baseline,120,123,0,0.5067180745475363
1h_exclude0_shift-1,1,False,-1,volume_baseline,120,124,0,0.6858702220597345
1h_exclude0_shift-1,1,False,-1,volume_baseline,120,125,0,0.7861160717479349
1h_exclude0_shift-1,1,False,-1,volume_baseline,120,126,0,0.7991851988055062
1h_exclude0_shift-1,1,False,-1,volume_baseline,120,127,0,0.633939396839381
1h_exclude0_shift-1,1,False,-1,volume_baseline,120,128,0,0.6935988014557415
1h_exclude0_shift-1,1,False,-1,volume_baseline,120,129,0,0.5718935687933613
1h_exclude0_shift-1,1,False,-1,volume_baseline,120,130,0,0.5816566003571307
1h_exclude0_shift-1,1,False,-1,volume_baseline,120,131,0,0.44901964101385455
1h_exclude0_shift-1,1,False,-1,plus_composition,120,120,1,0.1926008625260538
1h_exclude0_shift-1,1,False,-1,plus_composition,120,121,1,0.3402520698561415
1h_exclude0_shift-1,1,False,-1,plus_composition,120,122,0,0.35682065280385744
1h_exclude0_shift-1,1,False,-1,plus_composition,120,123,0,0.21515763382793054
1h_exclude0_shift-1,1,False,-1,plus_composition,120,124,0,0.3591233940509461
1h_exclude0_shift-1,1,False,-1,plus_composition,120,125,0,0.36460590103230783
1h_exclude0_shift-1,1,False,-1,plus_composition,120,126,0,0.37642420838773605
1h_exclude0_shift-1,1,False,-1,plus_composition,120,127,0,0.2756237367818545
1h_exclude0_shift-1,1,False,-1,plus_composition,120,128,0,0.2714424105894293
1h_exclude0_shift-1,1,False,-1,plus_composition,120,129,0,0.20890352789034675
1h_exclude0_shift-1,1,False,-1,plus_composition,120,130,0,0.20424738596510655
1h_exclude0_shift-1,1,False,-1,plus_composition,120,131,0,0.1315628924817866
1h_exclude0_shift-1,1,False,-1,persistence,120,120,1,0.0
1h_exclude0_shift-1,1,False,-1,persistence,120,121,1,1.0
1h_exclude0_shift-1,1,False,-1,persistence,120,122,0,1.0
1h_exclude0_shift-1,1,False,-1,persistence,120,123,0,0.0
1h_exclude0_shift-1,1,False,-1,persistence,120,124,0,0.0
1h_exclude0_shift-1,1,False,-1,persistence,120,125,0,0.0
1h_exclude0_shift-1,1,False,-1,persistence,120,126,0,0.0
1h_exclude0_shift-1,1,False,-1,persistence,120,127,0,0.0
1h_exclude0_shift-1,1,False,-1,persistence,120,128,0,0.0
1h_exclude0_shift-1,1,False,-1,persistence,120,129,0,0.0
1h_exclude0_shift-1,1,False,-1,persistence,120,130,0,0.0
1h_exclude0_shift-1,1,False,-1,persistence,120,131,0,0.0
1h_exclude0_shift-1,1,False,-1,training_mean,120,120,1,5.73109243697479
1h_exclude0_shift-1,1,False,-1,training_mean,120,121,1,5.73109243697479
1h_exclude0_shift-1,1,False,-1,training_mean,120,122,0,5.73109243697479
1h_exclude0_shift-1,1,False,-1,training_mean,120,123,0,5.73109243697479
1h_exclude0_shift-1,1,False,-1,training_mean,120,124,0,5.73109243697479
1h_exclude0_shift-1,1,False,-1,training_mean,120,125,0,5.73109243697479
1h_exclude0_shift-1,1,False,-1,training_mean,120,126,0,5.73109243697479
1h_exclude0_shift-1,1,False,-1,training_mean,120,127,0,5.73109243697479
1h_exclude0_shift-1,1,False,-1,training_mean,120,128,0,5.73109243697479
1h_exclude0_shift-1,1,False,-1,training_mean,120,129,0,5.73109243697479
1h_exclude0_shift-1,1,False,-1,training_mean,120,130,0,5.73109243697479
1h_exclude0_shift-1,1,False,-1,training_mean,120,131,0,5.73109243697479
1h_exclude0_shift-1,1,False,-1,volume_baseline,132,132,0,0.2862264371815392
1h_exclude0_shift-1,1,False,-1,volume_baseline,132,133,0,0.29844114631401836
1h_exclude0_shift-1,1,False,-1,volume_baseline,132,134,0,0.24508509230000503
1h_exclude0_shift-1,1,False,-1,volume_baseline,132,135,0,0.06154835235247432
1h_exclude0_shift-1,1,False,-1,volume_baseline,132,136,0,0.012250424787143005
1h_exclude0_shift-1,1,False,-1,volume_baseline,132,137,0,0.0036475518519251057
1h_exclude0_shift-1,1,False,-1,volume_baseline,132,138,0,0.0035157689209815574
1h_exclude0_shift-1,1,False,-1,volume_baseline,132,139,0,0.003492363931756622
1h_exclude0_shift-1,1,False,-1,volume_baseline,132,140,0,0.003574006889740255
1h_exclude0_shift-1,1,False,-1,volume_baseline,132,141,0,0.0037592635708346995
1h_exclude0_shift-1,1,False,-1,volume_baseline,132,142,0,0.0040469207329019334
1h_exclude0_shift-1,1,False,-1,volume_baseline,132,143,0,0.004432998855739057
1h_exclude0_shift-1,1,False,-1,plus_composition,132,132,0,0.08657109231174098
1h_exclude0_shift-1,1,False,-1,plus_composition,132,133,0,0.08585857755207796
1h_exclude0_shift-1,1,False,-1,plus_composition,132,134,0,0.07068239244302697
1h_exclude0_shift-1,1,False,-1,plus_composition,132,135,0,0.013309715484967679
1h_exclude0_shift-1,1,False,-1,plus_composition,132,136,0,0.0016423219062155336
1h_exclude0_shift-1,1,False,-1,plus_composition,132,137,0,0.0003904472980581858
1h_exclude0_shift-1,1,False,-1,plus_composition,132,138,0,0.0003694930258402809
1h_exclude0_shift-1,1,False,-1,plus_composition,132,139,0,0.0003683003572044153
1h_exclude0_shift-1,1,False,-1,plus_composition,132,140,0,0.00038618155072926664
1h_exclude0_shift-1,1,False,-1,plus_composition,132,141,0,0.0004239522930916781
1h_exclude0_shift-1,1,False,-1,plus_composition,132,142,0,0.0004834622013976508
1h_exclude0_shift-1,1,False,-1,plus_composition,132,143,0,0.0005667431792806707
1h_exclude0_shift-1,1,False,-1,persistence,132,132,0,0.0
1h_exclude0_shift-1,1,False,-1,persistence,132,133,0,0.0
1h_exclude0_shift-1,1,False,-1,persistence,132,134,0,0.0
1h_exclude0_shift-1,1,False,-1,persistence,132,135,0,0.0
1h_exclude0_shift-1,1,False,-1,persistence,132,136,0,0.0
1h_exclude0_shift-1,1,False,-1,persistence,132,137,0,0.0
1h_exclude0_shift-1,1,False,-1,persistence,132,138,0,0.0
1h_exclude0_shift-1,1,False,-1,persistence,132,139,0,0.0
1h_exclude0_shift-1,1,False,-1,persistence,132,140,0,0.0
1h_exclude0_shift-1,1,False,-1,persistence,132,141,0,0.0
1h_exclude0_shift-1,1,False,-1,persistence,132,142,0,0.0
1h_exclude0_shift-1,1,False,-1,persistence,132,143,0,0.0
1h_exclude0_shift-1,1,False,-1,training_mean,132,132,0,5.221374045801527
1h_exclude0_shift-1,1,False,-1,training_mean,132,133,0,5.221374045801527
1h_exclude0_shift-1,1,False,-1,training_mean,132,134,0,5.221374045801527
1h_exclude0_shift-1,1,False,-1,training_mean,132,135,0,5.221374045801527
1h_exclude0_shift-1,1,False,-1,training_mean,132,136,0,5.221374045801527
1h_exclude0_shift-1,1,False,-1,training_mean,132,137,0,5.221374045801527
1h_exclude0_shift-1,1,False,-1,training_mean,132,138,0,5.221374045801527
1h_exclude0_shift-1,1,False,-1,training_mean,132,139,0,5.221374045801527
1h_exclude0_shift-1,1,False,-1,training_mean,132,140,0,5.221374045801527
1h_exclude0_shift-1,1,False,-1,training_mean,132,141,0,5.221374045801527
1h_exclude0_shift-1,1,False,-1,training_mean,132,142,0,5.221374045801527
1h_exclude0_shift-1,1,False,-1,training_mean,132,143,0,5.221374045801527
1h_exclude0_shift0,1,False,0,volume_baseline,48,48,2,2.656394643752479
1h_exclude0_shift0,1,False,0,volume_baseline,48,49,0,4.522942734997185
1h_exclude0_shift0,1,False,0,volume_baseline,48,50,0,4.441678334280166
1h_exclude0_shift0,1,False,0,volume_baseline,48,51,0,7.2179274505444795
1h_exclude0_shift0,1,False,0,volume_baseline,48,52,0,11.783367712780132
1h_exclude0_shift0,1,False,0,volume_baseline,48,53,1,19.78012225845579
1h_exclude0_shift0,1,False,0,volume_baseline,48,54,2,41.84863854936048
1h_exclude0_shift0,1,False,0,volume_baseline,48,55,0,73.18459966473505
1h_exclude0_shift0,1,False,0,volume_baseline,48,56,1,63.99967754993621
1h_exclude0_shift0,1,False,0,volume_baseline,48,57,1,110.08345434572779
1h_exclude0_shift0,1,False,0,volume_baseline,48,58,4,123.88967659835349
1h_exclude0_shift0,1,False,0,volume_baseline,48,59,3,185.25660901637195
1h_exclude0_shift0,1,False,0,plus_composition,48,48,2,0.8207617720962623
1h_exclude0_shift0,1,False,0,plus_composition,48,49,0,0.8367875941522464
1h_exclude0_shift0,1,False,0,plus_composition,48,50,0,0.545861378770404
1h_exclude0_shift0,1,False,0,plus_composition,48,51,0,1.2541923385569638
1h_exclude0_shift0,1,False,0,plus_composition,48,52,0,3.225354456124474
1h_exclude0_shift0,1,False,0,plus_composition,48,53,1,6.118930398091949
1h_exclude0_shift0,1,False,0,plus_composition,48,54,2,24.01439832602104
1h_exclude0_shift0,1,False,0,plus_composition,48,55,0,47.36178195593949
1h_exclude0_shift0,1,False,0,plus_composition,48,56,1,34.46145138330305
1h_exclude0_shift0,1,False,0,plus_composition,48,57,1,103.92798913296562
1h_exclude0_shift0,1,False,0,plus_composition,48,58,4,132.0233370274918
1h_exclude0_shift0,1,False,0,plus_composition,48,59,3,318.9395716432289
1h_exclude0_shift0,1,False,0,persistence,48,48,2,1.0
1h_exclude0_shift0,1,False,0,persistence,48,49,0,2.0
1h_exclude0_shift0,1,False,0,persistence,48,50,0,0.0
1h_exclude0_shift0,1,False,0,persistence,48,51,0,0.0
1h_exclude0_shift0,1,False,0,persistence,48,52,0,0.0
1h_exclude0_shift0,1,False,0,persistence,48,53,1,0.0
1h_exclude0_shift0,1,False,0,persistence,48,54,2,1.0
1h_exclude0_shift0,1,False,0,persistence,48,55,0,2.0
1h_exclude0_shift0,1,False,0,persistence,48,56,1,0.0
1h_exclude0_shift0,1,False,0,persistence,48,57,1,1.0
1h_exclude0_shift0,1,False,0,persistence,48,58,4,1.0
1h_exclude0_shift0,1,False,0,persistence,48,59,3,4.0
1h_exclude0_shift0,1,False,0,training_mean,48,48,2,2.0851063829787235
1h_exclude0_shift0,1,False,0,training_mean,48,49,0,2.0851063829787235
1h_exclude0_shift0,1,False,0,training_mean,48,50,0,2.0851063829787235
1h_exclude0_shift0,1,False,0,training_mean,48,51,0,2.0851063829787235
1h_exclude0_shift0,1,False,0,training_mean,48,52,0,2.0851063829787235
1h_exclude0_shift0,1,False,0,training_mean,48,53,1,2.0851063829787235
1h_exclude0_shift0,1,False,0,training_mean,48,54,2,2.0851063829787235
1h_exclude0_shift0,1,False,0,training_mean,48,55,0,2.0851063829787235
1h_exclude0_shift0,1,False,0,training_mean,48,56,1,2.0851063829787235
1h_exclude0_shift0,1,False,0,training_mean,48,57,1,2.0851063829787235
1h_exclude0_shift0,1,False,0,training_mean,48,58,4,2.0851063829787235
1h_exclude0_shift0,1,False,0,training_mean,48,59,3,2.0851063829787235
1h_exclude0_shift0,1,False,0,volume_baseline,60,60,1,3.0900417223913936
1h_exclude0_shift0,1,False,0,volume_baseline,60,61,0,1.2219064474456705
1h_exclude0_shift0,1,False,0,volume_baseline,60,62,1,0.6579500888414627
1h_exclude0_shift0,1,False,0,volume_baseline,60,63,0,0.884311183838945
1h_exclude0_shift0,1,False,0,volume_baseline,60,64,0,0.3918010850340446
1h_exclude0_shift0,1,False,0,volume_baseline,60,65,0,0.2918488547230974
1h_exclude0_shift0,1,False,0,volume_baseline,60,66,2,0.2213258520824039
1h_exclude0_shift0,1,False,0,volume_baseline,60,67,0,0.4057312767644624
1h_exclude0_shift0,1,False,0,volume_baseline,60,68,0,0.09420234868349014
1h_exclude0_shift0,1,False,0,volume_baseline,60,69,0,0.004307334912288748
1h_exclude0_shift0,1,False,0,volume_baseline,60,70,0,0.008503420215847638
1h_exclude0_shift0,1,False,0,volume_baseline,60,71,0,0.15022459814317055
1h_exclude0_shift0,1,False,0,plus_composition,60,60,1,5.097421975159082
1h_exclude0_shift0,1,False,0,plus_composition,60,61,0,2.7152976503461335
1h_exclude0_shift0,1,False,0,plus_composition,60,62,1,1.1970271841835352
1h_exclude0_shift0,1,False,0,plus_composition,60,63,0,2.3889759932038483
1h_exclude0_shift0,1,False,0,plus_composition,60,64,0,0.5308341817682126
1h_exclude0_shift0,1,False,0,plus_composition,60,65,0,0.5701706880713014
1h_exclude0_shift0,1,False,0,plus_composition,60,66,2,0.09112246107473261
1h_exclude0_shift0,1,False,0,plus_composition,60,67,0,0.43177479605334057
1h_exclude0_shift0,1,False,0,plus_composition,60,68,0,0.055555621227790855
1h_exclude0_shift0,1,False,0,plus_composition,60,69,0,0.0038325221430928155
1h_exclude0_shift0,1,False,0,plus_composition,60,70,0,0.007498823552156229
1h_exclude0_shift0,1,False,0,plus_composition,60,71,0,0.07203787008416242
1h_exclude0_shift0,1,False,0,persistence,60,60,1,3.0
1h_exclude0_shift0,1,False,0,persistence,60,61,0,1.0
1h_exclude0_shift0,1,False,0,persistence,60,62,1,0.0
1h_exclude0_shift0,1,False,0,persistence,60,63,0,1.0
1h_exclude0_shift0,1,False,0,persistence,60,64,0,0.0
1h_exclude0_shift0,1,False,0,persistence,60,65,0,0.0
1h_exclude0_shift0,1,False,0,persistence,60,66,2,0.0
1h_exclude0_shift0,1,False,0,persistence,60,67,0,2.0
1h_exclude0_shift0,1,False,0,persistence,60,68,0,0.0
1h_exclude0_shift0,1,False,0,persistence,60,69,0,0.0
1h_exclude0_shift0,1,False,0,persistence,60,70,0,0.0
1h_exclude0_shift0,1,False,0,persistence,60,71,0,0.0
1h_exclude0_shift0,1,False,0,training_mean,60,60,1,1.8983050847457628
1h_exclude0_shift0,1,False,0,training_mean,60,61,0,1.8983050847457628
1h_exclude0_shift0,1,False,0,training_mean,60,62,1,1.8983050847457628
1h_exclude0_shift0,1,False,0,training_mean,60,63,0,1.8983050847457628
1h_exclude0_shift0,1,False,0,training_mean,60,64,0,1.8983050847457628
1h_exclude0_shift0,1,False,0,training_mean,60,65,0,1.8983050847457628
1h_exclude0_shift0,1,False,0,training_mean,60,66,2,1.8983050847457628
1h_exclude0_shift0,1,False,0,training_mean,60,67,0,1.8983050847457628
1h_exclude0_shift0,1,False,0,training_mean,60,68,0,1.8983050847457628
1h_exclude0_shift0,1,False,0,training_mean,60,69,0,1.8983050847457628
1h_exclude0_shift0,1,False,0,training_mean,60,70,0,1.8983050847457628
1h_exclude0_shift0,1,False,0,training_mean,60,71,0,1.8983050847457628
1h_exclude0_shift0,1,False,0,volume_baseline,72,72,1,0.11956226512379889
1h_exclude0_shift0,1,False,0,volume_baseline,72,73,0,0.19125272067538046
1h_exclude0_shift0,1,False,0,volume_baseline,72,74,2,0.18824266851125615
1h_exclude0_shift0,1,False,0,volume_baseline,72,75,2,0.5753090851712931
1h_exclude0_shift0,1,False,0,volume_baseline,72,76,1,0.7730385717610597
1h_exclude0_shift0,1,False,0,volume_baseline,72,77,8,0.7253945241023538
1h_exclude0_shift0,1,False,0,volume_baseline,72,78,38,2.439920898605594
1h_exclude0_shift0,1,False,0,volume_baseline,72,79,74,8.602008759724644
1h_exclude0_shift0,1,False,0,volume_baseline,72,80,100,14.384537954624689
1h_exclude0_shift0,1,False,0,volume_baseline,72,81,46,17.878458464539314
1h_exclude0_shift0,1,False,0,volume_baseline,72,82,37,11.439290322461348
1h_exclude0_shift0,1,False,0,volume_baseline,72,83,64,9.51772915359294
1h_exclude0_shift0,1,False,0,plus_composition,72,72,1,0.04338785345920226
1h_exclude0_shift0,1,False,0,plus_composition,72,73,0,0.0514764746522182
1h_exclude0_shift0,1,False,0,plus_composition,72,74,2,0.06682620044416716
1h_exclude0_shift0,1,False,0,plus_composition,72,75,2,0.2723795834410918
1h_exclude0_shift0,1,False,0,plus_composition,72,76,1,0.2808595482175547
1h_exclude0_shift0,1,False,0,plus_composition,72,77,8,0.26551344644814384
1h_exclude0_shift0,1,False,0,plus_composition,72,78,38,1.3141884301946636
1h_exclude0_shift0,1,False,0,plus_composition,72,79,74,6.4254718381029665
1h_exclude0_shift0,1,False,0,plus_composition,72,80,100,9.690597595607636
1h_exclude0_shift0,1,False,0,plus_composition,72,81,46,6.570557947019511
1h_exclude0_shift0,1,False,0,plus_composition,72,82,37,5.048962665454708
1h_exclude0_shift0,1,False,0,plus_composition,72,83,64,7.193511407765268
1h_exclude0_shift0,1,False,0,persistence,72,72,1,0.0
1h_exclude0_shift0,1,False,0,persistence,72,73,0,1.0
1h_exclude0_shift0,1,False,0,persistence,72,74,2,0.0
1h_exclude0_shift0,1,False,0,persistence,72,75,2,2.0
1h_exclude0_shift0,1,False,0,persistence,72,76,1,2.0
1h_exclude0_shift0,1,False,0,persistence,72,77,8,1.0
1h_exclude0_shift0,1,False,0,persistence,72,78,38,8.0
1h_exclude0_shift0,1,False,0,persistence,72,79,74,38.0
1h_exclude0_shift0,1,False,0,persistence,72,80,100,74.0
1h_exclude0_shift0,1,False,0,persistence,72,81,46,100.0
1h_exclude0_shift0,1,False,0,persistence,72,82,37,46.0
1h_exclude0_shift0,1,False,0,persistence,72,83,64,37.0
1h_exclude0_shift0,1,False,0,training_mean,72,72,1,1.6338028169014085
1h_exclude0_shift0,1,False,0,training_mean,72,73,0,1.6338028169014085
1h_exclude0_shift0,1,False,0,training_mean,72,74,2,1.6338028169014085
1h_exclude0_shift0,1,False,0,training_mean,72,75,2,1.6338028169014085
1h_exclude0_shift0,1,False,0,training_mean,72,76,1,1.6338028169014085
1h_exclude0_shift0,1,False,0,training_mean,72,77,8,1.6338028169014085
1h_exclude0_shift0,1,False,0,training_mean,72,78,38,1.6338028169014085
1h_exclude0_shift0,1,False,0,training_mean,72,79,74,1.6338028169014085
1h_exclude0_shift0,1,False,0,training_mean,72,80,100,1.6338028169014085
1h_exclude0_shift0,1,False,0,training_mean,72,81,46,1.6338028169014085
1h_exclude0_shift0,1,False,0,training_mean,72,82,37,1.6338028169014085
1h_exclude0_shift0,1,False,0,training_mean,72,83,64,1.6338028169014085
1h_exclude0_shift0,1,False,0,volume_baseline,84,84,32,47.1140622027816
1h_exclude0_shift0,1,False,0,volume_baseline,84,85,26,22.585966755970947
1h_exclude0_shift0,1,False,0,volume_baseline,84,86,19,14.80774762564331
1h_exclude0_shift0,1,False,0,volume_baseline,84,87,15,9.39906383144872
1h_exclude0_shift0,1,False,0,volume_baseline,84,88,9,6.316685879307375
1h_exclude0_shift0,1,False,0,volume_baseline,84,89,20,4.0349018654309186
1h_exclude0_shift0,1,False,0,volume_baseline,84,90,15,7.027721234344799
1h_exclude0_shift0,1,False,0,volume_baseline,84,91,12,4.974950977768862
1h_exclude0_shift0,1,False,0,volume_baseline,84,92,10,4.089181902779788
1h_exclude0_shift0,1,False,0,volume_baseline,84,93,4,4.5767697919376875
1h_exclude0_shift0,1,False,0,volume_baseline,84,94,5,2.6676089786466908
1h_exclude0_shift0,1,False,0,volume_baseline,84,95,8,3.2697988393797384
1h_exclude0_shift0,1,False,0,plus_composition,84,84,32,29.725647345874556
1h_exclude0_shift0,1,False,0,plus_composition,84,85,26,0.29670542668951816
1h_exclude0_shift0,1,False,0,plus_composition,84,86,19,0.011921342606501798
1h_exclude0_shift0,1,False,0,plus_composition,84,87,15,0.00041223169753673946
1h_exclude0_shift0,1,False,0,plus_composition,84,88,9,2.8961972137257672e-05
1h_exclude0_shift0,1,False,0,plus_composition,84,89,20,0.0005011370720343631
1h_exclude0_shift0,1,False,0,plus_composition,84,90,15,0.002086866458320351
1h_exclude0_shift0,1,False,0,plus_composition,84,91,12,0.001701193396160262
1h_exclude0_shift0,1,False,0,plus_composition,84,92,10,0.01032310308656988
1h_exclude0_shift0,1,False,0,plus_composition,84,93,4,0.0007789144154184309
1h_exclude0_shift0,1,False,0,plus_composition,84,94,5,0.0008216593792993641
1h_exclude0_shift0,1,False,0,plus_composition,84,95,8,0.00900769327403272
1h_exclude0_shift0,1,False,0,persistence,84,84,32,64.0
1h_exclude0_shift0,1,False,0,persistence,84,85,26,32.0
1h_exclude0_shift0,1,False,0,persistence,84,86,19,26.0
1h_exclude0_shift0,1,False,0,persistence,84,87,15,19.0
1h_exclude0_shift0,1,False,0,persistence,84,88,9,15.0
1h_exclude0_shift0,1,False,0,persistence,84,89,20,9.0
1h_exclude0_shift0,1,False,0,persistence,84,90,15,20.0
1h_exclude0_shift0,1,False,0,persistence,84,91,12,15.0
1h_exclude0_shift0,1,False,0,persistence,84,92,10,12.0
1h_exclude0_shift0,1,False,0,persistence,84,93,4,10.0
1h_exclude0_shift0,1,False,0,persistence,84,94,5,4.0
1h_exclude0_shift0,1,False,0,persistence,84,95,8,5.0
1h_exclude0_shift0,1,False,0,training_mean,84,84,32,5.891566265060241
1h_exclude0_shift0,1,False,0,training_mean,84,85,26,5.891566265060241
1h_exclude0_shift0,1,False,0,training_mean,84,86,19,5.891566265060241
1h_exclude0_shift0,1,False,0,training_mean,84,87,15,5.891566265060241
1h_exclude0_shift0,1,False,0,training_mean,84,88,9,5.891566265060241
1h_exclude0_shift0,1,False,0,training_mean,84,89,20,5.891566265060241
1h_exclude0_shift0,1,False,0,training_mean,84,90,15,5.891566265060241
1h_exclude0_shift0,1,False,0,training_mean,84,91,12,5.891566265060241
1h_exclude0_shift0,1,False,0,training_mean,84,92,10,5.891566265060241
1h_exclude0_shift0,1,False,0,training_mean,84,93,4,5.891566265060241
1h_exclude0_shift0,1,False,0,training_mean,84,94,5,5.891566265060241
1h_exclude0_shift0,1,False,0,training_mean,84,95,8,5.891566265060241
1h_exclude0_shift0,1,False,0,volume_baseline,96,96,3,9.216304718687674
1h_exclude0_shift0,1,False,0,volume_baseline,96,97,3,6.8131803076217174
1h_exclude0_shift0,1,False,0,volume_baseline,96,98,1,4.9678981677181335
1h_exclude0_shift0,1,False,0,volume_baseline,96,99,0,2.1103804612912667
1h_exclude0_shift0,1,False,0,volume_baseline,96,100,1,1.2697452647507221
1h_exclude0_shift0,1,False,0,volume_baseline,96,101,4,2.556927957182734
1h_exclude0_shift0,1,False,0,volume_baseline,96,102,2,4.9622492929791555
1h_exclude0_shift0,1,False,0,volume_baseline,96,103,2,3.3837809296845234
1h_exclude0_shift0,1,False,0,volume_baseline,96,104,0,4.281096392948141
1h_exclude0_shift0,1,False,0,volume_baseline,96,105,0,1.1454737078445532
1h_exclude0_shift0,1,False,0,volume_baseline,96,106,0,1.4113549067797366
1h_exclude0_shift0,1,False,0,volume_baseline,96,107,0,1.1451300944817344
1h_exclude0_shift0,1,False,0,plus_composition,96,96,3,8.625648722896871
1h_exclude0_shift0,1,False,0,plus_composition,96,97,3,6.359088247995988
1h_exclude0_shift0,1,False,0,plus_composition,96,98,1,4.287702830855461
1h_exclude0_shift0,1,False,0,plus_composition,96,99,0,1.6975869634711147
1h_exclude0_shift0,1,False,0,plus_composition,96,100,1,0.9894954035598635
1h_exclude0_shift0,1,False,0,plus_composition,96,101,4,2.0782448889104184
1h_exclude0_shift0,1,False,0,plus_composition,96,102,2,4.100378818226426
1h_exclude0_shift0,1,False,0,plus_composition,96,103,2,3.080283884971448
1h_exclude0_shift0,1,False,0,plus_composition,96,104,0,3.605858286217055
1h_exclude0_shift0,1,False,0,plus_composition,96,105,0,0.8591320622016735
1h_exclude0_shift0,1,False,0,plus_composition,96,106,0,1.1018654146005922
1h_exclude0_shift0,1,False,0,plus_composition,96,107,0,0.9157744581336817
1h_exclude0_shift0,1,False,0,persistence,96,96,3,8.0
1h_exclude0_shift0,1,False,0,persistence,96,97,3,3.0
1h_exclude0_shift0,1,False,0,persistence,96,98,1,3.0
1h_exclude0_shift0,1,False,0,persistence,96,99,0,1.0
1h_exclude0_shift0,1,False,0,persistence,96,100,1,0.0
1h_exclude0_shift0,1,False,0,persistence,96,101,4,1.0
1h_exclude0_shift0,1,False,0,persistence,96,102,2,4.0
1h_exclude0_shift0,1,False,0,persistence,96,103,2,2.0
1h_exclude0_shift0,1,False,0,persistence,96,104,0,2.0
1h_exclude0_shift0,1,False,0,persistence,96,105,0,0.0
1h_exclude0_shift0,1,False,0,persistence,96,106,0,0.0
1h_exclude0_shift0,1,False,0,persistence,96,107,0,0.0
1h_exclude0_shift0,1,False,0,training_mean,96,96,3,6.989473684210527
1h_exclude0_shift0,1,False,0,training_mean,96,97,3,6.989473684210527
1h_exclude0_shift0,1,False,0,training_mean,96,98,1,6.989473684210527
1h_exclude0_shift0,1,False,0,training_mean,96,99,0,6.989473684210527
1h_exclude0_shift0,1,False,0,training_mean,96,100,1,6.989473684210527
1h_exclude0_shift0,1,False,0,training_mean,96,101,4,6.989473684210527
1h_exclude0_shift0,1,False,0,training_mean,96,102,2,6.989473684210527
1h_exclude0_shift0,1,False,0,training_mean,96,103,2,6.989473684210527
1h_exclude0_shift0,1,False,0,training_mean,96,104,0,6.989473684210527
1h_exclude0_shift0,1,False,0,training_mean,96,105,0,6.989473684210527
1h_exclude0_shift0,1,False,0,training_mean,96,106,0,6.989473684210527
1h_exclude0_shift0,1,False,0,training_mean,96,107,0,6.989473684210527
1h_exclude0_shift0,1,False,0,volume_baseline,108,108,0,0.6056191326556599
1h_exclude0_shift0,1,False,0,volume_baseline,108,109,0,0.48463511850187085
1h_exclude0_shift0,1,False,0,volume_baseline,108,110,1,0.38948116881500455
1h_exclude0_shift0,1,False,0,volume_baseline,108,111,0,0.4909449700313796
1h_exclude0_shift0,1,False,0,volume_baseline,108,112,0,0.31609990824233036
1h_exclude0_shift0,1,False,0,volume_baseline,108,113,1,0.244305888993547
1h_exclude0_shift0,1,False,0,volume_baseline,108,114,0,0.37903019793575277
1h_exclude0_shift0,1,False,0,volume_baseline,108,115,0,0.2242843903210422
1h_exclude0_shift0,1,False,0,volume_baseline,108,116,0,0.15915777072600654
1h_exclude0_shift0,1,False,0,volume_baseline,108,117,0,0.008831349515106373
1h_exclude0_shift0,1,False,0,volume_baseline,108,118,0,0.001502250385362125
1h_exclude0_shift0,1,False,0,volume_baseline,108,119,0,0.32353755121541244
1h_exclude0_shift0,1,False,0,plus_composition,108,108,0,0.4428030357821351
1h_exclude0_shift0,1,False,0,plus_composition,108,109,0,0.3684174815155984
1h_exclude0_shift0,1,False,0,plus_composition,108,110,1,0.3452688812583174
1h_exclude0_shift0,1,False,0,plus_composition,108,111,0,0.4258030628295981
1h_exclude0_shift0,1,False,0,plus_composition,108,112,0,0.2025420985006255
1h_exclude0_shift0,1,False,0,plus_composition,108,113,1,0.14828581155981393
1h_exclude0_shift0,1,False,0,plus_composition,108,114,0,0.27728860387144394
1h_exclude0_shift0,1,False,0,plus_composition,108,115,0,0.15693945807216594
1h_exclude0_shift0,1,False,0,plus_composition,108,116,0,0.10124707666944009
1h_exclude0_shift0,1,False,0,plus_composition,108,117,0,0.0062906068133878855
1h_exclude0_shift0,1,False,0,plus_composition,108,118,0,0.0010036705970685885
1h_exclude0_shift0,1,False,0,plus_composition,108,119,0,0.2042455526617486
1h_exclude0_shift0,1,False,0,persistence,108,108,0,0.0
1h_exclude0_shift0,1,False,0,persistence,108,109,0,0.0
1h_exclude0_shift0,1,False,0,persistence,108,110,1,0.0
1h_exclude0_shift0,1,False,0,persistence,108,111,0,1.0
1h_exclude0_shift0,1,False,0,persistence,108,112,0,0.0
1h_exclude0_shift0,1,False,0,persistence,108,113,1,0.0
1h_exclude0_shift0,1,False,0,persistence,108,114,0,1.0
1h_exclude0_shift0,1,False,0,persistence,108,115,0,0.0
1h_exclude0_shift0,1,False,0,persistence,108,116,0,0.0
1h_exclude0_shift0,1,False,0,persistence,108,117,0,0.0
1h_exclude0_shift0,1,False,0,persistence,108,118,0,0.0
1h_exclude0_shift0,1,False,0,persistence,108,119,0,0.0
1h_exclude0_shift0,1,False,0,training_mean,108,108,0,6.355140186915888
1h_exclude0_shift0,1,False,0,training_mean,108,109,0,6.355140186915888
1h_exclude0_shift0,1,False,0,training_mean,108,110,1,6.355140186915888
1h_exclude0_shift0,1,False,0,training_mean,108,111,0,6.355140186915888
1h_exclude0_shift0,1,False,0,training_mean,108,112,0,6.355140186915888
1h_exclude0_shift0,1,False,0,training_mean,108,113,1,6.355140186915888
1h_exclude0_shift0,1,False,0,training_mean,108,114,0,6.355140186915888
1h_exclude0_shift0,1,False,0,training_mean,108,115,0,6.355140186915888
1h_exclude0_shift0,1,False,0,training_mean,108,116,0,6.355140186915888
1h_exclude0_shift0,1,False,0,training_mean,108,117,0,6.355140186915888
1h_exclude0_shift0,1,False,0,training_mean,108,118,0,6.355140186915888
1h_exclude0_shift0,1,False,0,training_mean,108,119,0,6.355140186915888
1h_exclude0_shift0,1,False,0,volume_baseline,120,120,0,0.2389834129723688
1h_exclude0_shift0,1,False,0,volume_baseline,120,121,1,0.2603746540661507
1h_exclude0_shift0,1,False,0,volume_baseline,120,122,1,0.4950020959812681
1h_exclude0_shift0,1,False,0,volume_baseline,120,123,0,0.5383626692725798
1h_exclude0_shift0,1,False,0,volume_baseline,120,124,0,0.5112509179131351
1h_exclude0_shift0,1,False,0,volume_baseline,120,125,0,0.639661449017949
1h_exclude0_shift0,1,False,0,volume_baseline,120,126,0,0.6839246844344322
1h_exclude0_shift0,1,False,0,volume_baseline,120,127,0,0.5173911985285127
1h_exclude0_shift0,1,False,0,volume_baseline,120,128,0,0.6306676056901162
1h_exclude0_shift0,1,False,0,volume_baseline,120,129,0,0.5129753570125798
1h_exclude0_shift0,1,False,0,volume_baseline,120,130,0,0.5664244936438164
1h_exclude0_shift0,1,False,0,volume_baseline,120,131,0,0.41761120925595735
1h_exclude0_shift0,1,False,0,plus_composition,120,120,0,0.15514680015608176
1h_exclude0_shift0,1,False,0,plus_composition,120,121,1,0.19070158879412
1h_exclude0_shift0,1,False,0,plus_composition,120,122,1,0.36942185750944845
1h_exclude0_shift0,1,False,0,plus_composition,120,123,0,0.3699436317730227
1h_exclude0_shift0,1,False,0,plus_composition,120,124,0,0.3068925606136389
1h_exclude0_shift0,1,False,0,plus_composition,120,125,0,0.4361318314636097
1h_exclude0_shift0,1,False,0,plus_composition,120,126,0,0.4658400860430807
1h_exclude0_shift0,1,False,0,plus_composition,120,127,0,0.31980109956864267
1h_exclude0_shift0,1,False,0,plus_composition,120,128,0,0.43796452355507337
1h_exclude0_shift0,1,False,0,plus_composition,120,129,0,0.3683456941872427
1h_exclude0_shift0,1,False,0,plus_composition,120,130,0,0.3906651541779159
1h_exclude0_shift0,1,False,0,plus_composition,120,131,0,0.3184067478830493
1h_exclude0_shift0,1,False,0,persistence,120,120,0,0.0
1h_exclude0_shift0,1,False,0,persistence,120,121,1,0.0
1h_exclude0_shift0,1,False,0,persistence,120,122,1,1.0
1h_exclude0_shift0,1,False,0,persistence,120,123,0,1.0
1h_exclude0_shift0,1,False,0,persistence,120,124,0,0.0
1h_exclude0_shift0,1,False,0,persistence,120,125,0,0.0
1h_exclude0_shift0,1,False,0,persistence,120,126,0,0.0
1h_exclude0_shift0,1,False,0,persistence,120,127,0,0.0
1h_exclude0_shift0,1,False,0,persistence,120,128,0,0.0
1h_exclude0_shift0,1,False,0,persistence,120,129,0,0.0
1h_exclude0_shift0,1,False,0,persistence,120,130,0,0.0
1h_exclude0_shift0,1,False,0,persistence,120,131,0,0.0
1h_exclude0_shift0,1,False,0,training_mean,120,120,0,5.73109243697479
1h_exclude0_shift0,1,False,0,training_mean,120,121,1,5.73109243697479
1h_exclude0_shift0,1,False,0,training_mean,120,122,1,5.73109243697479
1h_exclude0_shift0,1,False,0,training_mean,120,123,0,5.73109243697479
1h_exclude0_shift0,1,False,0,training_mean,120,124,0,5.73109243697479
1h_exclude0_shift0,1,False,0,training_mean,120,125,0,5.73109243697479
1h_exclude0_shift0,1,False,0,training_mean,120,126,0,5.73109243697479
1h_exclude0_shift0,1,False,0,training_mean,120,127,0,5.73109243697479
1h_exclude0_shift0,1,False,0,training_mean,120,128,0,5.73109243697479
1h_exclude0_shift0,1,False,0,training_mean,120,129,0,5.73109243697479
1h_exclude0_shift0,1,False,0,training_mean,120,130,0,5.73109243697479
1h_exclude0_shift0,1,False,0,training_mean,120,131,0,5.73109243697479
1h_exclude0_shift0,1,False,0,volume_baseline,132,132,0,0.2768703071123654
1h_exclude0_shift0,1,False,0,volume_baseline,132,133,0,0.3061623050543468
1h_exclude0_shift0,1,False,0,volume_baseline,132,134,0,0.2372613401608256
1h_exclude0_shift0,1,False,0,volume_baseline,132,135,0,0.03352516007231283
1h_exclude0_shift0,1,False,0,volume_baseline,132,136,0,0.0033439271147447007
1h_exclude0_shift0,1,False,0,volume_baseline,132,137,0,0.0005814414264874453
1h_exclude0_shift0,1,False,0,volume_baseline,132,138,0,0.0005292287080720401
1h_exclude0_shift0,1,False,0,volume_baseline,132,139,0,0.0004969834876802662
1h_exclude0_shift0,1,False,0,volume_baseline,132,140,0,0.00048316195055310673
1h_exclude0_shift0,1,False,0,volume_baseline,132,141,0,0.00048681165881992334
1h_exclude0_shift0,1,False,0,volume_baseline,132,142,0,0.0005076384165367268
1h_exclude0_shift0,1,False,0,volume_baseline,132,143,0,0.0005458381801939921
1h_exclude0_shift0,1,False,0,plus_composition,132,132,0,0.18588587619058589
1h_exclude0_shift0,1,False,0,plus_composition,132,133,0,0.2007399104403654
1h_exclude0_shift0,1,False,0,plus_composition,132,134,0,0.13255170565496552
1h_exclude0_shift0,1,False,0,plus_composition,132,135,0,0.017504019593218775
1h_exclude0_shift0,1,False,0,plus_composition,132,136,0,0.002422993225172956
1h_exclude0_shift0,1,False,0,plus_composition,132,137,0,0.0004180692416806577
1h_exclude0_shift0,1,False,0,plus_composition,132,138,0,0.0003768263303883747
1h_exclude0_shift0,1,False,0,plus_composition,132,139,0,0.00035114900687334974
1h_exclude0_shift0,1,False,0,plus_composition,132,140,0,0.00033950253875489897
1h_exclude0_shift0,1,False,0,plus_composition,132,141,0,0.00034091783225912386
1h_exclude0_shift0,1,False,0,plus_composition,132,142,0,0.00035501267919802376
1h_exclude0_shift0,1,False,0,plus_composition,132,143,0,0.0003818404366585431
1h_exclude0_shift0,1,False,0,persistence,132,132,0,0.0
1h_exclude0_shift0,1,False,0,persistence,132,133,0,0.0
1h_exclude0_shift0,1,False,0,persistence,132,134,0,0.0
1h_exclude0_shift0,1,False,0,persistence,132,135,0,0.0
1h_exclude0_shift0,1,False,0,persistence,132,136,0,0.0
1h_exclude0_shift0,1,False,0,persistence,132,137,0,0.0
1h_exclude0_shift0,1,False,0,persistence,132,138,0,0.0
1h_exclude0_shift0,1,False,0,persistence,132,139,0,0.0
1h_exclude0_shift0,1,False,0,persistence,132,140,0,0.0
1h_exclude0_shift0,1,False,0,persistence,132,141,0,0.0
1h_exclude0_shift0,1,False,0,persistence,132,142,0,0.0
1h_exclude0_shift0,1,False,0,persistence,132,143,0,0.0
1h_exclude0_shift0,1,False,0,training_mean,132,132,0,5.221374045801527
1h_exclude0_shift0,1,False,0,training_mean,132,133,0,5.221374045801527
1h_exclude0_shift0,1,False,0,training_mean,132,134,0,5.221374045801527
1h_exclude0_shift0,1,False,0,training_mean,132,135,0,5.221374045801527
1h_exclude0_shift0,1,False,0,training_mean,132,136,0,5.221374045801527
1h_exclude0_shift0,1,False,0,training_mean,132,137,0,5.221374045801527
1h_exclude0_shift0,1,False,0,training_mean,132,138,0,5.221374045801527
1h_exclude0_shift0,1,False,0,training_mean,132,139,0,5.221374045801527
1h_exclude0_shift0,1,False,0,training_mean,132,140,0,5.221374045801527
1h_exclude0_shift0,1,False,0,training_mean,132,141,0,5.221374045801527
1h_exclude0_shift0,1,False,0,training_mean,132,142,0,5.221374045801527
1h_exclude0_shift0,1,False,0,training_mean,132,143,0,5.221374045801527
1h_exclude0_shift1,1,False,1,volume_baseline,48,48,1,2.9251618822020853
1h_exclude0_shift1,1,False,1,volume_baseline,48,49,2,3.338710397000593
1h_exclude0_shift1,1,False,1,volume_baseline,48,50,0,5.834306749107238
1h_exclude0_shift1,1,False,1,volume_baseline,48,51,0,5.785606496406903
1h_exclude0_shift1,1,False,1,volume_baseline,48,52,0,9.206064476005173
1h_exclude0_shift1,1,False,1,volume_baseline,48,53,0,15.585941783828462
1h_exclude0_shift1,1,False,1,volume_baseline,48,54,1,25.074462936559986
1h_exclude0_shift1,1,False,1,volume_baseline,48,55,2,50.61392978102816
1h_exclude0_shift1,1,False,1,volume_baseline,48,56,0,85.80946266802451
1h_exclude0_shift1,1,False,1,volume_baseline,48,57,1,74.19104438372051
1h_exclude0_shift1,1,False,1,volume_baseline,48,58,1,116.98234302004612
1h_exclude0_shift1,1,False,1,volume_baseline,48,59,4,126.01087681961388
1h_exclude0_shift1,1,False,1,plus_composition,48,48,1,3.670153201297945
1h_exclude0_shift1,1,False,1,plus_composition,48,49,2,4.275665518793321
1h_exclude0_shift1,1,False,1,plus_composition,48,50,0,13.408258505662793
1h_exclude0_shift1,1,False,1,plus_composition,48,51,0,10.522213842037827
1h_exclude0_shift1,1,False,1,plus_composition,48,52,0,7.717901613563781
1h_exclude0_shift1,1,False,1,plus_composition,48,53,0,21.977441013638522
1h_exclude0_shift1,1,False,1,plus_composition,48,54,1,25.516565846616878
1h_exclude0_shift1,1,False,1,plus_composition,48,55,2,90.38864161060341
1h_exclude0_shift1,1,False,1,plus_composition,48,56,0,95.60910537312763
1h_exclude0_shift1,1,False,1,plus_composition,48,57,1,51.98002260791781
1h_exclude0_shift1,1,False,1,plus_composition,48,58,1,231.94595768637882
1h_exclude0_shift1,1,False,1,plus_composition,48,59,4,332.2827826442856
1h_exclude0_shift1,1,False,1,persistence,48,48,1,2.0
1h_exclude0_shift1,1,False,1,persistence,48,49,2,1.0
1h_exclude0_shift1,1,False,1,persistence,48,50,0,2.0
1h_exclude0_shift1,1,False,1,persistence,48,51,0,0.0
1h_exclude0_shift1,1,False,1,persistence,48,52,0,0.0
1h_exclude0_shift1,1,False,1,persistence,48,53,0,0.0
1h_exclude0_shift1,1,False,1,persistence,48,54,1,0.0
1h_exclude0_shift1,1,False,1,persistence,48,55,2,1.0
1h_exclude0_shift1,1,False,1,persistence,48,56,0,2.0
1h_exclude0_shift1,1,False,1,persistence,48,57,1,0.0
1h_exclude0_shift1,1,False,1,persistence,48,58,1,1.0
1h_exclude0_shift1,1,False,1,persistence,48,59,4,1.0
1h_exclude0_shift1,1,False,1,training_mean,48,48,1,2.0638297872340425
1h_exclude0_shift1,1,False,1,training_mean,48,49,2,2.0638297872340425
1h_exclude0_shift1,1,False,1,training_mean,48,50,0,2.0638297872340425
1h_exclude0_shift1,1,False,1,training_mean,48,51,0,2.0638297872340425
1h_exclude0_shift1,1,False,1,training_mean,48,52,0,2.0638297872340425
1h_exclude0_shift1,1,False,1,training_mean,48,53,0,2.0638297872340425
1h_exclude0_shift1,1,False,1,training_mean,48,54,1,2.0638297872340425
1h_exclude0_shift1,1,False,1,training_mean,48,55,2,2.0638297872340425
1h_exclude0_shift1,1,False,1,training_mean,48,56,0,2.0638297872340425
1h_exclude0_shift1,1,False,1,training_mean,48,57,1,2.0638297872340425
1h_exclude0_shift1,1,False,1,training_mean,48,58,1,2.0638297872340425
1h_exclude0_shift1,1,False,1,training_mean,48,59,4,2.0638297872340425
1h_exclude0_shift1,1,False,1,volume_baseline,60,60,3,4.114626034852648
1h_exclude0_shift1,1,False,1,volume_baseline,60,61,1,2.3626934388325314
1h_exclude0_shift1,1,False,1,volume_baseline,60,62,0,1.3803198064771147
1h_exclude0_shift1,1,False,1,volume_baseline,60,63,1,0.7459879148068072
1h_exclude0_shift1,1,False,1,volume_baseline,60,64,0,0.8664503030340278
1h_exclude0_shift1,1,False,1,volume_baseline,60,65,0,0.40965714159048405
1h_exclude0_shift1,1,False,1,volume_baseline,60,66,0,0.30765030681590155
1h_exclude0_shift1,1,False,1,volume_baseline,60,67,2,0.25519017322192006
1h_exclude0_shift1,1,False,1,volume_baseline,60,68,0,0.24778708872864033
1h_exclude0_shift1,1,False,1,volume_baseline,60,69,0,0.004168419609108478
1h_exclude0_shift1,1,False,1,volume_baseline,60,70,0,0.008318772814604405
1h_exclude0_shift1,1,False,1,volume_baseline,60,71,0,0.17505794716763043
1h_exclude0_shift1,1,False,1,plus_composition,60,60,3,6.280557852343619
1h_exclude0_shift1,1,False,1,plus_composition,60,61,1,3.394758114673531
1h_exclude0_shift1,1,False,1,plus_composition,60,62,0,1.460428692333075
1h_exclude0_shift1,1,False,1,plus_composition,60,63,1,0.6763844768094547
1h_exclude0_shift1,1,False,1,plus_composition,60,64,0,0.9046346098542598
1h_exclude0_shift1,1,False,1,plus_composition,60,65,0,0.3697187503877245
1h_exclude0_shift1,1,False,1,plus_composition,60,66,0,0.43952832628019395
1h_exclude0_shift1,1,False,1,plus_composition,60,67,2,0.16021776148706618
1h_exclude0_shift1,1,False,1,plus_composition,60,68,0,0.29593849788887167
1h_exclude0_shift1,1,False,1,plus_composition,60,69,0,0.0017180927134248232
1h_exclude0_shift1,1,False,1,plus_composition,60,70,0,0.003579487932341066
1h_exclude0_shift1,1,False,1,plus_composition,60,71,0,0.09172210109230222
1h_exclude0_shift1,1,False,1,persistence,60,60,3,4.0
1h_exclude0_shift1,1,False,1,persistence,60,61,1,3.0
1h_exclude0_shift1,1,False,1,persistence,60,62,0,1.0
1h_exclude0_shift1,1,False,1,persistence,60,63,1,0.0
1h_exclude0_shift1,1,False,1,persistence,60,64,0,1.0
1h_exclude0_shift1,1,False,1,persistence,60,65,0,0.0
1h_exclude0_shift1,1,False,1,persistence,60,66,0,0.0
1h_exclude0_shift1,1,False,1,persistence,60,67,2,0.0
1h_exclude0_shift1,1,False,1,persistence,60,68,0,2.0
1h_exclude0_shift1,1,False,1,persistence,60,69,0,0.0
1h_exclude0_shift1,1,False,1,persistence,60,70,0,0.0
1h_exclude0_shift1,1,False,1,persistence,60,71,0,0.0
1h_exclude0_shift1,1,False,1,training_mean,60,60,3,1.847457627118644
1h_exclude0_shift1,1,False,1,training_mean,60,61,1,1.847457627118644
1h_exclude0_shift1,1,False,1,training_mean,60,62,0,1.847457627118644
1h_exclude0_shift1,1,False,1,training_mean,60,63,1,1.847457627118644
1h_exclude0_shift1,1,False,1,training_mean,60,64,0,1.847457627118644
1h_exclude0_shift1,1,False,1,training_mean,60,65,0,1.847457627118644
1h_exclude0_shift1,1,False,1,training_mean,60,66,0,1.847457627118644
1h_exclude0_shift1,1,False,1,training_mean,60,67,2,1.847457627118644
1h_exclude0_shift1,1,False,1,training_mean,60,68,0,1.847457627118644
1h_exclude0_shift1,1,False,1,training_mean,60,69,0,1.847457627118644
1h_exclude0_shift1,1,False,1,training_mean,60,70,0,1.847457627118644
1h_exclude0_shift1,1,False,1,training_mean,60,71,0,1.847457627118644
1h_exclude0_shift1,1,False,1,volume_baseline,72,72,0,0.12722852195146012
1h_exclude0_shift1,1,False,1,volume_baseline,72,73,1,0.11818882936814903
1h_exclude0_shift1,1,False,1,volume_baseline,72,74,0,0.2992030095687568
1h_exclude0_shift1,1,False,1,volume_baseline,72,75,2,0.2679721299058524
1h_exclude0_shift1,1,False,1,volume_baseline,72,76,2,0.7364328311646668
1h_exclude0_shift1,1,False,1,volume_baseline,72,77,1,0.9271486030050893
1h_exclude0_shift1,1,False,1,volume_baseline,72,78,8,0.840782705248111
1h_exclude0_shift1,1,False,1,volume_baseline,72,79,38,2.900127894881237
1h_exclude0_shift1,1,False,1,volume_baseline,72,80,74,8.17791895171966
1h_exclude0_shift1,1,False,1,volume_baseline,72,81,100,13.124286688119511
1h_exclude0_shift1,1,False,1,volume_baseline,72,82,46,18.611793785772957
1h_exclude0_shift1,1,False,1,volume_baseline,72,83,37,11.59035872529829
1h_exclude0_shift1,1,False,1,plus_composition,72,72,0,0.09342119350218321
1h_exclude0_shift1,1,False,1,plus_composition,72,73,1,0.08788129605860188
1h_exclude0_shift1,1,False,1,plus_composition,72,74,0,0.24067996821766688
1h_exclude0_shift1,1,False,1,plus_composition,72,75,2,0.20743203454208095
1h_exclude0_shift1,1,False,1,plus_composition,72,76,2,0.5884490043346391
1h_exclude0_shift1,1,False,1,plus_composition,72,77,1,0.7874214893124277
1h_exclude0_shift1,1,False,1,plus_composition,72,78,8,0.6265563416328396
1h_exclude0_shift1,1,False,1,plus_composition,72,79,38,2.6460271005330465
1h_exclude0_shift1,1,False,1,plus_composition,72,80,74,8.98154065086691
1h_exclude0_shift1,1,False,1,plus_composition,72,81,100,17.199937717653793
1h_exclude0_shift1,1,False,1,plus_composition,72,82,46,25.38096820278759
1h_exclude0_shift1,1,False,1,plus_composition,72,83,37,13.671926570542102
1h_exclude0_shift1,1,False,1,persistence,72,72,0,0.0
1h_exclude0_shift1,1,False,1,persistence,72,73,1,0.0
1h_exclude0_shift1,1,False,1,persistence,72,74,0,1.0
1h_exclude0_shift1,1,False,1,persistence,72,75,2,0.0
1h_exclude0_shift1,1,False,1,persistence,72,76,2,2.0
1h_exclude0_shift1,1,False,1,persistence,72,77,1,2.0
1h_exclude0_shift1,1,False,1,persistence,72,78,8,1.0
1h_exclude0_shift1,1,False,1,persistence,72,79,38,8.0
1h_exclude0_shift1,1,False,1,persistence,72,80,74,38.0
1h_exclude0_shift1,1,False,1,persistence,72,81,100,74.0
1h_exclude0_shift1,1,False,1,persistence,72,82,46,100.0
1h_exclude0_shift1,1,False,1,persistence,72,83,37,46.0
1h_exclude0_shift1,1,False,1,training_mean,72,72,0,1.6338028169014085
1h_exclude0_shift1,1,False,1,training_mean,72,73,1,1.6338028169014085
1h_exclude0_shift1,1,False,1,training_mean,72,74,0,1.6338028169014085
1h_exclude0_shift1,1,False,1,training_mean,72,75,2,1.6338028169014085
1h_exclude0_shift1,1,False,1,training_mean,72,76,2,1.6338028169014085
1h_exclude0_shift1,1,False,1,training_mean,72,77,1,1.6338028169014085
1h_exclude0_shift1,1,False,1,training_mean,72,78,8,1.6338028169014085
1h_exclude0_shift1,1,False,1,training_mean,72,79,38,1.6338028169014085
1h_exclude0_shift1,1,False,1,training_mean,72,80,74,1.6338028169014085
1h_exclude0_shift1,1,False,1,training_mean,72,81,100,1.6338028169014085
1h_exclude0_shift1,1,False,1,training_mean,72,82,46,1.6338028169014085
1h_exclude0_shift1,1,False,1,training_mean,72,83,37,1.6338028169014085
1h_exclude0_shift1,1,False,1,volume_baseline,84,84,64,27.425756497556563
1h_exclude0_shift1,1,False,1,volume_baseline,84,85,32,30.485906367165967
1h_exclude0_shift1,1,False,1,volume_baseline,84,86,26,12.993056506649568
1h_exclude0_shift1,1,False,1,volume_baseline,84,87,19,8.366640422972598
1h_exclude0_shift1,1,False,1,volume_baseline,84,88,15,5.036837888684065
1h_exclude0_shift1,1,False,1,volume_baseline,84,89,9,3.678076517424797
1h_exclude0_shift1,1,False,1,volume_baseline,84,90,20,2.6316284043747893
1h_exclude0_shift1,1,False,1,volume_baseline,84,91,15,3.9721443337145543
1h_exclude0_shift1,1,False,1,volume_baseline,84,92,12,3.07043430830801
1h_exclude0_shift1,1,False,1,volume_baseline,84,93,10,3.3591774345471483
1h_exclude0_shift1,1,False,1,volume_baseline,84,94,4,3.0372655866996836
1h_exclude0_shift1,1,False,1,volume_baseline,84,95,5,1.822668452287226
1h_exclude0_shift1,1,False,1,plus_composition,84,84,64,17.959511490215213
1h_exclude0_shift1,1,False,1,plus_composition,84,85,32,2.6146562461998473
1h_exclude0_shift1,1,False,1,plus_composition,84,86,26,0.19253871063635108
1h_exclude0_shift1,1,False,1,plus_composition,84,87,19,0.02379747136586131
1h_exclude0_shift1,1,False,1,plus_composition,84,88,15,0.00464365095766797
1h_exclude0_shift1,1,False,1,plus_composition,84,89,9,0.022075917417042807
1h_exclude0_shift1,1,False,1,plus_composition,84,90,20,0.02459462193083279
1h_exclude0_shift1,1,False,1,plus_composition,84,91,15,0.05139625986274506
1h_exclude0_shift1,1,False,1,plus_composition,84,92,12,0.13147844659173274
1h_exclude0_shift1,1,False,1,plus_composition,84,93,10,0.03874922242018219
1h_exclude0_shift1,1,False,1,plus_composition,84,94,4,0.0542065199368745
1h_exclude0_shift1,1,False,1,plus_composition,84,95,5,0.1241629840572812
1h_exclude0_shift1,1,False,1,persistence,84,84,64,37.0
1h_exclude0_shift1,1,False,1,persistence,84,85,32,64.0
1h_exclude0_shift1,1,False,1,persistence,84,86,26,32.0
1h_exclude0_shift1,1,False,1,persistence,84,87,19,26.0
1h_exclude0_shift1,1,False,1,persistence,84,88,15,19.0
1h_exclude0_shift1,1,False,1,persistence,84,89,9,15.0
1h_exclude0_shift1,1,False,1,persistence,84,90,20,9.0
1h_exclude0_shift1,1,False,1,persistence,84,91,15,20.0
1h_exclude0_shift1,1,False,1,persistence,84,92,12,15.0
1h_exclude0_shift1,1,False,1,persistence,84,93,10,12.0
1h_exclude0_shift1,1,False,1,persistence,84,94,4,10.0
1h_exclude0_shift1,1,False,1,persistence,84,95,5,4.0
1h_exclude0_shift1,1,False,1,training_mean,84,84,64,5.120481927710843
1h_exclude0_shift1,1,False,1,training_mean,84,85,32,5.120481927710843
1h_exclude0_shift1,1,False,1,training_mean,84,86,26,5.120481927710843
1h_exclude0_shift1,1,False,1,training_mean,84,87,19,5.120481927710843
1h_exclude0_shift1,1,False,1,training_mean,84,88,15,5.120481927710843
1h_exclude0_shift1,1,False,1,training_mean,84,89,9,5.120481927710843
1h_exclude0_shift1,1,False,1,training_mean,84,90,20,5.120481927710843
1h_exclude0_shift1,1,False,1,training_mean,84,91,15,5.120481927710843
1h_exclude0_shift1,1,False,1,training_mean,84,92,12,5.120481927710843
1h_exclude0_shift1,1,False,1,training_mean,84,93,10,5.120481927710843
1h_exclude0_shift1,1,False,1,training_mean,84,94,4,5.120481927710843
1h_exclude0_shift1,1,False,1,training_mean,84,95,5,5.120481927710843
1h_exclude0_shift1,1,False,1,volume_baseline,96,96,8,5.928342571031694
1h_exclude0_shift1,1,False,1,volume_baseline,96,97,3,9.936616675895106
1h_exclude0_shift1,1,False,1,volume_baseline,96,98,3,3.983431596362729
1h_exclude0_shift1,1,False,1,volume_baseline,96,99,1,2.5531758316041606
1h_exclude0_shift1,1,False,1,volume_baseline,96,100,0,1.5657146116020182
1h_exclude0_shift1,1,False,1,volume_baseline,96,101,1,1.3145959994544232
1h_exclude0_shift1,1,False,1,volume_baseline,96,102,4,2.240484441577984
1h_exclude0_shift1,1,False,1,volume_baseline,96,103,2,4.108947090059696
1h_exclude0_shift1,1,False,1,volume_baseline,96,104,2,4.044767228064368
1h_exclude0_shift1,1,False,1,volume_baseline,96,105,0,2.2359439012908697
1h_exclude0_shift1,1,False,1,volume_baseline,96,106,0,1.4577507031856523
1h_exclude0_shift1,1,False,1,volume_baseline,96,107,0,1.2107888095964998
1h_exclude0_shift1,1,False,1,plus_composition,96,96,8,7.32577632712961
1h_exclude0_shift1,1,False,1,plus_composition,96,97,3,11.376971957733671
1h_exclude0_shift1,1,False,1,plus_composition,96,98,3,6.758775712654862
1h_exclude0_shift1,1,False,1,plus_composition,96,99,1,3.9396409932120524
1h_exclude0_shift1,1,False,1,plus_composition,96,100,0,3.9916320856032774
1h_exclude0_shift1,1,False,1,plus_composition,96,101,1,4.630911019812384
1h_exclude0_shift1,1,False,1,plus_composition,96,102,4,7.073809006687832
1h_exclude0_shift1,1,False,1,plus_composition,96,103,2,8.749846677411403
1h_exclude0_shift1,1,False,1,plus_composition,96,104,2,11.565994319142314
1h_exclude0_shift1,1,False,1,plus_composition,96,105,0,6.530696074753436
1h_exclude0_shift1,1,False,1,plus_composition,96,106,0,5.800214990022565
1h_exclude0_shift1,1,False,1,plus_composition,96,107,0,3.5731597730431557
1h_exclude0_shift1,1,False,1,persistence,96,96,8,5.0
1h_exclude0_shift1,1,False,1,persistence,96,97,3,8.0
1h_exclude0_shift1,1,False,1,persistence,96,98,3,3.0
1h_exclude0_shift1,1,False,1,persistence,96,99,1,3.0
1h_exclude0_shift1,1,False,1,persistence,96,100,0,1.0
1h_exclude0_shift1,1,False,1,persistence,96,101,1,0.0
1h_exclude0_shift1,1,False,1,persistence,96,102,4,1.0
1h_exclude0_shift1,1,False,1,persistence,96,103,2,4.0
1h_exclude0_shift1,1,False,1,persistence,96,104,2,2.0
1h_exclude0_shift1,1,False,1,persistence,96,105,0,2.0
1h_exclude0_shift1,1,False,1,persistence,96,106,0,0.0
1h_exclude0_shift1,1,False,1,persistence,96,107,0,0.0
1h_exclude0_shift1,1,False,1,training_mean,96,96,8,6.905263157894737
1h_exclude0_shift1,1,False,1,training_mean,96,97,3,6.905263157894737
1h_exclude0_shift1,1,False,1,training_mean,96,98,3,6.905263157894737
1h_exclude0_shift1,1,False,1,training_mean,96,99,1,6.905263157894737
1h_exclude0_shift1,1,False,1,training_mean,96,100,0,6.905263157894737
1h_exclude0_shift1,1,False,1,training_mean,96,101,1,6.905263157894737
1h_exclude0_shift1,1,False,1,training_mean,96,102,4,6.905263157894737
1h_exclude0_shift1,1,False,1,training_mean,96,103,2,6.905263157894737
1h_exclude0_shift1,1,False,1,training_mean,96,104,2,6.905263157894737
1h_exclude0_shift1,1,False,1,training_mean,96,105,0,6.905263157894737
1h_exclude0_shift1,1,False,1,training_mean,96,106,0,6.905263157894737
1h_exclude0_shift1,1,False,1,training_mean,96,107,0,6.905263157894737
1h_exclude0_shift1,1,False,1,volume_baseline,108,108,0,0.7841579820579763
1h_exclude0_shift1,1,False,1,volume_baseline,108,109,0,0.6322805725904715
1h_exclude0_shift1,1,False,1,volume_baseline,108,110,0,0.5062981230655895
1h_exclude0_shift1,1,False,1,volume_baseline,108,111,1,0.3796433041823549
1h_exclude0_shift1,1,False,1,volume_baseline,108,112,0,0.6387106907170537
1h_exclude0_shift1,1,False,1,volume_baseline,108,113,0,0.29681593976153897
1h_exclude0_shift1,1,False,1,volume_baseline,108,114,1,0.2700199977108036
1h_exclude0_shift1,1,False,1,volume_baseline,108,115,0,0.40086109473728326
1h_exclude0_shift1,1,False,1,volume_baseline,108,116,0,0.1652832958321777
1h_exclude0_shift1,1,False,1,volume_baseline,108,117,0,0.0064628220408042645
1h_exclude0_shift1,1,False,1,volume_baseline,108,118,0,0.0008720050664129137
1h_exclude0_shift1,1,False,1,volume_baseline,108,119,0,0.3164859706322928
1h_exclude0_shift1,1,False,1,plus_composition,108,108,0,0.9316632695544381
1h_exclude0_shift1,1,False,1,plus_composition,108,109,0,0.6800714749702904
1h_exclude0_shift1,1,False,1,plus_composition,108,110,0,0.49079889891205625
1h_exclude0_shift1,1,False,1,plus_composition,108,111,1,0.4028286672330669
1h_exclude0_shift1,1,False,1,plus_composition,108,112,0,0.6484241853570439
1h_exclude0_shift1,1,False,1,plus_composition,108,113,0,0.3057529050619512
1h_exclude0_shift1,1,False,1,plus_composition,108,114,1,0.2789893187543746
1h_exclude0_shift1,1,False,1,plus_composition,108,115,0,0.3323311455459287
1h_exclude0_shift1,1,False,1,plus_composition,108,116,0,0.16432600119129456
1h_exclude0_shift1,1,False,1,plus_composition,108,117,0,0.002223376124648906
1h_exclude0_shift1,1,False,1,plus_composition,108,118,0,0.00023118486132875924
1h_exclude0_shift1,1,False,1,plus_composition,108,119,0,0.31795035446287534
1h_exclude0_shift1,1,False,1,persistence,108,108,0,0.0
1h_exclude0_shift1,1,False,1,persistence,108,109,0,0.0
1h_exclude0_shift1,1,False,1,persistence,108,110,0,0.0
1h_exclude0_shift1,1,False,1,persistence,108,111,1,0.0
1h_exclude0_shift1,1,False,1,persistence,108,112,0,1.0
1h_exclude0_shift1,1,False,1,persistence,108,113,0,0.0
1h_exclude0_shift1,1,False,1,persistence,108,114,1,0.0
1h_exclude0_shift1,1,False,1,persistence,108,115,0,1.0
1h_exclude0_shift1,1,False,1,persistence,108,116,0,0.0
1h_exclude0_shift1,1,False,1,persistence,108,117,0,0.0
1h_exclude0_shift1,1,False,1,persistence,108,118,0,0.0
1h_exclude0_shift1,1,False,1,persistence,108,119,0,0.0
1h_exclude0_shift1,1,False,1,training_mean,108,108,0,6.355140186915888
1h_exclude0_shift1,1,False,1,training_mean,108,109,0,6.355140186915888
1h_exclude0_shift1,1,False,1,training_mean,108,110,0,6.355140186915888
1h_exclude0_shift1,1,False,1,training_mean,108,111,1,6.355140186915888
1h_exclude0_shift1,1,False,1,training_mean,108,112,0,6.355140186915888
1h_exclude0_shift1,1,False,1,training_mean,108,113,0,6.355140186915888
1h_exclude0_shift1,1,False,1,training_mean,108,114,1,6.355140186915888
1h_exclude0_shift1,1,False,1,training_mean,108,115,0,6.355140186915888
1h_exclude0_shift1,1,False,1,training_mean,108,116,0,6.355140186915888
1h_exclude0_shift1,1,False,1,training_mean,108,117,0,6.355140186915888
1h_exclude0_shift1,1,False,1,training_mean,108,118,0,6.355140186915888
1h_exclude0_shift1,1,False,1,training_mean,108,119,0,6.355140186915888
1h_exclude0_shift1,1,False,1,volume_baseline,120,120,0,0.21588810480468668
1h_exclude0_shift1,1,False,1,volume_baseline,120,121,0,0.23143394414802637
1h_exclude0_shift1,1,False,1,volume_baseline,120,122,1,0.267506883814732
1h_exclude0_shift1,1,False,1,volume_baseline,120,123,1,0.4673122567327604
1h_exclude0_shift1,1,False,1,volume_baseline,120,124,0,0.7745167250962619
1h_exclude0_shift1,1,False,1,volume_baseline,120,125,0,0.6362641546293716
1h_exclude0_shift1,1,False,1,volume_baseline,120,126,0,0.7082074972886018
1h_exclude0_shift1,1,False,1,volume_baseline,120,127,0,0.5420813923271244
1h_exclude0_shift1,1,False,1,volume_baseline,120,128,0,0.7079228785071658
1h_exclude0_shift1,1,False,1,volume_baseline,120,129,0,0.5924438956974737
1h_exclude0_shift1,1,False,1,volume_baseline,120,130,0,0.6953103701513282
1h_exclude0_shift1,1,False,1,volume_baseline,120,131,0,0.5199155546516622
1h_exclude0_shift1,1,False,1,plus_composition,120,120,0,0.19326496724226994
1h_exclude0_shift1,1,False,1,plus_composition,120,121,0,0.17586703348726376
1h_exclude0_shift1,1,False,1,plus_composition,120,122,1,0.19778995596063495
1h_exclude0_shift1,1,False,1,plus_composition,120,123,1,0.35666398309188013
1h_exclude0_shift1,1,False,1,plus_composition,120,124,0,0.7733518812817711
1h_exclude0_shift1,1,False,1,plus_composition,120,125,0,0.5612110481385749
1h_exclude0_shift1,1,False,1,plus_composition,120,126,0,0.6407234111945365
1h_exclude0_shift1,1,False,1,plus_composition,120,127,0,0.5029481141471003
1h_exclude0_shift1,1,False,1,plus_composition,120,128,0,0.57024628352067
1h_exclude0_shift1,1,False,1,plus_composition,120,129,0,0.4420157749077124
1h_exclude0_shift1,1,False,1,plus_composition,120,130,0,0.5379276252837639
1h_exclude0_shift1,1,False,1,plus_composition,120,131,0,0.3237553803984418
1h_exclude0_shift1,1,False,1,persistence,120,120,0,0.0
1h_exclude0_shift1,1,False,1,persistence,120,121,0,0.0
1h_exclude0_shift1,1,False,1,persistence,120,122,1,0.0
1h_exclude0_shift1,1,False,1,persistence,120,123,1,1.0
1h_exclude0_shift1,1,False,1,persistence,120,124,0,1.0
1h_exclude0_shift1,1,False,1,persistence,120,125,0,0.0
1h_exclude0_shift1,1,False,1,persistence,120,126,0,0.0
1h_exclude0_shift1,1,False,1,persistence,120,127,0,0.0
1h_exclude0_shift1,1,False,1,persistence,120,128,0,0.0
1h_exclude0_shift1,1,False,1,persistence,120,129,0,0.0
1h_exclude0_shift1,1,False,1,persistence,120,130,0,0.0
1h_exclude0_shift1,1,False,1,persistence,120,131,0,0.0
1h_exclude0_shift1,1,False,1,training_mean,120,120,0,5.73109243697479
1h_exclude0_shift1,1,False,1,training_mean,120,121,0,5.73109243697479
1h_exclude0_shift1,1,False,1,training_mean,120,122,1,5.73109243697479
1h_exclude0_shift1,1,False,1,training_mean,120,123,1,5.73109243697479
1h_exclude0_shift1,1,False,1,training_mean,120,124,0,5.73109243697479
1h_exclude0_shift1,1,False,1,training_mean,120,125,0,5.73109243697479
1h_exclude0_shift1,1,False,1,training_mean,120,126,0,5.73109243697479
1h_exclude0_shift1,1,False,1,training_mean,120,127,0,5.73109243697479
1h_exclude0_shift1,1,False,1,training_mean,120,128,0,5.73109243697479
1h_exclude0_shift1,1,False,1,training_mean,120,129,0,5.73109243697479
1h_exclude0_shift1,1,False,1,training_mean,120,130,0,5.73109243697479
1h_exclude0_shift1,1,False,1,training_mean,120,131,0,5.73109243697479
1h_exclude0_shift1,1,False,1,volume_baseline,132,132,0,0.35172962270757346
1h_exclude0_shift1,1,False,1,volume_baseline,132,133,0,0.4049030815178314
1h_exclude0_shift1,1,False,1,volume_baseline,132,134,0,0.3110202101950105
1h_exclude0_shift1,1,False,1,volume_baseline,132,135,0,0.03588772162041631
1h_exclude0_shift1,1,False,1,volume_baseline,132,136,0,0.0027818507370350252
1h_exclude0_shift1,1,False,1,volume_baseline,132,137,0,0.0003942238163349326
1h_exclude0_shift1,1,False,1,volume_baseline,132,138,0,0.0003453617427883258
1h_exclude0_shift1,1,False,1,volume_baseline,132,139,0,0.0003106465566372509
1h_exclude0_shift1,1,False,1,volume_baseline,132,140,0,0.00028876121889685345
1h_exclude0_shift1,1,False,1,volume_baseline,132,141,0,0.0002785717634574956
1h_exclude0_shift1,1,False,1,volume_baseline,132,142,0,0.0002793882714753356
1h_exclude0_shift1,1,False,1,volume_baseline,132,143,0,0.00029103765806122076
1h_exclude0_shift1,1,False,1,plus_composition,132,132,0,0.21371798403754505
1h_exclude0_shift1,1,False,1,plus_composition,132,133,0,0.2454280107967947
1h_exclude0_shift1,1,False,1,plus_composition,132,134,0,0.21021249531384892
1h_exclude0_shift1,1,False,1,plus_composition,132,135,0,0.017837491456337062
1h_exclude0_shift1,1,False,1,plus_composition,132,136,0,0.0006358841911223535
1h_exclude0_shift1,1,False,1,plus_composition,132,137,0,6.689184247642916e-05
1h_exclude0_shift1,1,False,1,plus_composition,132,138,0,5.735060986533358e-05
1h_exclude0_shift1,1,False,1,plus_composition,132,139,0,5.122737741157087e-05
1h_exclude0_shift1,1,False,1,plus_composition,132,140,0,4.799729532075819e-05
1h_exclude0_shift1,1,False,1,plus_composition,132,141,0,4.7339014463151585e-05
1h_exclude0_shift1,1,False,1,plus_composition,132,142,0,4.9150487589065114e-05
1h_exclude0_shift1,1,False,1,plus_composition,132,143,0,5.353537614360039e-05
1h_exclude0_shift1,1,False,1,persistence,132,132,0,0.0
1h_exclude0_shift1,1,False,1,persistence,132,133,0,0.0
1h_exclude0_shift1,1,False,1,persistence,132,134,0,0.0
1h_exclude0_shift1,1,False,1,persistence,132,135,0,0.0
1h_exclude0_shift1,1,False,1,persistence,132,136,0,0.0
1h_exclude0_shift1,1,False,1,persistence,132,137,0,0.0
1h_exclude0_shift1,1,False,1,persistence,132,138,0,0.0
1h_exclude0_shift1,1,False,1,persistence,132,139,0,0.0
1h_exclude0_shift1,1,False,1,persistence,132,140,0,0.0
1h_exclude0_shift1,1,False,1,persistence,132,141,0,0.0
1h_exclude0_shift1,1,False,1,persistence,132,142,0,0.0
1h_exclude0_shift1,1,False,1,persistence,132,143,0,0.0
1h_exclude0_shift1,1,False,1,training_mean,132,132,0,5.221374045801527
1h_exclude0_shift1,1,False,1,training_mean,132,133,0,5.221374045801527
1h_exclude0_shift1,1,False,1,training_mean,132,134,0,5.221374045801527
1h_exclude0_shift1,1,False,1,training_mean,132,135,0,5.221374045801527
1h_exclude0_shift1,1,False,1,training_mean,132,136,0,5.221374045801527
1h_exclude0_shift1,1,False,1,training_mean,132,137,0,5.221374045801527
1h_exclude0_shift1,1,False,1,training_mean,132,138,0,5.221374045801527
1h_exclude0_shift1,1,False,1,training_mean,132,139,0,5.221374045801527
1h_exclude0_shift1,1,False,1,training_mean,132,140,0,5.221374045801527
1h_exclude0_shift1,1,False,1,training_mean,132,141,0,5.221374045801527
1h_exclude0_shift1,1,False,1,training_mean,132,142,0,5.221374045801527
1h_exclude0_shift1,1,False,1,training_mean,132,143,0,5.221374045801527
1h_exclude0_shift2,1,False,2,volume_baseline,48,48,2,2.45944608422702
1h_exclude0_shift2,1,False,2,volume_baseline,48,49,1,3.070066103269932
1h_exclude0_shift2,1,False,2,volume_baseline,48,50,2,3.552607010707891
1h_exclude0_shift2,1,False,2,volume_baseline,48,51,0,6.288681017253044
1h_exclude0_shift2,1,False,2,volume_baseline,48,52,0,6.047185148416035
1h_exclude0_shift2,1,False,2,volume_baseline,48,53,0,10.120117916463814
1h_exclude0_shift2,1,False,2,volume_baseline,48,54,0,16.437781846852708
1h_exclude0_shift2,1,False,2,volume_baseline,48,55,1,25.588414972892313
1h_exclude0_shift2,1,False,2,volume_baseline,48,56,2,51.762511409006265
1h_exclude0_shift2,1,False,2,volume_baseline,48,57,0,90.39619994367422
1h_exclude0_shift2,1,False,2,volume_baseline,48,58,1,72.26605786491623
1h_exclude0_shift2,1,False,2,volume_baseline,48,59,1,114.03577133203521
1h_exclude0_shift2,1,False,2,plus_composition,48,48,2,2.3111631069334893
1h_exclude0_shift2,1,False,2,plus_composition,48,49,1,2.9113319538883813
1h_exclude0_shift2,1,False,2,plus_composition,48,50,2,2.6465858024924045
1h_exclude0_shift2,1,False,2,plus_composition,48,51,0,3.473133925986186
1h_exclude0_shift2,1,False,2,plus_composition,48,52,0,7.4521811505905795
1h_exclude0_shift2,1,False,2,plus_composition,48,53,0,8.151132468638206
1h_exclude0_shift2,1,False,2,plus_composition,48,54,0,15.096753844807964
1h_exclude0_shift2,1,False,2,plus_composition,48,55,1,17.861523278712603
1h_exclude0_shift2,1,False,2,plus_composition,48,56,2,44.95592139505624
1h_exclude0_shift2,1,False,2,plus_composition,48,57,0,75.76425110317064
1h_exclude0_shift2,1,False,2,plus_composition,48,58,1,47.31222784870558
1h_exclude0_shift2,1,False,2,plus_composition,48,59,1,47.39899751012326
1h_exclude0_shift2,1,False,2,persistence,48,48,2,2.0
1h_exclude0_shift2,1,False,2,persistence,48,49,1,2.0
1h_exclude0_shift2,1,False,2,persistence,48,50,2,1.0
1h_exclude0_shift2,1,False,2,persistence,48,51,0,2.0
1h_exclude0_shift2,1,False,2,persistence,48,52,0,0.0
1h_exclude0_shift2,1,False,2,persistence,48,53,0,0.0
1h_exclude0_shift2,1,False,2,persistence,48,54,0,0.0
1h_exclude0_shift2,1,False,2,persistence,48,55,1,0.0
1h_exclude0_shift2,1,False,2,persistence,48,56,2,1.0
1h_exclude0_shift2,1,False,2,persistence,48,57,0,2.0
1h_exclude0_shift2,1,False,2,persistence,48,58,1,0.0
1h_exclude0_shift2,1,False,2,persistence,48,59,1,1.0
1h_exclude0_shift2,1,False,2,training_mean,48,48,2,2.021276595744681
1h_exclude0_shift2,1,False,2,training_mean,48,49,1,2.021276595744681
1h_exclude0_shift2,1,False,2,training_mean,48,50,2,2.021276595744681
1h_exclude0_shift2,1,False,2,training_mean,48,51,0,2.021276595744681
1h_exclude0_shift2,1,False,2,training_mean,48,52,0,2.021276595744681
1h_exclude0_shift2,1,False,2,training_mean,48,53,0,2.021276595744681
1h_exclude0_shift2,1,False,2,training_mean,48,54,0,2.021276595744681
1h_exclude0_shift2,1,False,2,training_mean,48,55,1,2.021276595744681
1h_exclude0_shift2,1,False,2,training_mean,48,56,2,2.021276595744681
1h_exclude0_shift2,1,False,2,training_mean,48,57,0,2.021276595744681
1h_exclude0_shift2,1,False,2,training_mean,48,58,1,2.021276595744681
1h_exclude0_shift2,1,False,2,training_mean,48,59,1,2.021276595744681
1h_exclude0_shift2,1,False,2,volume_baseline,60,60,4,1.7541814188180864
1h_exclude0_shift2,1,False,2,volume_baseline,60,61,3,2.2202790495199896
1h_exclude0_shift2,1,False,2,volume_baseline,60,62,1,1.8516490464698097
1h_exclude0_shift2,1,False,2,volume_baseline,60,63,0,1.0338224918437187
1h_exclude0_shift2,1,False,2,volume_baseline,60,64,1,0.48997786389691766
1h_exclude0_shift2,1,False,2,volume_baseline,60,65,0,0.6102868795456158
1h_exclude0_shift2,1,False,2,volume_baseline,60,66,0,0.29285734314852246
1h_exclude0_shift2,1,False,2,volume_baseline,60,67,0,0.24868323130537967
1h_exclude0_shift2,1,False,2,volume_baseline,60,68,2,0.11248847144663617
1h_exclude0_shift2,1,False,2,volume_baseline,60,69,0,0.00639027407871299
1h_exclude0_shift2,1,False,2,volume_baseline,60,70,0,0.00628789230634109
1h_exclude0_shift2,1,False,2,volume_baseline,60,71,0,0.1646719894827063
1h_exclude0_shift2,1,False,2,plus_composition,60,60,4,1.0992821830350794
1h_exclude0_shift2,1,False,2,plus_composition,60,61,3,0.8231062661182353
1h_exclude0_shift2,1,False,2,plus_composition,60,62,1,1.0903442692641234
1h_exclude0_shift2,1,False,2,plus_composition,60,63,0,0.9018443001306514
1h_exclude0_shift2,1,False,2,plus_composition,60,64,1,0.7165854625581896
1h_exclude0_shift2,1,False,2,plus_composition,60,65,0,0.5695269320312085
1h_exclude0_shift2,1,False,2,plus_composition,60,66,0,0.22481688484284978
1h_exclude0_shift2,1,False,2,plus_composition,60,67,0,0.7166462198005765
1h_exclude0_shift2,1,False,2,plus_composition,60,68,2,0.15498266800965266
1h_exclude0_shift2,1,False,2,plus_composition,60,69,0,0.013098582139980651
1h_exclude0_shift2,1,False,2,plus_composition,60,70,0,0.022423822679403436
1h_exclude0_shift2,1,False,2,plus_composition,60,71,0,0.5805300278408132
1h_exclude0_shift2,1,False,2,persistence,60,60,4,1.0
1h_exclude0_shift2,1,False,2,persistence,60,61,3,4.0
1h_exclude0_shift2,1,False,2,persistence,60,62,1,3.0
1h_exclude0_shift2,1,False,2,persistence,60,63,0,1.0
1h_exclude0_shift2,1,False,2,persistence,60,64,1,0.0
1h_exclude0_shift2,1,False,2,persistence,60,65,0,1.0
1h_exclude0_shift2,1,False,2,persistence,60,66,0,0.0
1h_exclude0_shift2,1,False,2,persistence,60,67,0,0.0
1h_exclude0_shift2,1,False,2,persistence,60,68,2,0.0
1h_exclude0_shift2,1,False,2,persistence,60,69,0,2.0
1h_exclude0_shift2,1,False,2,persistence,60,70,0,0.0
1h_exclude0_shift2,1,False,2,persistence,60,71,0,0.0
1h_exclude0_shift2,1,False,2,training_mean,60,60,4,1.7796610169491525
1h_exclude0_shift2,1,False,2,training_mean,60,61,3,1.7796610169491525
1h_exclude0_shift2,1,False,2,training_mean,60,62,1,1.7796610169491525
1h_exclude0_shift2,1,False,2,training_mean,60,63,0,1.7796610169491525
1h_exclude0_shift2,1,False,2,training_mean,60,64,1,1.7796610169491525
1h_exclude0_shift2,1,False,2,training_mean,60,65,0,1.7796610169491525
1h_exclude0_shift2,1,False,2,training_mean,60,66,0,1.7796610169491525
1h_exclude0_shift2,1,False,2,training_mean,60,67,0,1.7796610169491525
1h_exclude0_shift2,1,False,2,training_mean,60,68,2,1.7796610169491525
1h_exclude0_shift2,1,False,2,training_mean,60,69,0,1.7796610169491525
1h_exclude0_shift2,1,False,2,training_mean,60,70,0,1.7796610169491525
1h_exclude0_shift2,1,False,2,training_mean,60,71,0,1.7796610169491525
1h_exclude0_shift2,1,False,2,volume_baseline,72,72,0,0.17449771272061548
1h_exclude0_shift2,1,False,2,volume_baseline,72,73,0,0.1558353716388973
1h_exclude0_shift2,1,False,2,volume_baseline,72,74,1,0.23185013035177673
1h_exclude0_shift2,1,False,2,volume_baseline,72,75,0,0.4875415975051661
1h_exclude0_shift2,1,False,2,volume_baseline,72,76,2,0.3924307114827651
1h_exclude0_shift2,1,False,2,volume_baseline,72,77,2,1.0036446228851545
1h_exclude0_shift2,1,False,2,volume_baseline,72,78,1,1.1701937368471467
1h_exclude0_shift2,1,False,2,volume_baseline,72,79,8,1.1512279432395094
1h_exclude0_shift2,1,False,2,volume_baseline,72,80,38,3.5288495183260418
1h_exclude0_shift2,1,False,2,volume_baseline,72,81,74,10.316351548811348
1h_exclude0_shift2,1,False,2,volume_baseline,72,82,100,19.43841277888331
1h_exclude0_shift2,1,False,2,volume_baseline,72,83,46,25.657549344512862
1h_exclude0_shift2,1,False,2,plus_composition,72,72,0,0.40622049677140415
1h_exclude0_shift2,1,False,2,plus_composition,72,73,0,0.4012722451788975
1h_exclude0_shift2,1,False,2,plus_composition,72,74,1,0.4689106401850287
1h_exclude0_shift2,1,False,2,plus_composition,72,75,0,0.7551016973754081
1h_exclude0_shift2,1,False,2,plus_composition,72,76,2,0.8705810057291423
1h_exclude0_shift2,1,False,2,plus_composition,72,77,2,1.433274836947374
1h_exclude0_shift2,1,False,2,plus_composition,72,78,1,1.873820266867806
1h_exclude0_shift2,1,False,2,plus_composition,72,79,8,1.7215698572076543
1h_exclude0_shift2,1,False,2,plus_composition,72,80,38,3.3636660871114343
1h_exclude0_shift2,1,False,2,plus_composition,72,81,74,7.252071224646891
1h_exclude0_shift2,1,False,2,plus_composition,72,82,100,10.160214013132082
1h_exclude0_shift2,1,False,2,plus_composition,72,83,46,11.827122408756363
1h_exclude0_shift2,1,False,2,persistence,72,72,0,0.0
1h_exclude0_shift2,1,False,2,persistence,72,73,0,0.0
1h_exclude0_shift2,1,False,2,persistence,72,74,1,0.0
1h_exclude0_shift2,1,False,2,persistence,72,75,0,1.0
1h_exclude0_shift2,1,False,2,persistence,72,76,2,0.0
1h_exclude0_shift2,1,False,2,persistence,72,77,2,2.0
1h_exclude0_shift2,1,False,2,persistence,72,78,1,2.0
1h_exclude0_shift2,1,False,2,persistence,72,79,8,1.0
1h_exclude0_shift2,1,False,2,persistence,72,80,38,8.0
1h_exclude0_shift2,1,False,2,persistence,72,81,74,38.0
1h_exclude0_shift2,1,False,2,persistence,72,82,100,74.0
1h_exclude0_shift2,1,False,2,persistence,72,83,46,100.0
1h_exclude0_shift2,1,False,2,training_mean,72,72,0,1.6338028169014085
1h_exclude0_shift2,1,False,2,training_mean,72,73,0,1.6338028169014085
1h_exclude0_shift2,1,False,2,training_mean,72,74,1,1.6338028169014085
1h_exclude0_shift2,1,False,2,training_mean,72,75,0,1.6338028169014085
1h_exclude0_shift2,1,False,2,training_mean,72,76,2,1.6338028169014085
1h_exclude0_shift2,1,False,2,training_mean,72,77,2,1.6338028169014085
1h_exclude0_shift2,1,False,2,training_mean,72,78,1,1.6338028169014085
1h_exclude0_shift2,1,False,2,training_mean,72,79,8,1.6338028169014085
1h_exclude0_shift2,1,False,2,training_mean,72,80,38,1.6338028169014085
1h_exclude0_shift2,1,False,2,training_mean,72,81,74,1.6338028169014085
1h_exclude0_shift2,1,False,2,training_mean,72,82,100,1.6338028169014085
1h_exclude0_shift2,1,False,2,training_mean,72,83,46,1.6338028169014085
1h_exclude0_shift2,1,False,2,volume_baseline,84,84,37,44.71638161356531
1h_exclude0_shift2,1,False,2,volume_baseline,84,85,64,30.19670941015402
1h_exclude0_shift2,1,False,2,volume_baseline,84,86,32,33.55615256123811
1h_exclude0_shift2,1,False,2,volume_baseline,84,87,26,15.907582438182754
1h_exclude0_shift2,1,False,2,volume_baseline,84,88,19,10.459772016025093
1h_exclude0_shift2,1,False,2,volume_baseline,84,89,15,7.126562677274737
1h_exclude0_shift2,1,False,2,volume_baseline,84,90,9,5.9354474157869515
1h_exclude0_shift2,1,False,2,volume_baseline,84,91,20,3.3786642349608544
1h_exclude0_shift2,1,False,2,volume_baseline,84,92,15,5.0722291239993105
1h_exclude0_shift2,1,False,2,volume_baseline,84,93,12,4.89290516971415
1h_exclude0_shift2,1,False,2,volume_baseline,84,94,10,3.983625668158046
1h_exclude0_shift2,1,False,2,volume_baseline,84,95,4,3.603734784251478
1h_exclude0_shift2,1,False,2,plus_composition,84,84,37,91.23778394177327
1h_exclude0_shift2,1,False,2,plus_composition,84,85,64,1219.0524573604173
1h_exclude0_shift2,1,False,2,plus_composition,84,86,32,8262.860489724373
1h_exclude0_shift2,1,False,2,plus_composition,84,87,26,41508.80715591461
1h_exclude0_shift2,1,False,2,plus_composition,84,88,19,179664.57917605285
1h_exclude0_shift2,1,False,2,plus_composition,84,89,15,11315.734181046548
1h_exclude0_shift2,1,False,2,plus_composition,84,90,9,6039.436333917769
1h_exclude0_shift2,1,False,2,plus_composition,84,91,20,3513.437984683203
1h_exclude0_shift2,1,False,2,plus_composition,84,92,15,834.2553151222728
1h_exclude0_shift2,1,False,2,plus_composition,84,93,12,5679.106755330667
1h_exclude0_shift2,1,False,2,plus_composition,84,94,10,2294.6754058247493
1h_exclude0_shift2,1,False,2,plus_composition,84,95,4,481.8689120534544
1h_exclude0_shift2,1,False,2,persistence,84,84,37,46.0
1h_exclude0_shift2,1,False,2,persistence,84,85,64,37.0
1h_exclude0_shift2,1,False,2,persistence,84,86,32,64.0
1h_exclude0_shift2,1,False,2,persistence,84,87,26,32.0
1h_exclude0_shift2,1,False,2,persistence,84,88,19,26.0
1h_exclude0_shift2,1,False,2,persistence,84,89,15,19.0
1h_exclude0_shift2,1,False,2,persistence,84,90,9,15.0
1h_exclude0_shift2,1,False,2,persistence,84,91,20,9.0
1h_exclude0_shift2,1,False,2,persistence,84,92,15,20.0
1h_exclude0_shift2,1,False,2,persistence,84,93,12,15.0
1h_exclude0_shift2,1,False,2,persistence,84,94,10,12.0
1h_exclude0_shift2,1,False,2,persistence,84,95,4,10.0
1h_exclude0_shift2,1,False,2,training_mean,84,84,37,4.674698795180723
1h_exclude0_shift2,1,False,2,training_mean,84,85,64,4.674698795180723
1h_exclude0_shift2,1,False,2,training_mean,84,86,32,4.674698795180723
1h_exclude0_shift2,1,False,2,training_mean,84,87,26,4.674698795180723
1h_exclude0_shift2,1,False,2,training_mean,84,88,19,4.674698795180723
1h_exclude0_shift2,1,False,2,training_mean,84,89,15,4.674698795180723
1h_exclude0_shift2,1,False,2,training_mean,84,90,9,4.674698795180723
1h_exclude0_shift2,1,False,2,training_mean,84,91,20,4.674698795180723
1h_exclude0_shift2,1,False,2,training_mean,84,92,15,4.674698795180723
1h_exclude0_shift2,1,False,2,training_mean,84,93,12,4.674698795180723
1h_exclude0_shift2,1,False,2,training_mean,84,94,10,4.674698795180723
1h_exclude0_shift2,1,False,2,training_mean,84,95,4,4.674698795180723
1h_exclude0_shift2,1,False,2,volume_baseline,96,96,5,4.750273946066156
1h_exclude0_shift2,1,False,2,volume_baseline,96,97,8,6.691913713326712
1h_exclude0_shift2,1,False,2,volume_baseline,96,98,3,5.597966283792404
1h_exclude0_shift2,1,False,2,volume_baseline,96,99,3,2.0753157468649137
1h_exclude0_shift2,1,False,2,volume_baseline,96,100,1,2.00463688409323
1h_exclude0_shift2,1,False,2,volume_baseline,96,101,0,1.7791021196086303
1h_exclude0_shift2,1,False,2,volume_baseline,96,102,1,1.2903233943977983
1h_exclude0_shift2,1,False,2,volume_baseline,96,103,4,2.081555411091662
1h_exclude0_shift2,1,False,2,volume_baseline,96,104,2,5.44249111831775
1h_exclude0_shift2,1,False,2,volume_baseline,96,105,2,2.223917368233139
1h_exclude0_shift2,1,False,2,volume_baseline,96,106,0,3.2148115236129633
1h_exclude0_shift2,1,False,2,volume_baseline,96,107,0,1.403105001114815
1h_exclude0_shift2,1,False,2,plus_composition,96,96,5,6.273701574309004
1h_exclude0_shift2,1,False,2,plus_composition,96,97,8,8.307811114796106
1h_exclude0_shift2,1,False,2,plus_composition,96,98,3,10.115772360263328
1h_exclude0_shift2,1,False,2,plus_composition,96,99,3,3.5886396625747405
1h_exclude0_shift2,1,False,2,plus_composition,96,100,1,6.5256592999894645
1h_exclude0_shift2,1,False,2,plus_composition,96,101,0,8.877757597026578
1h_exclude0_shift2,1,False,2,plus_composition,96,102,1,6.754211571155918
1h_exclude0_shift2,1,False,2,plus_composition,96,103,4,6.937595360007519
1h_exclude0_shift2,1,False,2,plus_composition,96,104,2,21.269135840280352
1h_exclude0_shift2,1,False,2,plus_composition,96,105,2,9.543372463499484
1h_exclude0_shift2,1,False,2,plus_composition,96,106,0,17.50619778581061
1h_exclude0_shift2,1,False,2,plus_composition,96,107,0,5.604778907461371
1h_exclude0_shift2,1,False,2,persistence,96,96,5,4.0
1h_exclude0_shift2,1,False,2,persistence,96,97,8,5.0
1h_exclude0_shift2,1,False,2,persistence,96,98,3,8.0
1h_exclude0_shift2,1,False,2,persistence,96,99,3,3.0
1h_exclude0_shift2,1,False,2,persistence,96,100,1,3.0
1h_exclude0_shift2,1,False,2,persistence,96,101,0,1.0
1h_exclude0_shift2,1,False,2,persistence,96,102,1,0.0
1h_exclude0_shift2,1,False,2,persistence,96,103,4,1.0
1h_exclude0_shift2,1,False,2,persistence,96,104,2,4.0
1h_exclude0_shift2,1,False,2,persistence,96,105,2,2.0
1h_exclude0_shift2,1,False,2,persistence,96,106,0,2.0
1h_exclude0_shift2,1,False,2,persistence,96,107,0,0.0
1h_exclude0_shift2,1,False,2,training_mean,96,96,5,6.852631578947369
1h_exclude0_shift2,1,False,2,training_mean,96,97,8,6.852631578947369
1h_exclude0_shift2,1,False,2,training_mean,96,98,3,6.852631578947369
1h_exclude0_shift2,1,False,2,training_mean,96,99,3,6.852631578947369
1h_exclude0_shift2,1,False,2,training_mean,96,100,1,6.852631578947369
1h_exclude0_shift2,1,False,2,training_mean,96,101,0,6.852631578947369
1h_exclude0_shift2,1,False,2,training_mean,96,102,1,6.852631578947369
1h_exclude0_shift2,1,False,2,training_mean,96,103,4,6.852631578947369
1h_exclude0_shift2,1,False,2,training_mean,96,104,2,6.852631578947369
1h_exclude0_shift2,1,False,2,training_mean,96,105,2,6.852631578947369
1h_exclude0_shift2,1,False,2,training_mean,96,106,0,6.852631578947369
1h_exclude0_shift2,1,False,2,training_mean,96,107,0,6.852631578947369
1h_exclude0_shift2,1,False,2,volume_baseline,108,108,0,1.0333264061494847
1h_exclude0_shift2,1,False,2,volume_baseline,108,109,0,0.8585062028227504
1h_exclude0_shift2,1,False,2,volume_baseline,108,110,0,0.7015082783290819
1h_exclude0_shift2,1,False,2,volume_baseline,108,111,0,0.5297990772562089
1h_exclude0_shift2,1,False,2,volume_baseline,108,112,1,0.5642509798676457
1h_exclude0_shift2,1,False,2,volume_baseline,108,113,0,0.6339833720166762
1h_exclude0_shift2,1,False,2,volume_baseline,108,114,0,0.3642926306915048
1h_exclude0_shift2,1,False,2,volume_baseline,108,115,1,0.3300073474079619
1h_exclude0_shift2,1,False,2,volume_baseline,108,116,0,0.3186040239329903
1h_exclude0_shift2,1,False,2,volume_baseline,108,117,0,0.006997023163675463
1h_exclude0_shift2,1,False,2,volume_baseline,108,118,0,0.0008509851789777204
1h_exclude0_shift2,1,False,2,volume_baseline,108,119,0,0.3542095294193655
1h_exclude0_shift2,1,False,2,plus_composition,108,108,0,1.1443369040627027
1h_exclude0_shift2,1,False,2,plus_composition,108,109,0,0.8092761974474891
1h_exclude0_shift2,1,False,2,plus_composition,108,110,0,0.5714934658924564
1h_exclude0_shift2,1,False,2,plus_composition,108,111,0,0.5075719015345107
1h_exclude0_shift2,1,False,2,plus_composition,108,112,1,0.517507957649569
1h_exclude0_shift2,1,False,2,plus_composition,108,113,0,0.5308589203318748
1h_exclude0_shift2,1,False,2,plus_composition,108,114,0,0.3317418257486527
1h_exclude0_shift2,1,False,2,plus_composition,108,115,1,0.2219359096138007
1h_exclude0_shift2,1,False,2,plus_composition,108,116,0,0.26131365347242674
1h_exclude0_shift2,1,False,2,plus_composition,108,117,0,0.001021114302211699
1h_exclude0_shift2,1,False,2,plus_composition,108,118,0,8.172433394555615e-05
1h_exclude0_shift2,1,False,2,plus_composition,108,119,0,0.30520273790744323
1h_exclude0_shift2,1,False,2,persistence,108,108,0,0.0
1h_exclude0_shift2,1,False,2,persistence,108,109,0,0.0
1h_exclude0_shift2,1,False,2,persistence,108,110,0,0.0
1h_exclude0_shift2,1,False,2,persistence,108,111,0,0.0
1h_exclude0_shift2,1,False,2,persistence,108,112,1,0.0
1h_exclude0_shift2,1,False,2,persistence,108,113,0,1.0
1h_exclude0_shift2,1,False,2,persistence,108,114,0,0.0
1h_exclude0_shift2,1,False,2,persistence,108,115,1,0.0
1h_exclude0_shift2,1,False,2,persistence,108,116,0,1.0
1h_exclude0_shift2,1,False,2,persistence,108,117,0,0.0
1h_exclude0_shift2,1,False,2,persistence,108,118,0,0.0
1h_exclude0_shift2,1,False,2,persistence,108,119,0,0.0
1h_exclude0_shift2,1,False,2,training_mean,108,108,0,6.355140186915888
1h_exclude0_shift2,1,False,2,training_mean,108,109,0,6.355140186915888
1h_exclude0_shift2,1,False,2,training_mean,108,110,0,6.355140186915888
1h_exclude0_shift2,1,False,2,training_mean,108,111,0,6.355140186915888
1h_exclude0_shift2,1,False,2,training_mean,108,112,1,6.355140186915888
1h_exclude0_shift2,1,False,2,training_mean,108,113,0,6.355140186915888
1h_exclude0_shift2,1,False,2,training_mean,108,114,0,6.355140186915888
1h_exclude0_shift2,1,False,2,training_mean,108,115,1,6.355140186915888
1h_exclude0_shift2,1,False,2,training_mean,108,116,0,6.355140186915888
1h_exclude0_shift2,1,False,2,training_mean,108,117,0,6.355140186915888
1h_exclude0_shift2,1,False,2,training_mean,108,118,0,6.355140186915888
1h_exclude0_shift2,1,False,2,training_mean,108,119,0,6.355140186915888
1h_exclude0_shift2,1,False,2,volume_baseline,120,120,0,0.22090909321238528
1h_exclude0_shift2,1,False,2,volume_baseline,120,121,0,0.23036472923661844
1h_exclude0_shift2,1,False,2,volume_baseline,120,122,0,0.26205305275307833
1h_exclude0_shift2,1,False,2,volume_baseline,120,123,1,0.2845842590345719
1h_exclude0_shift2,1,False,2,volume_baseline,120,124,1,0.7521582151335219
1h_exclude0_shift2,1,False,2,volume_baseline,120,125,0,1.0077554986101032
1h_exclude0_shift2,1,False,2,volume_baseline,120,126,0,0.7370889098470422
1h_exclude0_shift2,1,False,2,volume_baseline,120,127,0,0.5749767338660058
1h_exclude0_shift2,1,False,2,volume_baseline,120,128,0,0.78948954470836
1h_exclude0_shift2,1,False,2,volume_baseline,120,129,0,0.6848536847718381
1h_exclude0_shift2,1,False,2,volume_baseline,120,130,0,0.8477456483556347
1h_exclude0_shift2,1,False,2,volume_baseline,120,131,0,0.6551899328403693
1h_exclude0_shift2,1,False,2,plus_composition,120,120,0,0.18010134214125081
1h_exclude0_shift2,1,False,2,plus_composition,120,121,0,0.14271742087811512
1h_exclude0_shift2,1,False,2,plus_composition,120,122,0,0.15419795741460343
1h_exclude0_shift2,1,False,2,plus_composition,120,123,1,0.18846634986537925
1h_exclude0_shift2,1,False,2,plus_composition,120,124,1,0.7285214357819112
1h_exclude0_shift2,1,False,2,plus_composition,120,125,0,0.729887362255653
1h_exclude0_shift2,1,False,2,plus_composition,120,126,0,0.5721923136353061
1h_exclude0_shift2,1,False,2,plus_composition,120,127,0,0.46813891018046044
1h_exclude0_shift2,1,False,2,plus_composition,120,128,0,0.5025365924122736
1h_exclude0_shift2,1,False,2,plus_composition,120,129,0,0.3852315713777703
1h_exclude0_shift2,1,False,2,plus_composition,120,130,0,0.5031335275079907
1h_exclude0_shift2,1,False,2,plus_composition,120,131,0,0.2748544570018871
1h_exclude0_shift2,1,False,2,persistence,120,120,0,0.0
1h_exclude0_shift2,1,False,2,persistence,120,121,0,0.0
1h_exclude0_shift2,1,False,2,persistence,120,122,0,0.0
1h_exclude0_shift2,1,False,2,persistence,120,123,1,0.0
1h_exclude0_shift2,1,False,2,persistence,120,124,1,1.0
1h_exclude0_shift2,1,False,2,persistence,120,125,0,1.0
1h_exclude0_shift2,1,False,2,persistence,120,126,0,0.0
1h_exclude0_shift2,1,False,2,persistence,120,127,0,0.0
1h_exclude0_shift2,1,False,2,persistence,120,128,0,0.0
1h_exclude0_shift2,1,False,2,persistence,120,129,0,0.0
1h_exclude0_shift2,1,False,2,persistence,120,130,0,0.0
1h_exclude0_shift2,1,False,2,persistence,120,131,0,0.0
1h_exclude0_shift2,1,False,2,training_mean,120,120,0,5.73109243697479
1h_exclude0_shift2,1,False,2,training_mean,120,121,0,5.73109243697479
1h_exclude0_shift2,1,False,2,training_mean,120,122,0,5.73109243697479
1h_exclude0_shift2,1,False,2,training_mean,120,123,1,5.73109243697479
1h_exclude0_shift2,1,False,2,training_mean,120,124,1,5.73109243697479
1h_exclude0_shift2,1,False,2,training_mean,120,125,0,5.73109243697479
1h_exclude0_shift2,1,False,2,training_mean,120,126,0,5.73109243697479
1h_exclude0_shift2,1,False,2,training_mean,120,127,0,5.73109243697479
1h_exclude0_shift2,1,False,2,training_mean,120,128,0,5.73109243697479
1h_exclude0_shift2,1,False,2,training_mean,120,129,0,5.73109243697479
1h_exclude0_shift2,1,False,2,training_mean,120,130,0,5.73109243697479
1h_exclude0_shift2,1,False,2,training_mean,120,131,0,5.73109243697479
1h_exclude0_shift2,1,False,2,volume_baseline,132,132,0,0.4557177640467359
1h_exclude0_shift2,1,False,2,volume_baseline,132,133,0,0.5483774073318783
1h_exclude0_shift2,1,False,2,volume_baseline,132,134,0,0.4271039856406273
1h_exclude0_shift2,1,False,2,volume_baseline,132,135,0,0.04463613420660032
1h_exclude0_shift2,1,False,2,volume_baseline,132,136,0,0.003032626231879229
1h_exclude0_shift2,1,False,2,volume_baseline,132,137,0,0.00038472301178179387
1h_exclude0_shift2,1,False,2,volume_baseline,132,138,0,0.0003293432478587162
1h_exclude0_shift2,1,False,2,volume_baseline,132,139,0,0.00028709004432146186
1h_exclude0_shift2,1,False,2,volume_baseline,132,140,0,0.00025708374666733497
1h_exclude0_shift2,1,False,2,volume_baseline,132,141,0,0.00023814426241107914
1h_exclude0_shift2,1,False,2,volume_baseline,132,142,0,0.0002292630876831589
1h_exclude0_shift2,1,False,2,volume_baseline,132,143,0,0.00022984557264131913
1h_exclude0_shift2,1,False,2,plus_composition,132,132,0,0.20341864159333273
1h_exclude0_shift2,1,False,2,plus_composition,132,133,0,0.24452719102213819
1h_exclude0_shift2,1,False,2,plus_composition,132,134,0,0.235976707721997
1h_exclude0_shift2,1,False,2,plus_composition,132,135,0,0.016681610670349917
1h_exclude0_shift2,1,False,2,plus_composition,132,136,0,0.0003453813195734008
1h_exclude0_shift2,1,False,2,plus_composition,132,137,0,2.9559678975996652e-05
1h_exclude0_shift2,1,False,2,plus_composition,132,138,0,2.4789212800388543e-05
1h_exclude0_shift2,1,False,2,plus_composition,132,139,0,2.1619885830015803e-05
1h_exclude0_shift2,1,False,2,plus_composition,132,140,0,1.9779252716597477e-05
1h_exclude0_shift2,1,False,2,plus_composition,132,141,0,1.9083376263530834e-05
1h_exclude0_shift2,1,False,2,plus_composition,132,142,0,1.945086675604844e-05
1h_exclude0_shift2,1,False,2,plus_composition,132,143,0,2.0901917471914246e-05
1h_exclude0_shift2,1,False,2,persistence,132,132,0,0.0
1h_exclude0_shift2,1,False,2,persistence,132,133,0,0.0
1h_exclude0_shift2,1,False,2,persistence,132,134,0,0.0
1h_exclude0_shift2,1,False,2,persistence,132,135,0,0.0
1h_exclude0_shift2,1,False,2,persistence,132,136,0,0.0
1h_exclude0_shift2,1,False,2,persistence,132,137,0,0.0
1h_exclude0_shift2,1,False,2,persistence,132,138,0,0.0
1h_exclude0_shift2,1,False,2,persistence,132,139,0,0.0
1h_exclude0_shift2,1,False,2,persistence,132,140,0,0.0
1h_exclude0_shift2,1,False,2,persistence,132,141,0,0.0
1h_exclude0_shift2,1,False,2,persistence,132,142,0,0.0
1h_exclude0_shift2,1,False,2,persistence,132,143,0,0.0
1h_exclude0_shift2,1,False,2,training_mean,132,132,0,5.221374045801527
1h_exclude0_shift2,1,False,2,training_mean,132,133,0,5.221374045801527
1h_exclude0_shift2,1,False,2,training_mean,132,134,0,5.221374045801527
1h_exclude0_shift2,1,False,2,training_mean,132,135,0,5.221374045801527
1h_exclude0_shift2,1,False,2,training_mean,132,136,0,5.221374045801527
1h_exclude0_shift2,1,False,2,training_mean,132,137,0,5.221374045801527
1h_exclude0_shift2,1,False,2,training_mean,132,138,0,5.221374045801527
1h_exclude0_shift2,1,False,2,training_mean,132,139,0,5.221374045801527
1h_exclude0_shift2,1,False,2,training_mean,132,140,0,5.221374045801527
1h_exclude0_shift2,1,False,2,training_mean,132,141,0,5.221374045801527
1h_exclude0_shift2,1,False,2,training_mean,132,142,0,5.221374045801527
1h_exclude0_shift2,1,False,2,training_mean,132,143,0,5.221374045801527
1h_exclude1_shift-2,1,True,-2,volume_baseline,48,48,0,2.2918517560559057
1h_exclude1_shift-2,1,True,-2,volume_baseline,48,49,0,3.4647950044945643
1h_exclude1_shift-2,1,True,-2,volume_baseline,48,50,0,5.456523648917011
1h_exclude1_shift-2,1,True,-2,volume_baseline,48,51,1,8.664998236367602
1h_exclude1_shift-2,1,True,-2,volume_baseline,48,52,2,18.297355861204412
1h_exclude1_shift-2,1,True,-2,volume_baseline,48,53,0,33.49999981819075
1h_exclude1_shift-2,1,True,-2,volume_baseline,48,54,1,27.65318423239179
1h_exclude1_shift-2,1,True,-2,volume_baseline,48,55,1,48.409427017026886
1h_exclude1_shift-2,1,True,-2,volume_baseline,48,56,4,55.909860680260834
1h_exclude1_shift-2,1,True,-2,volume_baseline,48,57,3,93.69113134249211
1h_exclude1_shift-2,1,True,-2,volume_baseline,48,58,1,79.74403082823311
1h_exclude1_shift-2,1,True,-2,volume_baseline,48,59,0,50.281789019305855
1h_exclude1_shift-2,1,True,-2,plus_composition,48,48,0,1.5519636213956296
1h_exclude1_shift-2,1,True,-2,plus_composition,48,49,0,1.7896291901395587
1h_exclude1_shift-2,1,True,-2,plus_composition,48,50,0,2.019881231618562
1h_exclude1_shift-2,1,True,-2,plus_composition,48,51,1,3.7423035921812335
1h_exclude1_shift-2,1,True,-2,plus_composition,48,52,2,15.301321952682258
1h_exclude1_shift-2,1,True,-2,plus_composition,48,53,0,19.893442230157746
1h_exclude1_shift-2,1,True,-2,plus_composition,48,54,1,26.264316086244303
1h_exclude1_shift-2,1,True,-2,plus_composition,48,55,1,32.668231474482795
1h_exclude1_shift-2,1,True,-2,plus_composition,48,56,4,56.270280735412086
1h_exclude1_shift-2,1,True,-2,plus_composition,48,57,3,117.56605640773179
1h_exclude1_shift-2,1,True,-2,plus_composition,48,58,1,54.691373064579174
1h_exclude1_shift-2,1,True,-2,plus_composition,48,59,0,31.88525165651506
1h_exclude1_shift-2,1,True,-2,persistence,48,48,0,0.0
1h_exclude1_shift-2,1,True,-2,persistence,48,49,0,0.0
1h_exclude1_shift-2,1,True,-2,persistence,48,50,0,0.0
1h_exclude1_shift-2,1,True,-2,persistence,48,51,1,0.0
1h_exclude1_shift-2,1,True,-2,persistence,48,52,2,1.0
1h_exclude1_shift-2,1,True,-2,persistence,48,53,0,2.0
1h_exclude1_shift-2,1,True,-2,persistence,48,54,1,0.0
1h_exclude1_shift-2,1,True,-2,persistence,48,55,1,1.0
1h_exclude1_shift-2,1,True,-2,persistence,48,56,4,1.0
1h_exclude1_shift-2,1,True,-2,persistence,48,57,3,4.0
1h_exclude1_shift-2,1,True,-2,persistence,48,58,1,3.0
1h_exclude1_shift-2,1,True,-2,persistence,48,59,0,1.0
1h_exclude1_shift-2,1,True,-2,training_mean,48,48,0,2.127659574468085
1h_exclude1_shift-2,1,True,-2,training_mean,48,49,0,2.127659574468085
1h_exclude1_shift-2,1,True,-2,training_mean,48,50,0,2.127659574468085
1h_exclude1_shift-2,1,True,-2,training_mean,48,51,1,2.127659574468085
1h_exclude1_shift-2,1,True,-2,training_mean,48,52,2,2.127659574468085
1h_exclude1_shift-2,1,True,-2,training_mean,48,53,0,2.127659574468085
1h_exclude1_shift-2,1,True,-2,training_mean,48,54,1,2.127659574468085
1h_exclude1_shift-2,1,True,-2,training_mean,48,55,1,2.127659574468085
1h_exclude1_shift-2,1,True,-2,training_mean,48,56,4,2.127659574468085
1h_exclude1_shift-2,1,True,-2,training_mean,48,57,3,2.127659574468085
1h_exclude1_shift-2,1,True,-2,training_mean,48,58,1,2.127659574468085
1h_exclude1_shift-2,1,True,-2,training_mean,48,59,0,2.127659574468085
1h_exclude1_shift-2,1,True,-2,volume_baseline,60,60,1,0.45223252112545564
1h_exclude1_shift-2,1,True,-2,volume_baseline,60,61,0,0.49858174091132934
1h_exclude1_shift-2,1,True,-2,volume_baseline,60,62,0,0.21906818154520352
1h_exclude1_shift-2,1,True,-2,volume_baseline,60,63,0,0.178671190668315
1h_exclude1_shift-2,1,True,-2,volume_baseline,60,64,2,0.12905755152033158
1h_exclude1_shift-2,1,True,-2,volume_baseline,60,65,0,0.2816455220332951
1h_exclude1_shift-2,1,True,-2,volume_baseline,60,66,0,0.08573172211161954
1h_exclude1_shift-2,1,True,-2,volume_baseline,60,67,0,0.08384010405165035
1h_exclude1_shift-2,1,True,-2,volume_baseline,60,68,0,0.04752586995282398
1h_exclude1_shift-2,1,True,-2,volume_baseline,60,69,0,0.0028637493954208814
1h_exclude1_shift-2,1,True,-2,volume_baseline,60,70,1,0.006378100637696094
1h_exclude1_shift-2,1,True,-2,volume_baseline,60,71,0,0.20813488027231355
1h_exclude1_shift-2,1,True,-2,plus_composition,60,60,1,0.247012221863959
1h_exclude1_shift-2,1,True,-2,plus_composition,60,61,0,0.3499466573423971
1h_exclude1_shift-2,1,True,-2,plus_composition,60,62,0,0.18967805289091832
1h_exclude1_shift-2,1,True,-2,plus_composition,60,63,0,0.18335997249431685
1h_exclude1_shift-2,1,True,-2,plus_composition,60,64,2,0.08075714297775421
1h_exclude1_shift-2,1,True,-2,plus_composition,60,65,0,0.23015013052237726
1h_exclude1_shift-2,1,True,-2,plus_composition,60,66,0,0.007606812381801093
1h_exclude1_shift-2,1,True,-2,plus_composition,60,67,0,0.084868768215973
1h_exclude1_shift-2,1,True,-2,plus_composition,60,68,0,0.016647476085588905
1h_exclude1_shift-2,1,True,-2,plus_composition,60,69,0,0.008601536405852256
1h_exclude1_shift-2,1,True,-2,plus_composition,60,70,1,0.018929118060818886
1h_exclude1_shift-2,1,True,-2,plus_composition,60,71,0,0.25220041633725304
1h_exclude1_shift-2,1,True,-2,persistence,60,60,1,0.0
1h_exclude1_shift-2,1,True,-2,persistence,60,61,0,1.0
1h_exclude1_shift-2,1,True,-2,persistence,60,62,0,0.0
1h_exclude1_shift-2,1,True,-2,persistence,60,63,0,0.0
1h_exclude1_shift-2,1,True,-2,persistence,60,64,2,0.0
1h_exclude1_shift-2,1,True,-2,persistence,60,65,0,2.0
1h_exclude1_shift-2,1,True,-2,persistence,60,66,0,0.0
1h_exclude1_shift-2,1,True,-2,persistence,60,67,0,0.0
1h_exclude1_shift-2,1,True,-2,persistence,60,68,0,0.0
1h_exclude1_shift-2,1,True,-2,persistence,60,69,0,0.0
1h_exclude1_shift-2,1,True,-2,persistence,60,70,1,0.0
1h_exclude1_shift-2,1,True,-2,persistence,60,71,0,1.0
1h_exclude1_shift-2,1,True,-2,training_mean,60,60,1,1.9152542372881356
1h_exclude1_shift-2,1,True,-2,training_mean,60,61,0,1.9152542372881356
1h_exclude1_shift-2,1,True,-2,training_mean,60,62,0,1.9152542372881356
1h_exclude1_shift-2,1,True,-2,training_mean,60,63,0,1.9152542372881356
1h_exclude1_shift-2,1,True,-2,training_mean,60,64,2,1.9152542372881356
1h_exclude1_shift-2,1,True,-2,training_mean,60,65,0,1.9152542372881356
1h_exclude1_shift-2,1,True,-2,training_mean,60,66,0,1.9152542372881356
1h_exclude1_shift-2,1,True,-2,training_mean,60,67,0,1.9152542372881356
1h_exclude1_shift-2,1,True,-2,training_mean,60,68,0,1.9152542372881356
1h_exclude1_shift-2,1,True,-2,training_mean,60,69,0,1.9152542372881356
1h_exclude1_shift-2,1,True,-2,training_mean,60,70,1,1.9152542372881356
1h_exclude1_shift-2,1,True,-2,training_mean,60,71,0,1.9152542372881356
1h_exclude1_shift-2,1,True,-2,volume_baseline,72,72,2,0.18745938939140833
1h_exclude1_shift-2,1,True,-2,volume_baseline,72,73,2,0.5567996803681803
1h_exclude1_shift-2,1,True,-2,volume_baseline,72,74,1,0.8258952972752268
1h_exclude1_shift-2,1,True,-2,volume_baseline,72,75,8,0.7437052803427492
1h_exclude1_shift-2,1,True,-2,volume_baseline,72,76,38,3.6853679773775756
1h_exclude1_shift-2,1,True,-2,volume_baseline,72,77,74,16.60630795830032
1h_exclude1_shift-2,1,True,-2,volume_baseline,72,78,100,33.07791437869346
1h_exclude1_shift-2,1,True,-2,volume_baseline,72,79,46,48.08679601739305
1h_exclude1_shift-2,1,True,-2,volume_baseline,72,80,37,22.403332511133705
1h_exclude1_shift-2,1,True,-2,volume_baseline,72,81,64,16.919850646510007
1h_exclude1_shift-2,1,True,-2,volume_baseline,72,82,32,26.870556865642264
1h_exclude1_shift-2,1,True,-2,volume_baseline,72,83,26,12.778734276110638
1h_exclude1_shift-2,1,True,-2,plus_composition,72,72,2,0.3556657855231857
1h_exclude1_shift-2,1,True,-2,plus_composition,72,73,2,0.5616403842534078
1h_exclude1_shift-2,1,True,-2,plus_composition,72,74,1,1.0770188739202937
1h_exclude1_shift-2,1,True,-2,plus_composition,72,75,8,1.1269998466570423
1h_exclude1_shift-2,1,True,-2,plus_composition,72,76,38,4.539688710474583
1h_exclude1_shift-2,1,True,-2,plus_composition,72,77,74,12.244763415487622
1h_exclude1_shift-2,1,True,-2,plus_composition,72,78,100,56.521823738980615
1h_exclude1_shift-2,1,True,-2,plus_composition,72,79,46,39.426049569362114
1h_exclude1_shift-2,1,True,-2,plus_composition,72,80,37,7.384533391208072
1h_exclude1_shift-2,1,True,-2,plus_composition,72,81,64,1.0007992566167032
1h_exclude1_shift-2,1,True,-2,plus_composition,72,82,32,1.7087010102064333
1h_exclude1_shift-2,1,True,-2,plus_composition,72,83,26,3.124487459670661
1h_exclude1_shift-2,1,True,-2,persistence,72,72,2,0.0
1h_exclude1_shift-2,1,True,-2,persistence,72,73,2,2.0
1h_exclude1_shift-2,1,True,-2,persistence,72,74,1,2.0
1h_exclude1_shift-2,1,True,-2,persistence,72,75,8,1.0
1h_exclude1_shift-2,1,True,-2,persistence,72,76,38,8.0
1h_exclude1_shift-2,1,True,-2,persistence,72,77,74,38.0
1h_exclude1_shift-2,1,True,-2,persistence,72,78,100,74.0
1h_exclude1_shift-2,1,True,-2,persistence,72,79,46,100.0
1h_exclude1_shift-2,1,True,-2,persistence,72,80,37,46.0
1h_exclude1_shift-2,1,True,-2,persistence,72,81,64,37.0
1h_exclude1_shift-2,1,True,-2,persistence,72,82,32,64.0
1h_exclude1_shift-2,1,True,-2,persistence,72,83,26,32.0
1h_exclude1_shift-2,1,True,-2,training_mean,72,72,2,1.647887323943662
1h_exclude1_shift-2,1,True,-2,training_mean,72,73,2,1.647887323943662
1h_exclude1_shift-2,1,True,-2,training_mean,72,74,1,1.647887323943662
1h_exclude1_shift-2,1,True,-2,training_mean,72,75,8,1.647887323943662
1h_exclude1_shift-2,1,True,-2,training_mean,72,76,38,1.647887323943662
1h_exclude1_shift-2,1,True,-2,training_mean,72,77,74,1.647887323943662
1h_exclude1_shift-2,1,True,-2,training_mean,72,78,100,1.647887323943662
1h_exclude1_shift-2,1,True,-2,training_mean,72,79,46,1.647887323943662
1h_exclude1_shift-2,1,True,-2,training_mean,72,80,37,1.647887323943662
1h_exclude1_shift-2,1,True,-2,training_mean,72,81,64,1.647887323943662
1h_exclude1_shift-2,1,True,-2,training_mean,72,82,32,1.647887323943662
1h_exclude1_shift-2,1,True,-2,training_mean,72,83,26,1.647887323943662
1h_exclude1_shift-2,1,True,-2,volume_baseline,84,84,19,16.038393604288267
1h_exclude1_shift-2,1,True,-2,volume_baseline,84,85,15,10.433346399901675
1h_exclude1_shift-2,1,True,-2,volume_baseline,84,86,9,7.349055351712897
1h_exclude1_shift-2,1,True,-2,volume_baseline,84,87,20,4.5021909299558605
1h_exclude1_shift-2,1,True,-2,volume_baseline,84,88,15,7.072115779970607
1h_exclude1_shift-2,1,True,-2,volume_baseline,84,89,12,5.68805825497652
1h_exclude1_shift-2,1,True,-2,volume_baseline,84,90,10,5.311155034949753
1h_exclude1_shift-2,1,True,-2,volume_baseline,84,91,4,4.86511807764955
1h_exclude1_shift-2,1,True,-2,volume_baseline,84,92,5,2.998385835361147
1h_exclude1_shift-2,1,True,-2,volume_baseline,84,93,8,4.329759207925002
1h_exclude1_shift-2,1,True,-2,volume_baseline,84,94,3,6.843877461866714
1h_exclude1_shift-2,1,True,-2,volume_baseline,84,95,3,4.477720956806856
1h_exclude1_shift-2,1,True,-2,plus_composition,84,84,19,12.017610128660978
1h_exclude1_shift-2,1,True,-2,plus_composition,84,85,15,7.62465087753403
1h_exclude1_shift-2,1,True,-2,plus_composition,84,86,9,3.8995262742219516
1h_exclude1_shift-2,1,True,-2,plus_composition,84,87,20,2.128225543149611
1h_exclude1_shift-2,1,True,-2,plus_composition,84,88,15,3.660948731055305
1h_exclude1_shift-2,1,True,-2,plus_composition,84,89,12,2.553784830397743
1h_exclude1_shift-2,1,True,-2,plus_composition,84,90,10,2.498794899104971
1h_exclude1_shift-2,1,True,-2,plus_composition,84,91,4,2.5304059818296802
1h_exclude1_shift-2,1,True,-2,plus_composition,84,92,5,1.687246333476575
1h_exclude1_shift-2,1,True,-2,plus_composition,84,93,8,3.1827397554931025
1h_exclude1_shift-2,1,True,-2,plus_composition,84,94,3,4.546934192328576
1h_exclude1_shift-2,1,True,-2,plus_composition,84,95,3,4.499452641627542
1h_exclude1_shift-2,1,True,-2,persistence,84,84,19,26.0
1h_exclude1_shift-2,1,True,-2,persistence,84,85,15,19.0
1h_exclude1_shift-2,1,True,-2,persistence,84,86,9,15.0
1h_exclude1_shift-2,1,True,-2,persistence,84,87,20,9.0
1h_exclude1_shift-2,1,True,-2,persistence,84,88,15,20.0
1h_exclude1_shift-2,1,True,-2,persistence,84,89,12,15.0
1h_exclude1_shift-2,1,True,-2,persistence,84,90,10,12.0
1h_exclude1_shift-2,1,True,-2,persistence,84,91,4,10.0
1h_exclude1_shift-2,1,True,-2,persistence,84,92,5,4.0
1h_exclude1_shift-2,1,True,-2,persistence,84,93,8,5.0
1h_exclude1_shift-2,1,True,-2,persistence,84,94,3,8.0
1h_exclude1_shift-2,1,True,-2,persistence,84,95,3,3.0
1h_exclude1_shift-2,1,True,-2,training_mean,84,84,19,6.590361445783133
1h_exclude1_shift-2,1,True,-2,training_mean,84,85,15,6.590361445783133
1h_exclude1_shift-2,1,True,-2,training_mean,84,86,9,6.590361445783133
1h_exclude1_shift-2,1,True,-2,training_mean,84,87,20,6.590361445783133
1h_exclude1_shift-2,1,True,-2,training_mean,84,88,15,6.590361445783133
1h_exclude1_shift-2,1,True,-2,training_mean,84,89,12,6.590361445783133
1h_exclude1_shift-2,1,True,-2,training_mean,84,90,10,6.590361445783133
1h_exclude1_shift-2,1,True,-2,training_mean,84,91,4,6.590361445783133
1h_exclude1_shift-2,1,True,-2,training_mean,84,92,5,6.590361445783133
1h_exclude1_shift-2,1,True,-2,training_mean,84,93,8,6.590361445783133
1h_exclude1_shift-2,1,True,-2,training_mean,84,94,3,6.590361445783133
1h_exclude1_shift-2,1,True,-2,training_mean,84,95,3,6.590361445783133
1h_exclude1_shift-2,1,True,-2,volume_baseline,96,96,1,6.575238319838656
1h_exclude1_shift-2,1,True,-2,volume_baseline,96,97,0,4.756599077275899
1h_exclude1_shift-2,1,True,-2,volume_baseline,96,98,1,2.6853373436708763
1h_exclude1_shift-2,1,True,-2,volume_baseline,96,99,4,4.059805390513789
1h_exclude1_shift-2,1,True,-2,volume_baseline,96,100,2,8.100170329449542
1h_exclude1_shift-2,1,True,-2,volume_baseline,96,101,2,6.056344086730565
1h_exclude1_shift-2,1,True,-2,volume_baseline,96,102,0,6.000892043226406
1h_exclude1_shift-2,1,True,-2,volume_baseline,96,103,0,2.4898606494790485
1h_exclude1_shift-2,1,True,-2,volume_baseline,96,104,0,2.5515332339367025
1h_exclude1_shift-2,1,True,-2,volume_baseline,96,105,0,1.8670880569500694
1h_exclude1_shift-2,1,True,-2,volume_baseline,96,106,0,1.8459026213615917
1h_exclude1_shift-2,1,True,-2,volume_baseline,96,107,0,1.5503676533124702
1h_exclude1_shift-2,1,True,-2,plus_composition,96,96,1,7.226370044873329
1h_exclude1_shift-2,1,True,-2,plus_composition,96,97,0,5.711176952722751
1h_exclude1_shift-2,1,True,-2,plus_composition,96,98,1,5.1291994314343405
1h_exclude1_shift-2,1,True,-2,plus_composition,96,99,4,4.827204752225134
1h_exclude1_shift-2,1,True,-2,plus_composition,96,100,2,24.185390574899507
1h_exclude1_shift-2,1,True,-2,plus_composition,96,101,2,34.48994059040972
1h_exclude1_shift-2,1,True,-2,plus_composition,96,102,0,28.61898930306674
1h_exclude1_shift-2,1,True,-2,plus_composition,96,103,0,10.678857364842353
1h_exclude1_shift-2,1,True,-2,plus_composition,96,104,0,11.41284283422912
1h_exclude1_shift-2,1,True,-2,plus_composition,96,105,0,5.97111423672598
1h_exclude1_shift-2,1,True,-2,plus_composition,96,106,0,9.590484056394693
1h_exclude1_shift-2,1,True,-2,plus_composition,96,107,0,3.9314665298460927
1h_exclude1_shift-2,1,True,-2,persistence,96,96,1,3.0
1h_exclude1_shift-2,1,True,-2,persistence,96,97,0,1.0
1h_exclude1_shift-2,1,True,-2,persistence,96,98,1,0.0
1h_exclude1_shift-2,1,True,-2,persistence,96,99,4,1.0
1h_exclude1_shift-2,1,True,-2,persistence,96,100,2,4.0
1h_exclude1_shift-2,1,True,-2,persistence,96,101,2,2.0
1h_exclude1_shift-2,1,True,-2,persistence,96,102,0,2.0
1h_exclude1_shift-2,1,True,-2,persistence,96,103,0,0.0
1h_exclude1_shift-2,1,True,-2,persistence,96,104,0,0.0
1h_exclude1_shift-2,1,True,-2,persistence,96,105,0,0.0
1h_exclude1_shift-2,1,True,-2,persistence,96,106,0,0.0
1h_exclude1_shift-2,1,True,-2,persistence,96,107,0,0.0
1h_exclude1_shift-2,1,True,-2,training_mean,96,96,1,7.052631578947368
1h_exclude1_shift-2,1,True,-2,training_mean,96,97,0,7.052631578947368
1h_exclude1_shift-2,1,True,-2,training_mean,96,98,1,7.052631578947368
1h_exclude1_shift-2,1,True,-2,training_mean,96,99,4,7.052631578947368
1h_exclude1_shift-2,1,True,-2,training_mean,96,100,2,7.052631578947368
1h_exclude1_shift-2,1,True,-2,training_mean,96,101,2,7.052631578947368
1h_exclude1_shift-2,1,True,-2,training_mean,96,102,0,7.052631578947368
1h_exclude1_shift-2,1,True,-2,training_mean,96,103,0,7.052631578947368
1h_exclude1_shift-2,1,True,-2,training_mean,96,104,0,7.052631578947368
1h_exclude1_shift-2,1,True,-2,training_mean,96,105,0,7.052631578947368
1h_exclude1_shift-2,1,True,-2,training_mean,96,106,0,7.052631578947368
1h_exclude1_shift-2,1,True,-2,training_mean,96,107,0,7.052631578947368
1h_exclude1_shift-2,1,True,-2,volume_baseline,108,108,1,0.5867438882145282
1h_exclude1_shift-2,1,True,-2,volume_baseline,108,109,0,0.936349680548106
1h_exclude1_shift-2,1,True,-2,volume_baseline,108,110,0,0.45447833757595363
1h_exclude1_shift-2,1,True,-2,volume_baseline,108,111,1,0.40825100021840127
1h_exclude1_shift-2,1,True,-2,volume_baseline,108,112,0,0.7804787238380231
1h_exclude1_shift-2,1,True,-2,volume_baseline,108,113,0,0.39724308363563426
1h_exclude1_shift-2,1,True,-2,volume_baseline,108,114,0,0.4096721833044237
1h_exclude1_shift-2,1,True,-2,volume_baseline,108,115,0,0.4267076793563319
1h_exclude1_shift-2,1,True,-2,volume_baseline,108,116,0,0.40712429736935674
1h_exclude1_shift-2,1,True,-2,volume_baseline,108,117,0,0.13580417535465603
1h_exclude1_shift-2,1,True,-2,volume_baseline,108,118,0,0.07072354824669354
1h_exclude1_shift-2,1,True,-2,volume_baseline,108,119,1,0.6872748988100648
1h_exclude1_shift-2,1,True,-2,plus_composition,108,108,1,0.5085263321063004
1h_exclude1_shift-2,1,True,-2,plus_composition,108,109,0,0.7221949614598543
1h_exclude1_shift-2,1,True,-2,plus_composition,108,110,0,0.34501519559469906
1h_exclude1_shift-2,1,True,-2,plus_composition,108,111,1,0.36469536072056463
1h_exclude1_shift-2,1,True,-2,plus_composition,108,112,0,0.5094321664560676
1h_exclude1_shift-2,1,True,-2,plus_composition,108,113,0,0.24684275962094465
1h_exclude1_shift-2,1,True,-2,plus_composition,108,114,0,0.31077959734467614
1h_exclude1_shift-2,1,True,-2,plus_composition,108,115,0,0.24058156118816726
1h_exclude1_shift-2,1,True,-2,plus_composition,108,116,0,0.3015088877367283
1h_exclude1_shift-2,1,True,-2,plus_composition,108,117,0,0.03608089346108388
1h_exclude1_shift-2,1,True,-2,plus_composition,108,118,0,0.019224553016832353
1h_exclude1_shift-2,1,True,-2,plus_composition,108,119,1,0.4618143753452417
1h_exclude1_shift-2,1,True,-2,persistence,108,108,1,0.0
1h_exclude1_shift-2,1,True,-2,persistence,108,109,0,1.0
1h_exclude1_shift-2,1,True,-2,persistence,108,110,0,0.0
1h_exclude1_shift-2,1,True,-2,persistence,108,111,1,0.0
1h_exclude1_shift-2,1,True,-2,persistence,108,112,0,1.0
1h_exclude1_shift-2,1,True,-2,persistence,108,113,0,0.0
1h_exclude1_shift-2,1,True,-2,persistence,108,114,0,0.0
1h_exclude1_shift-2,1,True,-2,persistence,108,115,0,0.0
1h_exclude1_shift-2,1,True,-2,persistence,108,116,0,0.0
1h_exclude1_shift-2,1,True,-2,persistence,108,117,0,0.0
1h_exclude1_shift-2,1,True,-2,persistence,108,118,0,0.0
1h_exclude1_shift-2,1,True,-2,persistence,108,119,1,0.0
1h_exclude1_shift-2,1,True,-2,training_mean,108,108,1,6.355140186915888
1h_exclude1_shift-2,1,True,-2,training_mean,108,109,0,6.355140186915888
1h_exclude1_shift-2,1,True,-2,training_mean,108,110,0,6.355140186915888
1h_exclude1_shift-2,1,True,-2,training_mean,108,111,1,6.355140186915888
1h_exclude1_shift-2,1,True,-2,training_mean,108,112,0,6.355140186915888
1h_exclude1_shift-2,1,True,-2,training_mean,108,113,0,6.355140186915888
1h_exclude1_shift-2,1,True,-2,training_mean,108,114,0,6.355140186915888
1h_exclude1_shift-2,1,True,-2,training_mean,108,115,0,6.355140186915888
1h_exclude1_shift-2,1,True,-2,training_mean,108,116,0,6.355140186915888
1h_exclude1_shift-2,1,True,-2,training_mean,108,117,0,6.355140186915888
1h_exclude1_shift-2,1,True,-2,training_mean,108,118,0,6.355140186915888
1h_exclude1_shift-2,1,True,-2,training_mean,108,119,1,6.355140186915888
1h_exclude1_shift-2,1,True,-2,volume_baseline,120,120,1,1.1143627071210023
1h_exclude1_shift-2,1,True,-2,volume_baseline,120,121,0,1.1866083259515061
1h_exclude1_shift-2,1,True,-2,volume_baseline,120,122,0,0.7136770574922986
1h_exclude1_shift-2,1,True,-2,volume_baseline,120,123,0,0.7440316289769952
1h_exclude1_shift-2,1,True,-2,volume_baseline,120,124,0,0.8852591303302378
1h_exclude1_shift-2,1,True,-2,volume_baseline,120,125,0,0.9258715691764376
1h_exclude1_shift-2,1,True,-2,volume_baseline,120,126,0,0.8993186901204206
1h_exclude1_shift-2,1,True,-2,volume_baseline,120,127,0,0.7437770750874935
1h_exclude1_shift-2,1,True,-2,volume_baseline,120,128,0,0.7436441497311347
1h_exclude1_shift-2,1,True,-2,volume_baseline,120,129,0,0.6203542180960679
1h_exclude1_shift-2,1,True,-2,volume_baseline,120,130,0,0.5929515035669545
1h_exclude1_shift-2,1,True,-2,volume_baseline,120,131,0,0.47986443601140305
1h_exclude1_shift-2,1,True,-2,plus_composition,120,120,1,0.8301934057669689
1h_exclude1_shift-2,1,True,-2,plus_composition,120,121,0,0.7330525909079466
1h_exclude1_shift-2,1,True,-2,plus_composition,120,122,0,0.3927601728936009
1h_exclude1_shift-2,1,True,-2,plus_composition,120,123,0,0.43394118788725417
1h_exclude1_shift-2,1,True,-2,plus_composition,120,124,0,0.6764251960322306
1h_exclude1_shift-2,1,True,-2,plus_composition,120,125,0,0.5342257131551607
1h_exclude1_shift-2,1,True,-2,plus_composition,120,126,0,0.5207040284343168
1h_exclude1_shift-2,1,True,-2,plus_composition,120,127,0,0.44376308246757007
1h_exclude1_shift-2,1,True,-2,plus_composition,120,128,0,0.3399701753142568
1h_exclude1_shift-2,1,True,-2,plus_composition,120,129,0,0.2594721476130643
1h_exclude1_shift-2,1,True,-2,plus_composition,120,130,0,0.2399183450089979
1h_exclude1_shift-2,1,True,-2,plus_composition,120,131,0,0.14779948587464864
1h_exclude1_shift-2,1,True,-2,persistence,120,120,1,1.0
1h_exclude1_shift-2,1,True,-2,persistence,120,121,0,1.0
1h_exclude1_shift-2,1,True,-2,persistence,120,122,0,0.0
1h_exclude1_shift-2,1,True,-2,persistence,120,123,0,0.0
1h_exclude1_shift-2,1,True,-2,persistence,120,124,0,0.0
1h_exclude1_shift-2,1,True,-2,persistence,120,125,0,0.0
1h_exclude1_shift-2,1,True,-2,persistence,120,126,0,0.0
1h_exclude1_shift-2,1,True,-2,persistence,120,127,0,0.0
1h_exclude1_shift-2,1,True,-2,persistence,120,128,0,0.0
1h_exclude1_shift-2,1,True,-2,persistence,120,129,0,0.0
1h_exclude1_shift-2,1,True,-2,persistence,120,130,0,0.0
1h_exclude1_shift-2,1,True,-2,persistence,120,131,0,0.0
1h_exclude1_shift-2,1,True,-2,training_mean,120,120,1,5.739495798319328
1h_exclude1_shift-2,1,True,-2,training_mean,120,121,0,5.739495798319328
1h_exclude1_shift-2,1,True,-2,training_mean,120,122,0,5.739495798319328
1h_exclude1_shift-2,1,True,-2,training_mean,120,123,0,5.739495798319328
1h_exclude1_shift-2,1,True,-2,training_mean,120,124,0,5.739495798319328
1h_exclude1_shift-2,1,True,-2,training_mean,120,125,0,5.739495798319328
1h_exclude1_shift-2,1,True,-2,training_mean,120,126,0,5.739495798319328
1h_exclude1_shift-2,1,True,-2,training_mean,120,127,0,5.739495798319328
1h_exclude1_shift-2,1,True,-2,training_mean,120,128,0,5.739495798319328
1h_exclude1_shift-2,1,True,-2,training_mean,120,129,0,5.739495798319328
1h_exclude1_shift-2,1,True,-2,training_mean,120,130,0,5.739495798319328
1h_exclude1_shift-2,1,True,-2,training_mean,120,131,0,5.739495798319328
1h_exclude1_shift-2,1,True,-2,volume_baseline,132,132,0,0.28545179022320705
1h_exclude1_shift-2,1,True,-2,volume_baseline,132,133,0,0.2888503240329968
1h_exclude1_shift-2,1,True,-2,volume_baseline,132,134,0,0.2562563717740317
1h_exclude1_shift-2,1,True,-2,volume_baseline,132,135,0,0.10290568994891582
1h_exclude1_shift-2,1,True,-2,volume_baseline,132,136,0,0.03892548861966412
1h_exclude1_shift-2,1,True,-2,volume_baseline,132,137,0,0.0183187433875842
1h_exclude1_shift-2,1,True,-2,volume_baseline,132,138,0,0.01866288218470745
1h_exclude1_shift-2,1,True,-2,volume_baseline,132,139,0,0.019501183327902693
1h_exclude1_shift-2,1,True,-2,volume_baseline,132,140,0,0.02082330238644763
1h_exclude1_shift-2,1,True,-2,volume_baseline,132,141,0,0.02260532636901757
1h_exclude1_shift-2,1,True,-2,volume_baseline,132,142,0,0.024792586729415842
1h_exclude1_shift-2,1,True,-2,volume_baseline,132,143,0,0.02728078611912049
1h_exclude1_shift-2,1,True,-2,plus_composition,132,132,0,0.08742276013981132
1h_exclude1_shift-2,1,True,-2,plus_composition,132,133,0,0.08229093248603138
1h_exclude1_shift-2,1,True,-2,plus_composition,132,134,0,0.0856319277521681
1h_exclude1_shift-2,1,True,-2,plus_composition,132,135,0,0.033537087862416874
1h_exclude1_shift-2,1,True,-2,plus_composition,132,136,0,0.006781939938444055
1h_exclude1_shift-2,1,True,-2,plus_composition,132,137,0,0.0030409922242337875
1h_exclude1_shift-2,1,True,-2,plus_composition,132,138,0,0.003090383923518411
1h_exclude1_shift-2,1,True,-2,plus_composition,132,139,0,0.0033045379159730493
1h_exclude1_shift-2,1,True,-2,plus_composition,132,140,0,0.003696416513009739
1h_exclude1_shift-2,1,True,-2,plus_composition,132,141,0,0.004287062501201329
1h_exclude1_shift-2,1,True,-2,plus_composition,132,142,0,0.0050969907592987584
1h_exclude1_shift-2,1,True,-2,plus_composition,132,143,0,0.006131617500265957
1h_exclude1_shift-2,1,True,-2,persistence,132,132,0,0.0
1h_exclude1_shift-2,1,True,-2,persistence,132,133,0,0.0
1h_exclude1_shift-2,1,True,-2,persistence,132,134,0,0.0
1h_exclude1_shift-2,1,True,-2,persistence,132,135,0,0.0
1h_exclude1_shift-2,1,True,-2,persistence,132,136,0,0.0
1h_exclude1_shift-2,1,True,-2,persistence,132,137,0,0.0
1h_exclude1_shift-2,1,True,-2,persistence,132,138,0,0.0
1h_exclude1_shift-2,1,True,-2,persistence,132,139,0,0.0
1h_exclude1_shift-2,1,True,-2,persistence,132,140,0,0.0
1h_exclude1_shift-2,1,True,-2,persistence,132,141,0,0.0
1h_exclude1_shift-2,1,True,-2,persistence,132,142,0,0.0
1h_exclude1_shift-2,1,True,-2,persistence,132,143,0,0.0
1h_exclude1_shift-2,1,True,-2,training_mean,132,132,0,5.221374045801527
1h_exclude1_shift-2,1,True,-2,training_mean,132,133,0,5.221374045801527
1h_exclude1_shift-2,1,True,-2,training_mean,132,134,0,5.221374045801527
1h_exclude1_shift-2,1,True,-2,training_mean,132,135,0,5.221374045801527
1h_exclude1_shift-2,1,True,-2,training_mean,132,136,0,5.221374045801527
1h_exclude1_shift-2,1,True,-2,training_mean,132,137,0,5.221374045801527
1h_exclude1_shift-2,1,True,-2,training_mean,132,138,0,5.221374045801527
1h_exclude1_shift-2,1,True,-2,training_mean,132,139,0,5.221374045801527
1h_exclude1_shift-2,1,True,-2,training_mean,132,140,0,5.221374045801527
1h_exclude1_shift-2,1,True,-2,training_mean,132,141,0,5.221374045801527
1h_exclude1_shift-2,1,True,-2,training_mean,132,142,0,5.221374045801527
1h_exclude1_shift-2,1,True,-2,training_mean,132,143,0,5.221374045801527
1h_exclude1_shift-1,1,True,-1,volume_baseline,48,48,0,4.507494427198563
1h_exclude1_shift-1,1,True,-1,volume_baseline,48,49,0,4.299732852474019
1h_exclude1_shift-1,1,True,-1,volume_baseline,48,50,0,7.049827454129968
1h_exclude1_shift-1,1,True,-1,volume_baseline,48,51,0,11.812973441352876
1h_exclude1_shift-1,1,True,-1,volume_baseline,48,52,1,19.50430071240116
1h_exclude1_shift-1,1,True,-1,volume_baseline,48,53,2,43.24606139347762
1h_exclude1_shift-1,1,True,-1,volume_baseline,48,54,0,79.03604000480061
1h_exclude1_shift-1,1,True,-1,volume_baseline,48,55,1,68.03041890338288
1h_exclude1_shift-1,1,True,-1,volume_baseline,48,56,1,119.64864082642109
1h_exclude1_shift-1,1,True,-1,volume_baseline,48,57,4,142.12480664952903
1h_exclude1_shift-1,1,True,-1,volume_baseline,48,58,3,225.91938715828107
1h_exclude1_shift-1,1,True,-1,volume_baseline,48,59,1,196.72618798518522
1h_exclude1_shift-1,1,True,-1,plus_composition,48,48,0,1.8051491933527022
1h_exclude1_shift-1,1,True,-1,plus_composition,48,49,0,1.3821060240032264
1h_exclude1_shift-1,1,True,-1,plus_composition,48,50,0,1.8732602670570664
1h_exclude1_shift-1,1,True,-1,plus_composition,48,51,0,4.523736038473495
1h_exclude1_shift-1,1,True,-1,plus_composition,48,52,1,14.924064983919061
1h_exclude1_shift-1,1,True,-1,plus_composition,48,53,2,28.331808378758303
1h_exclude1_shift-1,1,True,-1,plus_composition,48,54,0,83.6686719634262
1h_exclude1_shift-1,1,True,-1,plus_composition,48,55,1,87.80400133468378
1h_exclude1_shift-1,1,True,-1,plus_composition,48,56,1,176.91417439847737
1h_exclude1_shift-1,1,True,-1,plus_composition,48,57,4,340.809550530415
1h_exclude1_shift-1,1,True,-1,plus_composition,48,58,3,361.84982646364216
1h_exclude1_shift-1,1,True,-1,plus_composition,48,59,1,383.66616147911606
1h_exclude1_shift-1,1,True,-1,persistence,48,48,0,2.0
1h_exclude1_shift-1,1,True,-1,persistence,48,49,0,0.0
1h_exclude1_shift-1,1,True,-1,persistence,48,50,0,0.0
1h_exclude1_shift-1,1,True,-1,persistence,48,51,0,0.0
1h_exclude1_shift-1,1,True,-1,persistence,48,52,1,0.0
1h_exclude1_shift-1,1,True,-1,persistence,48,53,2,1.0
1h_exclude1_shift-1,1,True,-1,persistence,48,54,0,2.0
1h_exclude1_shift-1,1,True,-1,persistence,48,55,1,0.0
1h_exclude1_shift-1,1,True,-1,persistence,48,56,1,1.0
1h_exclude1_shift-1,1,True,-1,persistence,48,57,4,1.0
1h_exclude1_shift-1,1,True,-1,persistence,48,58,3,4.0
1h_exclude1_shift-1,1,True,-1,persistence,48,59,1,3.0
1h_exclude1_shift-1,1,True,-1,training_mean,48,48,0,2.127659574468085
1h_exclude1_shift-1,1,True,-1,training_mean,48,49,0,2.127659574468085
1h_exclude1_shift-1,1,True,-1,training_mean,48,50,0,2.127659574468085
1h_exclude1_shift-1,1,True,-1,training_mean,48,51,0,2.127659574468085
1h_exclude1_shift-1,1,True,-1,training_mean,48,52,1,2.127659574468085
1h_exclude1_shift-1,1,True,-1,training_mean,48,53,2,2.127659574468085
1h_exclude1_shift-1,1,True,-1,training_mean,48,54,0,2.127659574468085
1h_exclude1_shift-1,1,True,-1,training_mean,48,55,1,2.127659574468085
1h_exclude1_shift-1,1,True,-1,training_mean,48,56,1,2.127659574468085
1h_exclude1_shift-1,1,True,-1,training_mean,48,57,4,2.127659574468085
1h_exclude1_shift-1,1,True,-1,training_mean,48,58,3,2.127659574468085
1h_exclude1_shift-1,1,True,-1,training_mean,48,59,1,2.127659574468085
1h_exclude1_shift-1,1,True,-1,volume_baseline,60,60,0,1.3361474792386243
1h_exclude1_shift-1,1,True,-1,volume_baseline,60,61,1,0.4853087073410713
1h_exclude1_shift-1,1,True,-1,volume_baseline,60,62,0,0.7062632647258237
1h_exclude1_shift-1,1,True,-1,volume_baseline,60,63,0,0.3324347962285937
1h_exclude1_shift-1,1,True,-1,volume_baseline,60,64,0,0.2383272472702889
1h_exclude1_shift-1,1,True,-1,volume_baseline,60,65,2,0.18816840385237893
1h_exclude1_shift-1,1,True,-1,volume_baseline,60,66,0,0.3522802571096357
1h_exclude1_shift-1,1,True,-1,volume_baseline,60,67,0,0.1342970076205094
1h_exclude1_shift-1,1,True,-1,volume_baseline,60,68,0,0.07364106960006953
1h_exclude1_shift-1,1,True,-1,volume_baseline,60,69,0,0.00498119806899913
1h_exclude1_shift-1,1,True,-1,volume_baseline,60,70,0,0.009891896716568434
1h_exclude1_shift-1,1,True,-1,volume_baseline,60,71,1,0.13658301706304266
1h_exclude1_shift-1,1,True,-1,plus_composition,60,60,0,1.489943177101133
1h_exclude1_shift-1,1,True,-1,plus_composition,60,61,1,0.9758513793005105
1h_exclude1_shift-1,1,True,-1,plus_composition,60,62,0,1.3706287102191363
1h_exclude1_shift-1,1,True,-1,plus_composition,60,63,0,0.939665300138741
1h_exclude1_shift-1,1,True,-1,plus_composition,60,64,0,0.3147077660868083
1h_exclude1_shift-1,1,True,-1,plus_composition,60,65,2,0.4101457898986808
1h_exclude1_shift-1,1,True,-1,plus_composition,60,66,0,0.04775074691505598
1h_exclude1_shift-1,1,True,-1,plus_composition,60,67,0,0.17423659422434484
1h_exclude1_shift-1,1,True,-1,plus_composition,60,68,0,0.03440832457795922
1h_exclude1_shift-1,1,True,-1,plus_composition,60,69,0,0.011952145810577568
1h_exclude1_shift-1,1,True,-1,plus_composition,60,70,0,0.022912833754981966
1h_exclude1_shift-1,1,True,-1,plus_composition,60,71,1,0.11981066657159738
1h_exclude1_shift-1,1,True,-1,persistence,60,60,0,1.0
1h_exclude1_shift-1,1,True,-1,persistence,60,61,1,0.0
1h_exclude1_shift-1,1,True,-1,persistence,60,62,0,1.0
1h_exclude1_shift-1,1,True,-1,persistence,60,63,0,0.0
1h_exclude1_shift-1,1,True,-1,persistence,60,64,0,0.0
1h_exclude1_shift-1,1,True,-1,persistence,60,65,2,0.0
1h_exclude1_shift-1,1,True,-1,persistence,60,66,0,2.0
1h_exclude1_shift-1,1,True,-1,persistence,60,67,0,0.0
1h_exclude1_shift-1,1,True,-1,persistence,60,68,0,0.0
1h_exclude1_shift-1,1,True,-1,persistence,60,69,0,0.0
1h_exclude1_shift-1,1,True,-1,persistence,60,70,0,0.0
1h_exclude1_shift-1,1,True,-1,persistence,60,71,1,0.0
1h_exclude1_shift-1,1,True,-1,training_mean,60,60,0,1.9152542372881356
1h_exclude1_shift-1,1,True,-1,training_mean,60,61,1,1.9152542372881356
1h_exclude1_shift-1,1,True,-1,training_mean,60,62,0,1.9152542372881356
1h_exclude1_shift-1,1,True,-1,training_mean,60,63,0,1.9152542372881356
1h_exclude1_shift-1,1,True,-1,training_mean,60,64,0,1.9152542372881356
1h_exclude1_shift-1,1,True,-1,training_mean,60,65,2,1.9152542372881356
1h_exclude1_shift-1,1,True,-1,training_mean,60,66,0,1.9152542372881356
1h_exclude1_shift-1,1,True,-1,training_mean,60,67,0,1.9152542372881356
1h_exclude1_shift-1,1,True,-1,training_mean,60,68,0,1.9152542372881356
1h_exclude1_shift-1,1,True,-1,training_mean,60,69,0,1.9152542372881356
1h_exclude1_shift-1,1,True,-1,training_mean,60,70,0,1.9152542372881356
1h_exclude1_shift-1,1,True,-1,training_mean,60,71,1,1.9152542372881356
1h_exclude1_shift-1,1,True,-1,volume_baseline,72,72,0,0.29734025012860105
1h_exclude1_shift-1,1,True,-1,volume_baseline,72,73,2,0.1740097688792369
1h_exclude1_shift-1,1,True,-1,volume_baseline,72,74,2,0.6676834366402348
1h_exclude1_shift-1,1,True,-1,volume_baseline,72,75,1,0.9021712746279994
1h_exclude1_shift-1,1,True,-1,volume_baseline,72,76,8,0.8179166061335067
1h_exclude1_shift-1,1,True,-1,volume_baseline,72,77,38,3.4539952690065343
1h_exclude1_shift-1,1,True,-1,volume_baseline,72,78,74,13.334696159613511
1h_exclude1_shift-1,1,True,-1,volume_baseline,72,79,100,26.937516081545105
1h_exclude1_shift-1,1,True,-1,volume_baseline,72,80,46,34.2378569133209
1h_exclude1_shift-1,1,True,-1,volume_baseline,72,81,37,17.43981636785035
1h_exclude1_shift-1,1,True,-1,volume_baseline,72,82,64,14.911728079026368
1h_exclude1_shift-1,1,True,-1,volume_baseline,72,83,32,21.700812529420105
1h_exclude1_shift-1,1,True,-1,plus_composition,72,72,0,0.345433919997174
1h_exclude1_shift-1,1,True,-1,plus_composition,72,73,2,0.0924118771516207
1h_exclude1_shift-1,1,True,-1,plus_composition,72,74,2,0.5693186046336114
1h_exclude1_shift-1,1,True,-1,plus_composition,72,75,1,0.9255057048631755
1h_exclude1_shift-1,1,True,-1,plus_composition,72,76,8,0.6582603007861556
1h_exclude1_shift-1,1,True,-1,plus_composition,72,77,38,1.8837178277963456
1h_exclude1_shift-1,1,True,-1,plus_composition,72,78,74,19.15797764298574
1h_exclude1_shift-1,1,True,-1,plus_composition,72,79,100,20.061559840759184
1h_exclude1_shift-1,1,True,-1,plus_composition,72,80,46,8.085030313441361
1h_exclude1_shift-1,1,True,-1,plus_composition,72,81,37,0.49363148891888464
1h_exclude1_shift-1,1,True,-1,plus_composition,72,82,64,0.632694094377971
1h_exclude1_shift-1,1,True,-1,plus_composition,72,83,32,5.160530270816631
1h_exclude1_shift-1,1,True,-1,persistence,72,72,0,1.0
1h_exclude1_shift-1,1,True,-1,persistence,72,73,2,0.0
1h_exclude1_shift-1,1,True,-1,persistence,72,74,2,2.0
1h_exclude1_shift-1,1,True,-1,persistence,72,75,1,2.0
1h_exclude1_shift-1,1,True,-1,persistence,72,76,8,1.0
1h_exclude1_shift-1,1,True,-1,persistence,72,77,38,8.0
1h_exclude1_shift-1,1,True,-1,persistence,72,78,74,38.0
1h_exclude1_shift-1,1,True,-1,persistence,72,79,100,74.0
1h_exclude1_shift-1,1,True,-1,persistence,72,80,46,100.0
1h_exclude1_shift-1,1,True,-1,persistence,72,81,37,46.0
1h_exclude1_shift-1,1,True,-1,persistence,72,82,64,37.0
1h_exclude1_shift-1,1,True,-1,persistence,72,83,32,64.0
1h_exclude1_shift-1,1,True,-1,training_mean,72,72,0,1.647887323943662
1h_exclude1_shift-1,1,True,-1,training_mean,72,73,2,1.647887323943662
1h_exclude1_shift-1,1,True,-1,training_mean,72,74,2,1.647887323943662
1h_exclude1_shift-1,1,True,-1,training_mean,72,75,1,1.647887323943662
1h_exclude1_shift-1,1,True,-1,training_mean,72,76,8,1.647887323943662
1h_exclude1_shift-1,1,True,-1,training_mean,72,77,38,1.647887323943662
1h_exclude1_shift-1,1,True,-1,training_mean,72,78,74,1.647887323943662
1h_exclude1_shift-1,1,True,-1,training_mean,72,79,100,1.647887323943662
1h_exclude1_shift-1,1,True,-1,training_mean,72,80,46,1.647887323943662
1h_exclude1_shift-1,1,True,-1,training_mean,72,81,37,1.647887323943662
1h_exclude1_shift-1,1,True,-1,training_mean,72,82,64,1.647887323943662
1h_exclude1_shift-1,1,True,-1,training_mean,72,83,32,1.647887323943662
1h_exclude1_shift-1,1,True,-1,volume_baseline,84,84,26,21.149435072033793
1h_exclude1_shift-1,1,True,-1,volume_baseline,84,85,19,14.080258923224942
1h_exclude1_shift-1,1,True,-1,volume_baseline,84,86,15,8.79090628330606
1h_exclude1_shift-1,1,True,-1,volume_baseline,84,87,9,6.048342888758719
1h_exclude1_shift-1,1,True,-1,volume_baseline,84,88,20,3.57635869224895
1h_exclude1_shift-1,1,True,-1,volume_baseline,84,89,15,5.649215367048013
1h_exclude1_shift-1,1,True,-1,volume_baseline,84,90,12,4.9947175776776795
1h_exclude1_shift-1,1,True,-1,volume_baseline,84,91,10,4.07876860843773
1h_exclude1_shift-1,1,True,-1,volume_baseline,84,92,4,3.7736452727433343
1h_exclude1_shift-1,1,True,-1,volume_baseline,84,93,5,2.7732274046500516
1h_exclude1_shift-1,1,True,-1,volume_baseline,84,94,8,3.524955012804687
1h_exclude1_shift-1,1,True,-1,volume_baseline,84,95,3,5.532366758971827
1h_exclude1_shift-1,1,True,-1,plus_composition,84,84,26,16.828187673046788
1h_exclude1_shift-1,1,True,-1,plus_composition,84,85,19,3.5071227768915443
1h_exclude1_shift-1,1,True,-1,plus_composition,84,86,15,0.8124944448780103
1h_exclude1_shift-1,1,True,-1,plus_composition,84,87,9,0.21428087449109914
1h_exclude1_shift-1,1,True,-1,plus_composition,84,88,20,0.06942930164859962
1h_exclude1_shift-1,1,True,-1,plus_composition,84,89,15,0.26771845961437896
1h_exclude1_shift-1,1,True,-1,plus_composition,84,90,12,0.3148141121848746
1h_exclude1_shift-1,1,True,-1,plus_composition,84,91,10,0.27511442801420005
1h_exclude1_shift-1,1,True,-1,plus_composition,84,92,4,0.4706024486626219
1h_exclude1_shift-1,1,True,-1,plus_composition,84,93,5,0.1847017464472768
1h_exclude1_shift-1,1,True,-1,plus_composition,84,94,8,0.277120508088669
1h_exclude1_shift-1,1,True,-1,plus_composition,84,95,3,0.9953098553297929
1h_exclude1_shift-1,1,True,-1,persistence,84,84,26,32.0
1h_exclude1_shift-1,1,True,-1,persistence,84,85,19,26.0
1h_exclude1_shift-1,1,True,-1,persistence,84,86,15,19.0
1h_exclude1_shift-1,1,True,-1,persistence,84,87,9,15.0
1h_exclude1_shift-1,1,True,-1,persistence,84,88,20,9.0
1h_exclude1_shift-1,1,True,-1,persistence,84,89,15,20.0
1h_exclude1_shift-1,1,True,-1,persistence,84,90,12,15.0
1h_exclude1_shift-1,1,True,-1,persistence,84,91,10,12.0
1h_exclude1_shift-1,1,True,-1,persistence,84,92,4,10.0
1h_exclude1_shift-1,1,True,-1,persistence,84,93,5,4.0
1h_exclude1_shift-1,1,True,-1,persistence,84,94,8,5.0
1h_exclude1_shift-1,1,True,-1,persistence,84,95,3,8.0
1h_exclude1_shift-1,1,True,-1,training_mean,84,84,26,6.27710843373494
1h_exclude1_shift-1,1,True,-1,training_mean,84,85,19,6.27710843373494
1h_exclude1_shift-1,1,True,-1,training_mean,84,86,15,6.27710843373494
1h_exclude1_shift-1,1,True,-1,training_mean,84,87,9,6.27710843373494
1h_exclude1_shift-1,1,True,-1,training_mean,84,88,20,6.27710843373494
1h_exclude1_shift-1,1,True,-1,training_mean,84,89,15,6.27710843373494
1h_exclude1_shift-1,1,True,-1,training_mean,84,90,12,6.27710843373494
1h_exclude1_shift-1,1,True,-1,training_mean,84,91,10,6.27710843373494
1h_exclude1_shift-1,1,True,-1,training_mean,84,92,4,6.27710843373494
1h_exclude1_shift-1,1,True,-1,training_mean,84,93,5,6.27710843373494
1h_exclude1_shift-1,1,True,-1,training_mean,84,94,8,6.27710843373494
1h_exclude1_shift-1,1,True,-1,training_mean,84,95,3,6.27710843373494
1h_exclude1_shift-1,1,True,-1,volume_baseline,96,96,3,5.880186547077749
1h_exclude1_shift-1,1,True,-1,volume_baseline,96,97,1,7.432920225351979
1h_exclude1_shift-1,1,True,-1,volume_baseline,96,98,0,3.8255748616933873
1h_exclude1_shift-1,1,True,-1,volume_baseline,96,99,1,1.8699082792422517
1h_exclude1_shift-1,1,True,-1,volume_baseline,96,100,4,3.0209323617108335
1h_exclude1_shift-1,1,True,-1,volume_baseline,96,101,2,6.757627357246809
1h_exclude1_shift-1,1,True,-1,volume_baseline,96,102,2,4.836797372867471
1h_exclude1_shift-1,1,True,-1,volume_baseline,96,103,0,4.618155455591131
1h_exclude1_shift-1,1,True,-1,volume_baseline,96,104,0,2.44203972583079
1h_exclude1_shift-1,1,True,-1,volume_baseline,96,105,0,1.5622831184706416
1h_exclude1_shift-1,1,True,-1,volume_baseline,96,106,0,1.710616324384423
1h_exclude1_shift-1,1,True,-1,volume_baseline,96,107,0,1.4054600651069402
1h_exclude1_shift-1,1,True,-1,plus_composition,96,96,3,5.9356873920704025
1h_exclude1_shift-1,1,True,-1,plus_composition,96,97,1,7.891084845586038
1h_exclude1_shift-1,1,True,-1,plus_composition,96,98,0,4.877218202384244
1h_exclude1_shift-1,1,True,-1,plus_composition,96,99,1,1.675936363249986
1h_exclude1_shift-1,1,True,-1,plus_composition,96,100,4,5.149950504555711
1h_exclude1_shift-1,1,True,-1,plus_composition,96,101,2,17.739896807839173
1h_exclude1_shift-1,1,True,-1,plus_composition,96,102,2,11.130428458331949
1h_exclude1_shift-1,1,True,-1,plus_composition,96,103,0,10.764154238203785
1h_exclude1_shift-1,1,True,-1,plus_composition,96,104,0,5.399565956751409
1h_exclude1_shift-1,1,True,-1,plus_composition,96,105,0,2.5016010357416287
1h_exclude1_shift-1,1,True,-1,plus_composition,96,106,0,4.0187198137147595
1h_exclude1_shift-1,1,True,-1,plus_composition,96,107,0,2.106260403350955
1h_exclude1_shift-1,1,True,-1,persistence,96,96,3,3.0
1h_exclude1_shift-1,1,True,-1,persistence,96,97,1,3.0
1h_exclude1_shift-1,1,True,-1,persistence,96,98,0,1.0
1h_exclude1_shift-1,1,True,-1,persistence,96,99,1,0.0
1h_exclude1_shift-1,1,True,-1,persistence,96,100,4,1.0
1h_exclude1_shift-1,1,True,-1,persistence,96,101,2,4.0
1h_exclude1_shift-1,1,True,-1,persistence,96,102,2,2.0
1h_exclude1_shift-1,1,True,-1,persistence,96,103,0,2.0
1h_exclude1_shift-1,1,True,-1,persistence,96,104,0,0.0
1h_exclude1_shift-1,1,True,-1,persistence,96,105,0,0.0
1h_exclude1_shift-1,1,True,-1,persistence,96,106,0,0.0
1h_exclude1_shift-1,1,True,-1,persistence,96,107,0,0.0
1h_exclude1_shift-1,1,True,-1,training_mean,96,96,3,7.021052631578947
1h_exclude1_shift-1,1,True,-1,training_mean,96,97,1,7.021052631578947
1h_exclude1_shift-1,1,True,-1,training_mean,96,98,0,7.021052631578947
1h_exclude1_shift-1,1,True,-1,training_mean,96,99,1,7.021052631578947
1h_exclude1_shift-1,1,True,-1,training_mean,96,100,4,7.021052631578947
1h_exclude1_shift-1,1,True,-1,training_mean,96,101,2,7.021052631578947
1h_exclude1_shift-1,1,True,-1,training_mean,96,102,2,7.021052631578947
1h_exclude1_shift-1,1,True,-1,training_mean,96,103,0,7.021052631578947
1h_exclude1_shift-1,1,True,-1,training_mean,96,104,0,7.021052631578947
1h_exclude1_shift-1,1,True,-1,training_mean,96,105,0,7.021052631578947
1h_exclude1_shift-1,1,True,-1,training_mean,96,106,0,7.021052631578947
1h_exclude1_shift-1,1,True,-1,training_mean,96,107,0,7.021052631578947
1h_exclude1_shift-1,1,True,-1,volume_baseline,108,108,0,0.6055236775185416
1h_exclude1_shift-1,1,True,-1,volume_baseline,108,109,1,0.5029596026369045
1h_exclude1_shift-1,1,True,-1,volume_baseline,108,110,0,0.7268076927557965
1h_exclude1_shift-1,1,True,-1,volume_baseline,108,111,0,0.34976650560538114
1h_exclude1_shift-1,1,True,-1,volume_baseline,108,112,1,0.366703737110027
1h_exclude1_shift-1,1,True,-1,volume_baseline,108,113,0,0.5371332084755648
1h_exclude1_shift-1,1,True,-1,volume_baseline,108,114,0,0.30613924618666283
1h_exclude1_shift-1,1,True,-1,volume_baseline,108,115,0,0.30324967488790816
1h_exclude1_shift-1,1,True,-1,volume_baseline,108,116,0,0.257897494040149
1h_exclude1_shift-1,1,True,-1,volume_baseline,108,117,0,0.03842353652138131
1h_exclude1_shift-1,1,True,-1,volume_baseline,108,118,0,0.012025181191382643
1h_exclude1_shift-1,1,True,-1,volume_baseline,108,119,0,0.4839043380342079
1h_exclude1_shift-1,1,True,-1,plus_composition,108,108,0,0.4268350137990894
1h_exclude1_shift-1,1,True,-1,plus_composition,108,109,1,0.3198306195030573
1h_exclude1_shift-1,1,True,-1,plus_composition,108,110,0,0.525599688997835
1h_exclude1_shift-1,1,True,-1,plus_composition,108,111,0,0.26954616704452017
1h_exclude1_shift-1,1,True,-1,plus_composition,108,112,1,0.17039142883754202
1h_exclude1_shift-1,1,True,-1,plus_composition,108,113,0,0.2283707094489429
1h_exclude1_shift-1,1,True,-1,plus_composition,108,114,0,0.17314173547744438
1h_exclude1_shift-1,1,True,-1,plus_composition,108,115,0,0.1276647256693377
1h_exclude1_shift-1,1,True,-1,plus_composition,108,116,0,0.12369647575344188
1h_exclude1_shift-1,1,True,-1,plus_composition,108,117,0,0.005624812567300553
1h_exclude1_shift-1,1,True,-1,plus_composition,108,118,0,0.001356779950312028
1h_exclude1_shift-1,1,True,-1,plus_composition,108,119,0,0.2244158023397411
1h_exclude1_shift-1,1,True,-1,persistence,108,108,0,0.0
1h_exclude1_shift-1,1,True,-1,persistence,108,109,1,0.0
1h_exclude1_shift-1,1,True,-1,persistence,108,110,0,1.0
1h_exclude1_shift-1,1,True,-1,persistence,108,111,0,0.0
1h_exclude1_shift-1,1,True,-1,persistence,108,112,1,0.0
1h_exclude1_shift-1,1,True,-1,persistence,108,113,0,1.0
1h_exclude1_shift-1,1,True,-1,persistence,108,114,0,0.0
1h_exclude1_shift-1,1,True,-1,persistence,108,115,0,0.0
1h_exclude1_shift-1,1,True,-1,persistence,108,116,0,0.0
1h_exclude1_shift-1,1,True,-1,persistence,108,117,0,0.0
1h_exclude1_shift-1,1,True,-1,persistence,108,118,0,0.0
1h_exclude1_shift-1,1,True,-1,persistence,108,119,0,0.0
1h_exclude1_shift-1,1,True,-1,training_mean,108,108,0,6.355140186915888
1h_exclude1_shift-1,1,True,-1,training_mean,108,109,1,6.355140186915888
1h_exclude1_shift-1,1,True,-1,training_mean,108,110,0,6.355140186915888
1h_exclude1_shift-1,1,True,-1,training_mean,108,111,0,6.355140186915888
1h_exclude1_shift-1,1,True,-1,training_mean,108,112,1,6.355140186915888
1h_exclude1_shift-1,1,True,-1,training_mean,108,113,0,6.355140186915888
1h_exclude1_shift-1,1,True,-1,training_mean,108,114,0,6.355140186915888
1h_exclude1_shift-1,1,True,-1,training_mean,108,115,0,6.355140186915888
1h_exclude1_shift-1,1,True,-1,training_mean,108,116,0,6.355140186915888
1h_exclude1_shift-1,1,True,-1,training_mean,108,117,0,6.355140186915888
1h_exclude1_shift-1,1,True,-1,training_mean,108,118,0,6.355140186915888
1h_exclude1_shift-1,1,True,-1,training_mean,108,119,0,6.355140186915888
1h_exclude1_shift-1,1,True,-1,volume_baseline,120,120,1,0.3922778276691732
1h_exclude1_shift-1,1,True,-1,volume_baseline,120,121,1,0.7252589170276021
1h_exclude1_shift-1,1,True,-1,volume_baseline,120,122,0,0.8352067604651742
1h_exclude1_shift-1,1,True,-1,volume_baseline,120,123,0,0.5210917941432609
1h_exclude1_shift-1,1,True,-1,volume_baseline,120,124,0,0.7144631567709173
1h_exclude1_shift-1,1,True,-1,volume_baseline,120,125,0,0.8095544287021375
1h_exclude1_shift-1,1,True,-1,volume_baseline,120,126,0,0.8267238873117219
1h_exclude1_shift-1,1,True,-1,volume_baseline,120,127,0,0.6569784359438448
1h_exclude1_shift-1,1,True,-1,volume_baseline,120,128,0,0.7175357068459314
1h_exclude1_shift-1,1,True,-1,volume_baseline,120,129,0,0.5832365840823961
1h_exclude1_shift-1,1,True,-1,volume_baseline,120,130,0,0.589681908274796
1h_exclude1_shift-1,1,True,-1,volume_baseline,120,131,0,0.44921657863986636
1h_exclude1_shift-1,1,True,-1,plus_composition,120,120,1,0.20173913857971568
1h_exclude1_shift-1,1,True,-1,plus_composition,120,121,1,0.35043352740523875
1h_exclude1_shift-1,1,True,-1,plus_composition,120,122,0,0.37336199361281514
1h_exclude1_shift-1,1,True,-1,plus_composition,120,123,0,0.22850548391484196
1h_exclude1_shift-1,1,True,-1,plus_composition,120,124,0,0.3839307798264871
1h_exclude1_shift-1,1,True,-1,plus_composition,120,125,0,0.38425266084712617
1h_exclude1_shift-1,1,True,-1,plus_composition,120,126,0,0.3978743523838537
1h_exclude1_shift-1,1,True,-1,plus_composition,120,127,0,0.294113249446334
1h_exclude1_shift-1,1,True,-1,plus_composition,120,128,0,0.2876711601502755
1h_exclude1_shift-1,1,True,-1,plus_composition,120,129,0,0.21843116186431644
1h_exclude1_shift-1,1,True,-1,plus_composition,120,130,0,0.21249721808523472
1h_exclude1_shift-1,1,True,-1,plus_composition,120,131,0,0.13505732346063556
1h_exclude1_shift-1,1,True,-1,persistence,120,120,1,0.0
1h_exclude1_shift-1,1,True,-1,persistence,120,121,1,1.0
1h_exclude1_shift-1,1,True,-1,persistence,120,122,0,1.0
1h_exclude1_shift-1,1,True,-1,persistence,120,123,0,0.0
1h_exclude1_shift-1,1,True,-1,persistence,120,124,0,0.0
1h_exclude1_shift-1,1,True,-1,persistence,120,125,0,0.0
1h_exclude1_shift-1,1,True,-1,persistence,120,126,0,0.0
1h_exclude1_shift-1,1,True,-1,persistence,120,127,0,0.0
1h_exclude1_shift-1,1,True,-1,persistence,120,128,0,0.0
1h_exclude1_shift-1,1,True,-1,persistence,120,129,0,0.0
1h_exclude1_shift-1,1,True,-1,persistence,120,130,0,0.0
1h_exclude1_shift-1,1,True,-1,persistence,120,131,0,0.0
1h_exclude1_shift-1,1,True,-1,training_mean,120,120,1,5.73109243697479
1h_exclude1_shift-1,1,True,-1,training_mean,120,121,1,5.73109243697479
1h_exclude1_shift-1,1,True,-1,training_mean,120,122,0,5.73109243697479
1h_exclude1_shift-1,1,True,-1,training_mean,120,123,0,5.73109243697479
1h_exclude1_shift-1,1,True,-1,training_mean,120,124,0,5.73109243697479
1h_exclude1_shift-1,1,True,-1,training_mean,120,125,0,5.73109243697479
1h_exclude1_shift-1,1,True,-1,training_mean,120,126,0,5.73109243697479
1h_exclude1_shift-1,1,True,-1,training_mean,120,127,0,5.73109243697479
1h_exclude1_shift-1,1,True,-1,training_mean,120,128,0,5.73109243697479
1h_exclude1_shift-1,1,True,-1,training_mean,120,129,0,5.73109243697479
1h_exclude1_shift-1,1,True,-1,training_mean,120,130,0,5.73109243697479
1h_exclude1_shift-1,1,True,-1,training_mean,120,131,0,5.73109243697479
1h_exclude1_shift-1,1,True,-1,volume_baseline,132,132,0,0.2767282688588781
1h_exclude1_shift-1,1,True,-1,volume_baseline,132,133,0,0.2892965728200334
1h_exclude1_shift-1,1,True,-1,volume_baseline,132,134,0,0.24069118863728578
1h_exclude1_shift-1,1,True,-1,volume_baseline,132,135,0,0.05621876641248055
1h_exclude1_shift-1,1,True,-1,volume_baseline,132,136,0,0.01171749032255794
1h_exclude1_shift-1,1,True,-1,volume_baseline,132,137,0,0.0033881025630505286
1h_exclude1_shift-1,1,True,-1,volume_baseline,132,138,0,0.0032664327568477235
1h_exclude1_shift-1,1,True,-1,volume_baseline,132,139,0,0.0032503410258512685
1h_exclude1_shift-1,1,True,-1,volume_baseline,132,140,0,0.003336778976764331
1h_exclude1_shift-1,1,True,-1,volume_baseline,132,141,0,0.003524938720574815
1h_exclude1_shift-1,1,True,-1,volume_baseline,132,142,0,0.0038144932662989447
1h_exclude1_shift-1,1,True,-1,volume_baseline,132,143,0,0.004202482413562772
1h_exclude1_shift-1,1,True,-1,plus_composition,132,132,0,0.08546359123384024
1h_exclude1_shift-1,1,True,-1,plus_composition,132,133,0,0.0850337457754599
1h_exclude1_shift-1,1,True,-1,plus_composition,132,134,0,0.0717316358044164
1h_exclude1_shift-1,1,True,-1,plus_composition,132,135,0,0.012986059530813013
1h_exclude1_shift-1,1,True,-1,plus_composition,132,136,0,0.0016989088487190437
1h_exclude1_shift-1,1,True,-1,plus_composition,132,137,0,0.00040080329665823485
1h_exclude1_shift-1,1,True,-1,plus_composition,132,138,0,0.00037993923900028417
1h_exclude1_shift-1,1,True,-1,plus_composition,132,139,0,0.0003797413032073266
1h_exclude1_shift-1,1,True,-1,plus_composition,132,140,0,0.000399597951842993
1h_exclude1_shift-1,1,True,-1,plus_composition,132,141,0,0.00044052178420497725
1h_exclude1_shift-1,1,True,-1,plus_composition,132,142,0,0.0005046497278650512
1h_exclude1_shift-1,1,True,-1,plus_composition,132,143,0,0.0005943255496531096
1h_exclude1_shift-1,1,True,-1,persistence,132,132,0,0.0
1h_exclude1_shift-1,1,True,-1,persistence,132,133,0,0.0
1h_exclude1_shift-1,1,True,-1,persistence,132,134,0,0.0
1h_exclude1_shift-1,1,True,-1,persistence,132,135,0,0.0
1h_exclude1_shift-1,1,True,-1,persistence,132,136,0,0.0
1h_exclude1_shift-1,1,True,-1,persistence,132,137,0,0.0
1h_exclude1_shift-1,1,True,-1,persistence,132,138,0,0.0
1h_exclude1_shift-1,1,True,-1,persistence,132,139,0,0.0
1h_exclude1_shift-1,1,True,-1,persistence,132,140,0,0.0
1h_exclude1_shift-1,1,True,-1,persistence,132,141,0,0.0
1h_exclude1_shift-1,1,True,-1,persistence,132,142,0,0.0
1h_exclude1_shift-1,1,True,-1,persistence,132,143,0,0.0
1h_exclude1_shift-1,1,True,-1,training_mean,132,132,0,5.221374045801527
1h_exclude1_shift-1,1,True,-1,training_mean,132,133,0,5.221374045801527
1h_exclude1_shift-1,1,True,-1,training_mean,132,134,0,5.221374045801527
1h_exclude1_shift-1,1,True,-1,training_mean,132,135,0,5.221374045801527
1h_exclude1_shift-1,1,True,-1,training_mean,132,136,0,5.221374045801527
1h_exclude1_shift-1,1,True,-1,training_mean,132,137,0,5.221374045801527
1h_exclude1_shift-1,1,True,-1,training_mean,132,138,0,5.221374045801527
1h_exclude1_shift-1,1,True,-1,training_mean,132,139,0,5.221374045801527
1h_exclude1_shift-1,1,True,-1,training_mean,132,140,0,5.221374045801527
1h_exclude1_shift-1,1,True,-1,training_mean,132,141,0,5.221374045801527
1h_exclude1_shift-1,1,True,-1,training_mean,132,142,0,5.221374045801527
1h_exclude1_shift-1,1,True,-1,training_mean,132,143,0,5.221374045801527
1h_exclude1_shift0,1,True,0,volume_baseline,48,48,2,2.675788735676663
1h_exclude1_shift0,1,True,0,volume_baseline,48,49,0,4.5755792177237335
1h_exclude1_shift0,1,True,0,volume_baseline,48,50,0,4.500801492333086
1h_exclude1_shift0,1,True,0,volume_baseline,48,51,0,7.330730593320873
1h_exclude1_shift0,1,True,0,volume_baseline,48,52,0,11.899002547449458
1h_exclude1_shift0,1,True,0,volume_baseline,48,53,1,19.858360397458668
1h_exclude1_shift0,1,True,0,volume_baseline,48,54,2,41.847531774512035
1h_exclude1_shift0,1,True,0,volume_baseline,48,55,0,73.06098334146024
1h_exclude1_shift0,1,True,0,volume_baseline,48,56,1,63.26577076455853
1h_exclude1_shift0,1,True,0,volume_baseline,48,57,1,109.69386298444773
1h_exclude1_shift0,1,True,0,volume_baseline,48,58,4,123.4557179160729
1h_exclude1_shift0,1,True,0,volume_baseline,48,59,3,185.86733836266404
1h_exclude1_shift0,1,True,0,plus_composition,48,48,2,0.8161995797106945
1h_exclude1_shift0,1,True,0,plus_composition,48,49,0,0.8227999175421546
1h_exclude1_shift0,1,True,0,plus_composition,48,50,0,0.5373927107985925
1h_exclude1_shift0,1,True,0,plus_composition,48,51,0,1.2673380149406144
1h_exclude1_shift0,1,True,0,plus_composition,48,52,0,3.231178606799341
1h_exclude1_shift0,1,True,0,plus_composition,48,53,1,5.916615761860968
1h_exclude1_shift0,1,True,0,plus_composition,48,54,2,23.632266633867406
1h_exclude1_shift0,1,True,0,plus_composition,48,55,0,44.7257271590007
1h_exclude1_shift0,1,True,0,plus_composition,48,56,1,29.833165225263894
1h_exclude1_shift0,1,True,0,plus_composition,48,57,1,95.14416956519824
1h_exclude1_shift0,1,True,0,plus_composition,48,58,4,116.3646879276781
1h_exclude1_shift0,1,True,0,plus_composition,48,59,3,290.24865307674156
1h_exclude1_shift0,1,True,0,persistence,48,48,2,1.0
1h_exclude1_shift0,1,True,0,persistence,48,49,0,2.0
1h_exclude1_shift0,1,True,0,persistence,48,50,0,0.0
1h_exclude1_shift0,1,True,0,persistence,48,51,0,0.0
1h_exclude1_shift0,1,True,0,persistence,48,52,0,0.0
1h_exclude1_shift0,1,True,0,persistence,48,53,1,0.0
1h_exclude1_shift0,1,True,0,persistence,48,54,2,1.0
1h_exclude1_shift0,1,True,0,persistence,48,55,0,2.0
1h_exclude1_shift0,1,True,0,persistence,48,56,1,0.0
1h_exclude1_shift0,1,True,0,persistence,48,57,1,1.0
1h_exclude1_shift0,1,True,0,persistence,48,58,4,1.0
1h_exclude1_shift0,1,True,0,persistence,48,59,3,4.0
1h_exclude1_shift0,1,True,0,training_mean,48,48,2,2.0851063829787235
1h_exclude1_shift0,1,True,0,training_mean,48,49,0,2.0851063829787235
1h_exclude1_shift0,1,True,0,training_mean,48,50,0,2.0851063829787235
1h_exclude1_shift0,1,True,0,training_mean,48,51,0,2.0851063829787235
1h_exclude1_shift0,1,True,0,training_mean,48,52,0,2.0851063829787235
1h_exclude1_shift0,1,True,0,training_mean,48,53,1,2.0851063829787235
1h_exclude1_shift0,1,True,0,training_mean,48,54,2,2.0851063829787235
1h_exclude1_shift0,1,True,0,training_mean,48,55,0,2.0851063829787235
1h_exclude1_shift0,1,True,0,training_mean,48,56,1,2.0851063829787235
1h_exclude1_shift0,1,True,0,training_mean,48,57,1,2.0851063829787235
1h_exclude1_shift0,1,True,0,training_mean,48,58,4,2.0851063829787235
1h_exclude1_shift0,1,True,0,training_mean,48,59,3,2.0851063829787235
1h_exclude1_shift0,1,True,0,volume_baseline,60,60,1,3.0375519567489366
1h_exclude1_shift0,1,True,0,volume_baseline,60,61,0,1.2018255360398746
1h_exclude1_shift0,1,True,0,volume_baseline,60,62,1,0.6364272290740991
1h_exclude1_shift0,1,True,0,volume_baseline,60,63,0,0.8631807557850459
1h_exclude1_shift0,1,True,0,volume_baseline,60,64,0,0.37384833306285864
1h_exclude1_shift0,1,True,0,volume_baseline,60,65,0,0.2882660016638657
1h_exclude1_shift0,1,True,0,volume_baseline,60,66,2,0.21539068480177306
1h_exclude1_shift0,1,True,0,volume_baseline,60,67,0,0.41081371180182125
1h_exclude1_shift0,1,True,0,volume_baseline,60,68,0,0.09389346357430067
1h_exclude1_shift0,1,True,0,volume_baseline,60,69,0,0.004815879116535449
1h_exclude1_shift0,1,True,0,volume_baseline,60,70,0,0.009514661818344781
1h_exclude1_shift0,1,True,0,volume_baseline,60,71,0,0.15320393731300713
1h_exclude1_shift0,1,True,0,plus_composition,60,60,1,4.8363495468757876
1h_exclude1_shift0,1,True,0,plus_composition,60,61,0,2.6995490636927166
1h_exclude1_shift0,1,True,0,plus_composition,60,62,1,1.0946549047564278
1h_exclude1_shift0,1,True,0,plus_composition,60,63,0,2.3381069466263407
1h_exclude1_shift0,1,True,0,plus_composition,60,64,0,0.4374181760359145
1h_exclude1_shift0,1,True,0,plus_composition,60,65,0,0.5672152210004596
1h_exclude1_shift0,1,True,0,plus_composition,60,66,2,0.06884280403376386
1h_exclude1_shift0,1,True,0,plus_composition,60,67,0,0.42857896667479
1h_exclude1_shift0,1,True,0,plus_composition,60,68,0,0.05119535310554919
1h_exclude1_shift0,1,True,0,plus_composition,60,69,0,0.0048949130475398955
1h_exclude1_shift0,1,True,0,plus_composition,60,70,0,0.009655799016324636
1h_exclude1_shift0,1,True,0,plus_composition,60,71,0,0.0716334498323563
1h_exclude1_shift0,1,True,0,persistence,60,60,1,3.0
1h_exclude1_shift0,1,True,0,persistence,60,61,0,1.0
1h_exclude1_shift0,1,True,0,persistence,60,62,1,0.0
1h_exclude1_shift0,1,True,0,persistence,60,63,0,1.0
1h_exclude1_shift0,1,True,0,persistence,60,64,0,0.0
1h_exclude1_shift0,1,True,0,persistence,60,65,0,0.0
1h_exclude1_shift0,1,True,0,persistence,60,66,2,0.0
1h_exclude1_shift0,1,True,0,persistence,60,67,0,2.0
1h_exclude1_shift0,1,True,0,persistence,60,68,0,0.0
1h_exclude1_shift0,1,True,0,persistence,60,69,0,0.0
1h_exclude1_shift0,1,True,0,persistence,60,70,0,0.0
1h_exclude1_shift0,1,True,0,persistence,60,71,0,0.0
1h_exclude1_shift0,1,True,0,training_mean,60,60,1,1.8983050847457628
1h_exclude1_shift0,1,True,0,training_mean,60,61,0,1.8983050847457628
1h_exclude1_shift0,1,True,0,training_mean,60,62,1,1.8983050847457628
1h_exclude1_shift0,1,True,0,training_mean,60,63,0,1.8983050847457628
1h_exclude1_shift0,1,True,0,training_mean,60,64,0,1.8983050847457628
1h_exclude1_shift0,1,True,0,training_mean,60,65,0,1.8983050847457628
1h_exclude1_shift0,1,True,0,training_mean,60,66,2,1.8983050847457628
1h_exclude1_shift0,1,True,0,training_mean,60,67,0,1.8983050847457628
1h_exclude1_shift0,1,True,0,training_mean,60,68,0,1.8983050847457628
1h_exclude1_shift0,1,True,0,training_mean,60,69,0,1.8983050847457628
1h_exclude1_shift0,1,True,0,training_mean,60,70,0,1.8983050847457628
1h_exclude1_shift0,1,True,0,training_mean,60,71,0,1.8983050847457628
1h_exclude1_shift0,1,True,0,volume_baseline,72,72,1,0.12089924580636525
1h_exclude1_shift0,1,True,0,volume_baseline,72,73,0,0.19547832536769036
1h_exclude1_shift0,1,True,0,volume_baseline,72,74,2,0.1947386305672957
1h_exclude1_shift0,1,True,0,volume_baseline,72,75,2,0.5937352624609962
1h_exclude1_shift0,1,True,0,volume_baseline,72,76,1,0.7871737106546699
1h_exclude1_shift0,1,True,0,volume_baseline,72,77,8,0.7468272832332195
1h_exclude1_shift0,1,True,0,volume_baseline,72,78,38,2.577703182422309
1h_exclude1_shift0,1,True,0,volume_baseline,72,79,74,9.147954343333963
1h_exclude1_shift0,1,True,0,volume_baseline,72,80,100,15.109000694820745
1h_exclude1_shift0,1,True,0,volume_baseline,72,81,46,18.956926157326205
1h_exclude1_shift0,1,True,0,volume_baseline,72,82,37,12.165979958868967
1h_exclude1_shift0,1,True,0,volume_baseline,72,83,64,10.283706105546264
1h_exclude1_shift0,1,True,0,plus_composition,72,72,1,0.03997300865014214
1h_exclude1_shift0,1,True,0,plus_composition,72,73,0,0.04732296947162681
1h_exclude1_shift0,1,True,0,plus_composition,72,74,2,0.06681540354503282
1h_exclude1_shift0,1,True,0,plus_composition,72,75,2,0.2769000259424333
1h_exclude1_shift0,1,True,0,plus_composition,72,76,1,0.26144066922857007
1h_exclude1_shift0,1,True,0,plus_composition,72,77,8,0.25927623067532235
1h_exclude1_shift0,1,True,0,plus_composition,72,78,38,1.3652826030624923
1h_exclude1_shift0,1,True,0,plus_composition,72,79,74,7.078655825872367
1h_exclude1_shift0,1,True,0,plus_composition,72,80,100,10.366585572977419
1h_exclude1_shift0,1,True,0,plus_composition,72,81,46,7.12129137740297
1h_exclude1_shift0,1,True,0,plus_composition,72,82,37,5.604426608287497
1h_exclude1_shift0,1,True,0,plus_composition,72,83,64,8.446791494239879
1h_exclude1_shift0,1,True,0,persistence,72,72,1,0.0
1h_exclude1_shift0,1,True,0,persistence,72,73,0,1.0
1h_exclude1_shift0,1,True,0,persistence,72,74,2,0.0
1h_exclude1_shift0,1,True,0,persistence,72,75,2,2.0
1h_exclude1_shift0,1,True,0,persistence,72,76,1,2.0
1h_exclude1_shift0,1,True,0,persistence,72,77,8,1.0
1h_exclude1_shift0,1,True,0,persistence,72,78,38,8.0
1h_exclude1_shift0,1,True,0,persistence,72,79,74,38.0
1h_exclude1_shift0,1,True,0,persistence,72,80,100,74.0
1h_exclude1_shift0,1,True,0,persistence,72,81,46,100.0
1h_exclude1_shift0,1,True,0,persistence,72,82,37,46.0
1h_exclude1_shift0,1,True,0,persistence,72,83,64,37.0
1h_exclude1_shift0,1,True,0,training_mean,72,72,1,1.6338028169014085
1h_exclude1_shift0,1,True,0,training_mean,72,73,0,1.6338028169014085
1h_exclude1_shift0,1,True,0,training_mean,72,74,2,1.6338028169014085
1h_exclude1_shift0,1,True,0,training_mean,72,75,2,1.6338028169014085
1h_exclude1_shift0,1,True,0,training_mean,72,76,1,1.6338028169014085
1h_exclude1_shift0,1,True,0,training_mean,72,77,8,1.6338028169014085
1h_exclude1_shift0,1,True,0,training_mean,72,78,38,1.6338028169014085
1h_exclude1_shift0,1,True,0,training_mean,72,79,74,1.6338028169014085
1h_exclude1_shift0,1,True,0,training_mean,72,80,100,1.6338028169014085
1h_exclude1_shift0,1,True,0,training_mean,72,81,46,1.6338028169014085
1h_exclude1_shift0,1,True,0,training_mean,72,82,37,1.6338028169014085
1h_exclude1_shift0,1,True,0,training_mean,72,83,64,1.6338028169014085
1h_exclude1_shift0,1,True,0,volume_baseline,84,84,32,47.541590696357666
1h_exclude1_shift0,1,True,0,volume_baseline,84,85,26,22.894615650737375
1h_exclude1_shift0,1,True,0,volume_baseline,84,86,19,15.029194062908699
1h_exclude1_shift0,1,True,0,volume_baseline,84,87,15,9.494880408608244
1h_exclude1_shift0,1,True,0,volume_baseline,84,88,9,6.314479681671284
1h_exclude1_shift0,1,True,0,volume_baseline,84,89,20,4.061336216261977
1h_exclude1_shift0,1,True,0,volume_baseline,84,90,15,7.155565253198064
1h_exclude1_shift0,1,True,0,volume_baseline,84,91,12,5.015663642920821
1h_exclude1_shift0,1,True,0,volume_baseline,84,92,10,4.117997211299729
1h_exclude1_shift0,1,True,0,volume_baseline,84,93,4,4.700209879814738
1h_exclude1_shift0,1,True,0,volume_baseline,84,94,5,2.7706263051334377
1h_exclude1_shift0,1,True,0,volume_baseline,84,95,8,3.420118224146874
1h_exclude1_shift0,1,True,0,plus_composition,84,84,32,31.81659946262653
1h_exclude1_shift0,1,True,0,plus_composition,84,85,26,0.3890273034940593
1h_exclude1_shift0,1,True,0,plus_composition,84,86,19,0.019833742014052795
1h_exclude1_shift0,1,True,0,plus_composition,84,87,15,0.0008005931080817666
1h_exclude1_shift0,1,True,0,plus_composition,84,88,9,5.731957169325917e-05
1h_exclude1_shift0,1,True,0,plus_composition,84,89,20,0.0008410222823749247
1h_exclude1_shift0,1,True,0,plus_composition,84,90,15,0.0039049163169683552
1h_exclude1_shift0,1,True,0,plus_composition,84,91,12,0.0028235713110497276
1h_exclude1_shift0,1,True,0,plus_composition,84,92,10,0.014741812889750926
1h_exclude1_shift0,1,True,0,plus_composition,84,93,4,0.0012737397544145845
1h_exclude1_shift0,1,True,0,plus_composition,84,94,5,0.0012961445588948438
1h_exclude1_shift0,1,True,0,plus_composition,84,95,8,0.013473960417805292
1h_exclude1_shift0,1,True,0,persistence,84,84,32,64.0
1h_exclude1_shift0,1,True,0,persistence,84,85,26,32.0
1h_exclude1_shift0,1,True,0,persistence,84,86,19,26.0
1h_exclude1_shift0,1,True,0,persistence,84,87,15,19.0
1h_exclude1_shift0,1,True,0,persistence,84,88,9,15.0
1h_exclude1_shift0,1,True,0,persistence,84,89,20,9.0
1h_exclude1_shift0,1,True,0,persistence,84,90,15,20.0
1h_exclude1_shift0,1,True,0,persistence,84,91,12,15.0
1h_exclude1_shift0,1,True,0,persistence,84,92,10,12.0
1h_exclude1_shift0,1,True,0,persistence,84,93,4,10.0
1h_exclude1_shift0,1,True,0,persistence,84,94,5,4.0
1h_exclude1_shift0,1,True,0,persistence,84,95,8,5.0
1h_exclude1_shift0,1,True,0,training_mean,84,84,32,5.891566265060241
1h_exclude1_shift0,1,True,0,training_mean,84,85,26,5.891566265060241
1h_exclude1_shift0,1,True,0,training_mean,84,86,19,5.891566265060241
1h_exclude1_shift0,1,True,0,training_mean,84,87,15,5.891566265060241
1h_exclude1_shift0,1,True,0,training_mean,84,88,9,5.891566265060241
1h_exclude1_shift0,1,True,0,training_mean,84,89,20,5.891566265060241
1h_exclude1_shift0,1,True,0,training_mean,84,90,15,5.891566265060241
1h_exclude1_shift0,1,True,0,training_mean,84,91,12,5.891566265060241
1h_exclude1_shift0,1,True,0,training_mean,84,92,10,5.891566265060241
1h_exclude1_shift0,1,True,0,training_mean,84,93,4,5.891566265060241
1h_exclude1_shift0,1,True,0,training_mean,84,94,5,5.891566265060241
1h_exclude1_shift0,1,True,0,training_mean,84,95,8,5.891566265060241
1h_exclude1_shift0,1,True,0,volume_baseline,96,96,3,9.436872624750213
1h_exclude1_shift0,1,True,0,volume_baseline,96,97,3,7.189157782072318
1h_exclude1_shift0,1,True,0,volume_baseline,96,98,1,5.08320335134785
1h_exclude1_shift0,1,True,0,volume_baseline,96,99,0,2.126474722844609
1h_exclude1_shift0,1,True,0,volume_baseline,96,100,1,1.281374598034045
1h_exclude1_shift0,1,True,0,volume_baseline,96,101,4,2.5819727810053714
1h_exclude1_shift0,1,True,0,volume_baseline,96,102,2,4.981581533611508
1h_exclude1_shift0,1,True,0,volume_baseline,96,103,2,3.409414223770993
1h_exclude1_shift0,1,True,0,volume_baseline,96,104,0,4.381684946426149
1h_exclude1_shift0,1,True,0,volume_baseline,96,105,0,1.142055437518889
1h_exclude1_shift0,1,True,0,volume_baseline,96,106,0,1.4193638891338007
1h_exclude1_shift0,1,True,0,volume_baseline,96,107,0,1.1464638859449052
1h_exclude1_shift0,1,True,0,plus_composition,96,96,3,8.782881291613995
1h_exclude1_shift0,1,True,0,plus_composition,96,97,3,6.628498736928324
1h_exclude1_shift0,1,True,0,plus_composition,96,98,1,4.203509576472569
1h_exclude1_shift0,1,True,0,plus_composition,96,99,0,1.658353371111404
1h_exclude1_shift0,1,True,0,plus_composition,96,100,1,0.9112947130183046
1h_exclude1_shift0,1,True,0,plus_composition,96,101,4,1.874092439972635
1h_exclude1_shift0,1,True,0,plus_composition,96,102,2,3.745782702390359
1h_exclude1_shift0,1,True,0,plus_composition,96,103,2,2.8819574248618283
1h_exclude1_shift0,1,True,0,plus_composition,96,104,0,3.3608389097023776
1h_exclude1_shift0,1,True,0,plus_composition,96,105,0,0.7734899517920697
1h_exclude1_shift0,1,True,0,plus_composition,96,106,0,0.9760992364304719
1h_exclude1_shift0,1,True,0,plus_composition,96,107,0,0.8406897533674906
1h_exclude1_shift0,1,True,0,persistence,96,96,3,8.0
1h_exclude1_shift0,1,True,0,persistence,96,97,3,3.0
1h_exclude1_shift0,1,True,0,persistence,96,98,1,3.0
1h_exclude1_shift0,1,True,0,persistence,96,99,0,1.0
1h_exclude1_shift0,1,True,0,persistence,96,100,1,0.0
1h_exclude1_shift0,1,True,0,persistence,96,101,4,1.0
1h_exclude1_shift0,1,True,0,persistence,96,102,2,4.0
1h_exclude1_shift0,1,True,0,persistence,96,103,2,2.0
1h_exclude1_shift0,1,True,0,persistence,96,104,0,2.0
1h_exclude1_shift0,1,True,0,persistence,96,105,0,0.0
1h_exclude1_shift0,1,True,0,persistence,96,106,0,0.0
1h_exclude1_shift0,1,True,0,persistence,96,107,0,0.0
1h_exclude1_shift0,1,True,0,training_mean,96,96,3,6.989473684210527
1h_exclude1_shift0,1,True,0,training_mean,96,97,3,6.989473684210527
1h_exclude1_shift0,1,True,0,training_mean,96,98,1,6.989473684210527
1h_exclude1_shift0,1,True,0,training_mean,96,99,0,6.989473684210527
1h_exclude1_shift0,1,True,0,training_mean,96,100,1,6.989473684210527
1h_exclude1_shift0,1,True,0,training_mean,96,101,4,6.989473684210527
1h_exclude1_shift0,1,True,0,training_mean,96,102,2,6.989473684210527
1h_exclude1_shift0,1,True,0,training_mean,96,103,2,6.989473684210527
1h_exclude1_shift0,1,True,0,training_mean,96,104,0,6.989473684210527
1h_exclude1_shift0,1,True,0,training_mean,96,105,0,6.989473684210527
1h_exclude1_shift0,1,True,0,training_mean,96,106,0,6.989473684210527
1h_exclude1_shift0,1,True,0,training_mean,96,107,0,6.989473684210527
1h_exclude1_shift0,1,True,0,volume_baseline,108,108,0,0.5937085192232416
1h_exclude1_shift0,1,True,0,volume_baseline,108,109,0,0.4723244848701559
1h_exclude1_shift0,1,True,0,volume_baseline,108,110,1,0.3723481525121884
1h_exclude1_shift0,1,True,0,volume_baseline,108,111,0,0.46907008390845456
1h_exclude1_shift0,1,True,0,volume_baseline,108,112,0,0.30862191316599796
1h_exclude1_shift0,1,True,0,volume_baseline,108,113,1,0.23391520592301723
1h_exclude1_shift0,1,True,0,volume_baseline,108,114,0,0.35992513920514385
1h_exclude1_shift0,1,True,0,volume_baseline,108,115,0,0.20538686587951482
1h_exclude1_shift0,1,True,0,volume_baseline,108,116,0,0.1496988124877239
1h_exclude1_shift0,1,True,0,volume_baseline,108,117,0,0.007471594819748096
1h_exclude1_shift0,1,True,0,volume_baseline,108,118,0,0.0011627224481554938
1h_exclude1_shift0,1,True,0,volume_baseline,108,119,0,0.3137392303670518
1h_exclude1_shift0,1,True,0,plus_composition,108,108,0,0.4207896392664787
1h_exclude1_shift0,1,True,0,plus_composition,108,109,0,0.3532558008671249
1h_exclude1_shift0,1,True,0,plus_composition,108,110,1,0.32876080317644424
1h_exclude1_shift0,1,True,0,plus_composition,108,111,0,0.400410399952062
1h_exclude1_shift0,1,True,0,plus_composition,108,112,0,0.1962750600172296
1h_exclude1_shift0,1,True,0,plus_composition,108,113,1,0.14075203314956536
1h_exclude1_shift0,1,True,0,plus_composition,108,114,0,0.2610562860261207
1h_exclude1_shift0,1,True,0,plus_composition,108,115,0,0.14416589321297443
1h_exclude1_shift0,1,True,0,plus_composition,108,116,0,0.0939829551836455
1h_exclude1_shift0,1,True,0,plus_composition,108,117,0,0.005836574853762737
1h_exclude1_shift0,1,True,0,plus_composition,108,118,0,0.0008547333257210466
1h_exclude1_shift0,1,True,0,plus_composition,108,119,0,0.19704460269895047
1h_exclude1_shift0,1,True,0,persistence,108,108,0,0.0
1h_exclude1_shift0,1,True,0,persistence,108,109,0,0.0
1h_exclude1_shift0,1,True,0,persistence,108,110,1,0.0
1h_exclude1_shift0,1,True,0,persistence,108,111,0,1.0
1h_exclude1_shift0,1,True,0,persistence,108,112,0,0.0
1h_exclude1_shift0,1,True,0,persistence,108,113,1,0.0
1h_exclude1_shift0,1,True,0,persistence,108,114,0,1.0
1h_exclude1_shift0,1,True,0,persistence,108,115,0,0.0
1h_exclude1_shift0,1,True,0,persistence,108,116,0,0.0
1h_exclude1_shift0,1,True,0,persistence,108,117,0,0.0
1h_exclude1_shift0,1,True,0,persistence,108,118,0,0.0
1h_exclude1_shift0,1,True,0,persistence,108,119,0,0.0
1h_exclude1_shift0,1,True,0,training_mean,108,108,0,6.355140186915888
1h_exclude1_shift0,1,True,0,training_mean,108,109,0,6.355140186915888
1h_exclude1_shift0,1,True,0,training_mean,108,110,1,6.355140186915888
1h_exclude1_shift0,1,True,0,training_mean,108,111,0,6.355140186915888
1h_exclude1_shift0,1,True,0,training_mean,108,112,0,6.355140186915888
1h_exclude1_shift0,1,True,0,training_mean,108,113,1,6.355140186915888
1h_exclude1_shift0,1,True,0,training_mean,108,114,0,6.355140186915888
1h_exclude1_shift0,1,True,0,training_mean,108,115,0,6.355140186915888
1h_exclude1_shift0,1,True,0,training_mean,108,116,0,6.355140186915888
1h_exclude1_shift0,1,True,0,training_mean,108,117,0,6.355140186915888
1h_exclude1_shift0,1,True,0,training_mean,108,118,0,6.355140186915888
1h_exclude1_shift0,1,True,0,training_mean,108,119,0,6.355140186915888
1h_exclude1_shift0,1,True,0,volume_baseline,120,120,0,0.23608344219499666
1h_exclude1_shift0,1,True,0,volume_baseline,120,121,1,0.24825089032516126
1h_exclude1_shift0,1,True,0,volume_baseline,120,122,1,0.48468971393313254
1h_exclude1_shift0,1,True,0,volume_baseline,120,123,0,0.5360540016464822
1h_exclude1_shift0,1,True,0,volume_baseline,120,124,0,0.527663029278327
1h_exclude1_shift0,1,True,0,volume_baseline,120,125,0,0.6522258544640268
1h_exclude1_shift0,1,True,0,volume_baseline,120,126,0,0.7033712967120606
1h_exclude1_shift0,1,True,0,volume_baseline,120,127,0,0.5306541476688383
1h_exclude1_shift0,1,True,0,volume_baseline,120,128,0,0.6490837466603112
1h_exclude1_shift0,1,True,0,volume_baseline,120,129,0,0.515447790134254
1h_exclude1_shift0,1,True,0,volume_baseline,120,130,0,0.5667468266408536
1h_exclude1_shift0,1,True,0,volume_baseline,120,131,0,0.4078337469196115
1h_exclude1_shift0,1,True,0,plus_composition,120,120,0,0.15348442628027148
1h_exclude1_shift0,1,True,0,plus_composition,120,121,1,0.18543417725486838
1h_exclude1_shift0,1,True,0,plus_composition,120,122,1,0.37471499722423
1h_exclude1_shift0,1,True,0,plus_composition,120,123,0,0.37824777253044783
1h_exclude1_shift0,1,True,0,plus_composition,120,124,0,0.31426585624529474
1h_exclude1_shift0,1,True,0,plus_composition,120,125,0,0.4516828897355798
1h_exclude1_shift0,1,True,0,plus_composition,120,126,0,0.48602594008115313
1h_exclude1_shift0,1,True,0,plus_composition,120,127,0,0.3304160924530369
1h_exclude1_shift0,1,True,0,plus_composition,120,128,0,0.46530478562913946
1h_exclude1_shift0,1,True,0,plus_composition,120,129,0,0.3844781680153892
1h_exclude1_shift0,1,True,0,plus_composition,120,130,0,0.4041491973235452
1h_exclude1_shift0,1,True,0,plus_composition,120,131,0,0.33110349445561327
1h_exclude1_shift0,1,True,0,persistence,120,120,0,0.0
1h_exclude1_shift0,1,True,0,persistence,120,121,1,0.0
1h_exclude1_shift0,1,True,0,persistence,120,122,1,1.0
1h_exclude1_shift0,1,True,0,persistence,120,123,0,1.0
1h_exclude1_shift0,1,True,0,persistence,120,124,0,0.0
1h_exclude1_shift0,1,True,0,persistence,120,125,0,0.0
1h_exclude1_shift0,1,True,0,persistence,120,126,0,0.0
1h_exclude1_shift0,1,True,0,persistence,120,127,0,0.0
1h_exclude1_shift0,1,True,0,persistence,120,128,0,0.0
1h_exclude1_shift0,1,True,0,persistence,120,129,0,0.0
1h_exclude1_shift0,1,True,0,persistence,120,130,0,0.0
1h_exclude1_shift0,1,True,0,persistence,120,131,0,0.0
1h_exclude1_shift0,1,True,0,training_mean,120,120,0,5.73109243697479
1h_exclude1_shift0,1,True,0,training_mean,120,121,1,5.73109243697479
1h_exclude1_shift0,1,True,0,training_mean,120,122,1,5.73109243697479
1h_exclude1_shift0,1,True,0,training_mean,120,123,0,5.73109243697479
1h_exclude1_shift0,1,True,0,training_mean,120,124,0,5.73109243697479
1h_exclude1_shift0,1,True,0,training_mean,120,125,0,5.73109243697479
1h_exclude1_shift0,1,True,0,training_mean,120,126,0,5.73109243697479
1h_exclude1_shift0,1,True,0,training_mean,120,127,0,5.73109243697479
1h_exclude1_shift0,1,True,0,training_mean,120,128,0,5.73109243697479
1h_exclude1_shift0,1,True,0,training_mean,120,129,0,5.73109243697479
1h_exclude1_shift0,1,True,0,training_mean,120,130,0,5.73109243697479
1h_exclude1_shift0,1,True,0,training_mean,120,131,0,5.73109243697479
1h_exclude1_shift0,1,True,0,volume_baseline,132,132,0,0.2581966764888192
1h_exclude1_shift0,1,True,0,volume_baseline,132,133,0,0.28774176138518953
1h_exclude1_shift0,1,True,0,volume_baseline,132,134,0,0.2263004757573904
1h_exclude1_shift0,1,True,0,volume_baseline,132,135,0,0.02760703449728664
1h_exclude1_shift0,1,True,0,volume_baseline,132,136,0,0.0028013581177291917
1h_exclude1_shift0,1,True,0,volume_baseline,132,137,0,0.0004492708997767543
1h_exclude1_shift0,1,True,0,volume_baseline,132,138,0,0.0004078901653755695
1h_exclude1_shift0,1,True,0,volume_baseline,132,139,0,0.00038297734744739497
1h_exclude1_shift0,1,True,0,volume_baseline,132,140,0,0.00037315307711026195
1h_exclude1_shift0,1,True,0,volume_baseline,132,141,0,0.0003776401238811765
1h_exclude1_shift0,1,True,0,volume_baseline,132,142,0,0.00039629316666503554
1h_exclude1_shift0,1,True,0,volume_baseline,132,143,0,0.0004294369534177862
1h_exclude1_shift0,1,True,0,plus_composition,132,132,0,0.17873023054194598
1h_exclude1_shift0,1,True,0,plus_composition,132,133,0,0.19491831229797116
1h_exclude1_shift0,1,True,0,plus_composition,132,134,0,0.12760289976370842
1h_exclude1_shift0,1,True,0,plus_composition,132,135,0,0.014181584708115163
1h_exclude1_shift0,1,True,0,plus_composition,132,136,0,0.0022118960526756014
1h_exclude1_shift0,1,True,0,plus_composition,132,137,0,0.0003539740099065773
1h_exclude1_shift0,1,True,0,plus_composition,132,138,0,0.0003186489145325787
1h_exclude1_shift0,1,True,0,plus_composition,132,139,0,0.0002969035802776585
1h_exclude1_shift0,1,True,0,plus_composition,132,140,0,0.0002873596875642135
1h_exclude1_shift0,1,True,0,plus_composition,132,141,0,0.0002891773063269236
1h_exclude1_shift0,1,True,0,plus_composition,132,142,0,0.00030206294902526475
1h_exclude1_shift0,1,True,0,plus_composition,132,143,0,0.00032612858512805025
1h_exclude1_shift0,1,True,0,persistence,132,132,0,0.0
1h_exclude1_shift0,1,True,0,persistence,132,133,0,0.0
1h_exclude1_shift0,1,True,0,persistence,132,134,0,0.0
1h_exclude1_shift0,1,True,0,persistence,132,135,0,0.0
1h_exclude1_shift0,1,True,0,persistence,132,136,0,0.0
1h_exclude1_shift0,1,True,0,persistence,132,137,0,0.0
1h_exclude1_shift0,1,True,0,persistence,132,138,0,0.0
1h_exclude1_shift0,1,True,0,persistence,132,139,0,0.0
1h_exclude1_shift0,1,True,0,persistence,132,140,0,0.0
1h_exclude1_shift0,1,True,0,persistence,132,141,0,0.0
1h_exclude1_shift0,1,True,0,persistence,132,142,0,0.0
1h_exclude1_shift0,1,True,0,persistence,132,143,0,0.0
1h_exclude1_shift0,1,True,0,training_mean,132,132,0,5.221374045801527
1h_exclude1_shift0,1,True,0,training_mean,132,133,0,5.221374045801527
1h_exclude1_shift0,1,True,0,training_mean,132,134,0,5.221374045801527
1h_exclude1_shift0,1,True,0,training_mean,132,135,0,5.221374045801527
1h_exclude1_shift0,1,True,0,training_mean,132,136,0,5.221374045801527
1h_exclude1_shift0,1,True,0,training_mean,132,137,0,5.221374045801527
1h_exclude1_shift0,1,True,0,training_mean,132,138,0,5.221374045801527
1h_exclude1_shift0,1,True,0,training_mean,132,139,0,5.221374045801527
1h_exclude1_shift0,1,True,0,training_mean,132,140,0,5.221374045801527
1h_exclude1_shift0,1,True,0,training_mean,132,141,0,5.221374045801527
1h_exclude1_shift0,1,True,0,training_mean,132,142,0,5.221374045801527
1h_exclude1_shift0,1,True,0,training_mean,132,143,0,5.221374045801527
1h_exclude1_shift1,1,True,1,volume_baseline,48,48,1,2.9640887063347754
1h_exclude1_shift1,1,True,1,volume_baseline,48,49,2,3.396149148911225
1h_exclude1_shift1,1,True,1,volume_baseline,48,50,0,5.995202123124207
1h_exclude1_shift1,1,True,1,volume_baseline,48,51,0,5.947286639876303
1h_exclude1_shift1,1,True,1,volume_baseline,48,52,0,9.393195195772087
1h_exclude1_shift1,1,True,1,volume_baseline,48,53,0,15.772912836219506
1h_exclude1_shift1,1,True,1,volume_baseline,48,54,1,25.161636081420998
1h_exclude1_shift1,1,True,1,volume_baseline,48,55,2,50.74392459188284
1h_exclude1_shift1,1,True,1,volume_baseline,48,56,0,85.44420738146577
1h_exclude1_shift1,1,True,1,volume_baseline,48,57,1,74.25020389149084
1h_exclude1_shift1,1,True,1,volume_baseline,48,58,1,117.49215714308605
1h_exclude1_shift1,1,True,1,volume_baseline,48,59,4,127.38172791671735
1h_exclude1_shift1,1,True,1,plus_composition,48,48,1,3.8639489546840124
1h_exclude1_shift1,1,True,1,plus_composition,48,49,2,4.605303217789173
1h_exclude1_shift1,1,True,1,plus_composition,48,50,0,14.675432238670016
1h_exclude1_shift1,1,True,1,plus_composition,48,51,0,11.467699369732221
1h_exclude1_shift1,1,True,1,plus_composition,48,52,0,8.21170705003749
1h_exclude1_shift1,1,True,1,plus_composition,48,53,0,23.968820996297584
1h_exclude1_shift1,1,True,1,plus_composition,48,54,1,26.88449617531093
1h_exclude1_shift1,1,True,1,plus_composition,48,55,2,98.37345014732729
1h_exclude1_shift1,1,True,1,plus_composition,48,56,0,96.38231833832661
1h_exclude1_shift1,1,True,1,plus_composition,48,57,1,51.35914018512166
1h_exclude1_shift1,1,True,1,plus_composition,48,58,1,246.1259812310544
1h_exclude1_shift1,1,True,1,plus_composition,48,59,4,355.0284287477906
1h_exclude1_shift1,1,True,1,persistence,48,48,1,2.0
1h_exclude1_shift1,1,True,1,persistence,48,49,2,1.0
1h_exclude1_shift1,1,True,1,persistence,48,50,0,2.0
1h_exclude1_shift1,1,True,1,persistence,48,51,0,0.0
1h_exclude1_shift1,1,True,1,persistence,48,52,0,0.0
1h_exclude1_shift1,1,True,1,persistence,48,53,0,0.0
1h_exclude1_shift1,1,True,1,persistence,48,54,1,0.0
1h_exclude1_shift1,1,True,1,persistence,48,55,2,1.0
1h_exclude1_shift1,1,True,1,persistence,48,56,0,2.0
1h_exclude1_shift1,1,True,1,persistence,48,57,1,0.0
1h_exclude1_shift1,1,True,1,persistence,48,58,1,1.0
1h_exclude1_shift1,1,True,1,persistence,48,59,4,1.0
1h_exclude1_shift1,1,True,1,training_mean,48,48,1,2.0638297872340425
1h_exclude1_shift1,1,True,1,training_mean,48,49,2,2.0638297872340425
1h_exclude1_shift1,1,True,1,training_mean,48,50,0,2.0638297872340425
1h_exclude1_shift1,1,True,1,training_mean,48,51,0,2.0638297872340425
1h_exclude1_shift1,1,True,1,training_mean,48,52,0,2.0638297872340425
1h_exclude1_shift1,1,True,1,training_mean,48,53,0,2.0638297872340425
1h_exclude1_shift1,1,True,1,training_mean,48,54,1,2.0638297872340425
1h_exclude1_shift1,1,True,1,training_mean,48,55,2,2.0638297872340425
1h_exclude1_shift1,1,True,1,training_mean,48,56,0,2.0638297872340425
1h_exclude1_shift1,1,True,1,training_mean,48,57,1,2.0638297872340425
1h_exclude1_shift1,1,True,1,training_mean,48,58,1,2.0638297872340425
1h_exclude1_shift1,1,True,1,training_mean,48,59,4,2.0638297872340425
1h_exclude1_shift1,1,True,1,volume_baseline,60,60,3,4.0558248252614
1h_exclude1_shift1,1,True,1,volume_baseline,60,61,1,2.3348073997650216
1h_exclude1_shift1,1,True,1,volume_baseline,60,62,0,1.3401349983901074
1h_exclude1_shift1,1,True,1,volume_baseline,60,63,1,0.7303154224544358
1h_exclude1_shift1,1,True,1,volume_baseline,60,64,0,0.8292938695075618
1h_exclude1_shift1,1,True,1,volume_baseline,60,65,0,0.40674098135088166
1h_exclude1_shift1,1,True,1,volume_baseline,60,66,0,0.3006551955597976
1h_exclude1_shift1,1,True,1,volume_baseline,60,67,2,0.2598251423693568
1h_exclude1_shift1,1,True,1,volume_baseline,60,68,0,0.2490342094359493
1h_exclude1_shift1,1,True,1,volume_baseline,60,69,0,0.004781357142562473
1h_exclude1_shift1,1,True,1,volume_baseline,60,70,0,0.009525382155384331
1h_exclude1_shift1,1,True,1,volume_baseline,60,71,0,0.17970623118440454
1h_exclude1_shift1,1,True,1,plus_composition,60,60,3,6.10506325614566
1h_exclude1_shift1,1,True,1,plus_composition,60,61,1,3.352454615450679
1h_exclude1_shift1,1,True,1,plus_composition,60,62,0,1.3995845538472176
1h_exclude1_shift1,1,True,1,plus_composition,60,63,1,0.6630135079813374
1h_exclude1_shift1,1,True,1,plus_composition,60,64,0,0.8451140556719766
1h_exclude1_shift1,1,True,1,plus_composition,60,65,0,0.37035315664182233
1h_exclude1_shift1,1,True,1,plus_composition,60,66,0,0.4301338305551502
1h_exclude1_shift1,1,True,1,plus_composition,60,67,2,0.16304756393578482
1h_exclude1_shift1,1,True,1,plus_composition,60,68,0,0.30051358494786085
1h_exclude1_shift1,1,True,1,plus_composition,60,69,0,0.0021113635413179447
1h_exclude1_shift1,1,True,1,plus_composition,60,70,0,0.004408916455702228
1h_exclude1_shift1,1,True,1,plus_composition,60,71,0,0.09595489084857216
1h_exclude1_shift1,1,True,1,persistence,60,60,3,4.0
1h_exclude1_shift1,1,True,1,persistence,60,61,1,3.0
1h_exclude1_shift1,1,True,1,persistence,60,62,0,1.0
1h_exclude1_shift1,1,True,1,persistence,60,63,1,0.0
1h_exclude1_shift1,1,True,1,persistence,60,64,0,1.0
1h_exclude1_shift1,1,True,1,persistence,60,65,0,0.0
1h_exclude1_shift1,1,True,1,persistence,60,66,0,0.0
1h_exclude1_shift1,1,True,1,persistence,60,67,2,0.0
1h_exclude1_shift1,1,True,1,persistence,60,68,0,2.0
1h_exclude1_shift1,1,True,1,persistence,60,69,0,0.0
1h_exclude1_shift1,1,True,1,persistence,60,70,0,0.0
1h_exclude1_shift1,1,True,1,persistence,60,71,0,0.0
1h_exclude1_shift1,1,True,1,training_mean,60,60,3,1.847457627118644
1h_exclude1_shift1,1,True,1,training_mean,60,61,1,1.847457627118644
1h_exclude1_shift1,1,True,1,training_mean,60,62,0,1.847457627118644
1h_exclude1_shift1,1,True,1,training_mean,60,63,1,1.847457627118644
1h_exclude1_shift1,1,True,1,training_mean,60,64,0,1.847457627118644
1h_exclude1_shift1,1,True,1,training_mean,60,65,0,1.847457627118644
1h_exclude1_shift1,1,True,1,training_mean,60,66,0,1.847457627118644
1h_exclude1_shift1,1,True,1,training_mean,60,67,2,1.847457627118644
1h_exclude1_shift1,1,True,1,training_mean,60,68,0,1.847457627118644
1h_exclude1_shift1,1,True,1,training_mean,60,69,0,1.847457627118644
1h_exclude1_shift1,1,True,1,training_mean,60,70,0,1.847457627118644
1h_exclude1_shift1,1,True,1,training_mean,60,71,0,1.847457627118644
1h_exclude1_shift1,1,True,1,volume_baseline,72,72,0,0.1290362817053073
1h_exclude1_shift1,1,True,1,volume_baseline,72,73,1,0.12141811578553034
1h_exclude1_shift1,1,True,1,volume_baseline,72,74,0,0.3108202069997796
1h_exclude1_shift1,1,True,1,volume_baseline,72,75,2,0.27909903641731054
1h_exclude1_shift1,1,True,1,volume_baseline,72,76,2,0.7532537313252982
1h_exclude1_shift1,1,True,1,volume_baseline,72,77,1,0.960273544624718
1h_exclude1_shift1,1,True,1,volume_baseline,72,78,8,0.9004296237658654
1h_exclude1_shift1,1,True,1,volume_baseline,72,79,38,3.121824421861331
1h_exclude1_shift1,1,True,1,volume_baseline,72,80,74,8.649126876668312
1h_exclude1_shift1,1,True,1,volume_baseline,72,81,100,14.008143836531714
1h_exclude1_shift1,1,True,1,volume_baseline,72,82,46,19.904032865916598
1h_exclude1_shift1,1,True,1,volume_baseline,72,83,37,12.654276244743542
1h_exclude1_shift1,1,True,1,plus_composition,72,72,0,0.0967351805943619
1h_exclude1_shift1,1,True,1,plus_composition,72,73,1,0.09034064856197412
1h_exclude1_shift1,1,True,1,plus_composition,72,74,0,0.2554115993616129
1h_exclude1_shift1,1,True,1,plus_composition,72,75,2,0.2225096253063466
1h_exclude1_shift1,1,True,1,plus_composition,72,76,2,0.6104280384372898
1h_exclude1_shift1,1,True,1,plus_composition,72,77,1,0.8233974101509666
1h_exclude1_shift1,1,True,1,plus_composition,72,78,8,0.6998716596276622
1h_exclude1_shift1,1,True,1,plus_composition,72,79,38,2.9048816352607525
1h_exclude1_shift1,1,True,1,plus_composition,72,80,74,9.307463299640162
1h_exclude1_shift1,1,True,1,plus_composition,72,81,100,16.701853653537288
1h_exclude1_shift1,1,True,1,plus_composition,72,82,46,24.894845302672987
1h_exclude1_shift1,1,True,1,plus_composition,72,83,37,14.433640093505403
1h_exclude1_shift1,1,True,1,persistence,72,72,0,0.0
1h_exclude1_shift1,1,True,1,persistence,72,73,1,0.0
1h_exclude1_shift1,1,True,1,persistence,72,74,0,1.0
1h_exclude1_shift1,1,True,1,persistence,72,75,2,0.0
1h_exclude1_shift1,1,True,1,persistence,72,76,2,2.0
1h_exclude1_shift1,1,True,1,persistence,72,77,1,2.0
1h_exclude1_shift1,1,True,1,persistence,72,78,8,1.0
1h_exclude1_shift1,1,True,1,persistence,72,79,38,8.0
1h_exclude1_shift1,1,True,1,persistence,72,80,74,38.0
1h_exclude1_shift1,1,True,1,persistence,72,81,100,74.0
1h_exclude1_shift1,1,True,1,persistence,72,82,46,100.0
1h_exclude1_shift1,1,True,1,persistence,72,83,37,46.0
1h_exclude1_shift1,1,True,1,training_mean,72,72,0,1.6338028169014085
1h_exclude1_shift1,1,True,1,training_mean,72,73,1,1.6338028169014085
1h_exclude1_shift1,1,True,1,training_mean,72,74,0,1.6338028169014085
1h_exclude1_shift1,1,True,1,training_mean,72,75,2,1.6338028169014085
1h_exclude1_shift1,1,True,1,training_mean,72,76,2,1.6338028169014085
1h_exclude1_shift1,1,True,1,training_mean,72,77,1,1.6338028169014085
1h_exclude1_shift1,1,True,1,training_mean,72,78,8,1.6338028169014085
1h_exclude1_shift1,1,True,1,training_mean,72,79,38,1.6338028169014085
1h_exclude1_shift1,1,True,1,training_mean,72,80,74,1.6338028169014085
1h_exclude1_shift1,1,True,1,training_mean,72,81,100,1.6338028169014085
1h_exclude1_shift1,1,True,1,training_mean,72,82,46,1.6338028169014085
1h_exclude1_shift1,1,True,1,training_mean,72,83,37,1.6338028169014085
1h_exclude1_shift1,1,True,1,volume_baseline,84,84,64,28.05405186501376
1h_exclude1_shift1,1,True,1,volume_baseline,84,85,32,30.96028326183238
1h_exclude1_shift1,1,True,1,volume_baseline,84,86,26,13.352124942665808
1h_exclude1_shift1,1,True,1,volume_baseline,84,87,19,8.573749438908669
1h_exclude1_shift1,1,True,1,volume_baseline,84,88,15,5.129520910313063
1h_exclude1_shift1,1,True,1,volume_baseline,84,89,9,3.759631166239096
1h_exclude1_shift1,1,True,1,volume_baseline,84,90,20,2.7574331796053597
1h_exclude1_shift1,1,True,1,volume_baseline,84,91,15,4.079701493905969
1h_exclude1_shift1,1,True,1,volume_baseline,84,92,12,3.1549524863652922
1h_exclude1_shift1,1,True,1,volume_baseline,84,93,10,3.4999637451061076
1h_exclude1_shift1,1,True,1,volume_baseline,84,94,4,3.176003203857431
1h_exclude1_shift1,1,True,1,volume_baseline,84,95,5,1.9444248497595449
1h_exclude1_shift1,1,True,1,plus_composition,84,84,64,18.57713091900667
1h_exclude1_shift1,1,True,1,plus_composition,84,85,32,2.9381034497762872
1h_exclude1_shift1,1,True,1,plus_composition,84,86,26,0.24183715858107596
1h_exclude1_shift1,1,True,1,plus_composition,84,87,19,0.031932818560131755
1h_exclude1_shift1,1,True,1,plus_composition,84,88,15,0.006224023728137499
1h_exclude1_shift1,1,True,1,plus_composition,84,89,9,0.027428884961468055
1h_exclude1_shift1,1,True,1,plus_composition,84,90,20,0.032639515441670534
1h_exclude1_shift1,1,True,1,plus_composition,84,91,15,0.06344200640521594
1h_exclude1_shift1,1,True,1,plus_composition,84,92,12,0.15074533716720095
1h_exclude1_shift1,1,True,1,plus_composition,84,93,10,0.047320965184775333
1h_exclude1_shift1,1,True,1,plus_composition,84,94,4,0.06468530274515322
1h_exclude1_shift1,1,True,1,plus_composition,84,95,5,0.14628046491479452
1h_exclude1_shift1,1,True,1,persistence,84,84,64,37.0
1h_exclude1_shift1,1,True,1,persistence,84,85,32,64.0
1h_exclude1_shift1,1,True,1,persistence,84,86,26,32.0
1h_exclude1_shift1,1,True,1,persistence,84,87,19,26.0
1h_exclude1_shift1,1,True,1,persistence,84,88,15,19.0
1h_exclude1_shift1,1,True,1,persistence,84,89,9,15.0
1h_exclude1_shift1,1,True,1,persistence,84,90,20,9.0
1h_exclude1_shift1,1,True,1,persistence,84,91,15,20.0
1h_exclude1_shift1,1,True,1,persistence,84,92,12,15.0
1h_exclude1_shift1,1,True,1,persistence,84,93,10,12.0
1h_exclude1_shift1,1,True,1,persistence,84,94,4,10.0
1h_exclude1_shift1,1,True,1,persistence,84,95,5,4.0
1h_exclude1_shift1,1,True,1,training_mean,84,84,64,5.120481927710843
1h_exclude1_shift1,1,True,1,training_mean,84,85,32,5.120481927710843
1h_exclude1_shift1,1,True,1,training_mean,84,86,26,5.120481927710843
1h_exclude1_shift1,1,True,1,training_mean,84,87,19,5.120481927710843
1h_exclude1_shift1,1,True,1,training_mean,84,88,15,5.120481927710843
1h_exclude1_shift1,1,True,1,training_mean,84,89,9,5.120481927710843
1h_exclude1_shift1,1,True,1,training_mean,84,90,20,5.120481927710843
1h_exclude1_shift1,1,True,1,training_mean,84,91,15,5.120481927710843
1h_exclude1_shift1,1,True,1,training_mean,84,92,12,5.120481927710843
1h_exclude1_shift1,1,True,1,training_mean,84,93,10,5.120481927710843
1h_exclude1_shift1,1,True,1,training_mean,84,94,4,5.120481927710843
1h_exclude1_shift1,1,True,1,training_mean,84,95,5,5.120481927710843
1h_exclude1_shift1,1,True,1,volume_baseline,96,96,8,6.125049915194698
1h_exclude1_shift1,1,True,1,volume_baseline,96,97,3,10.419572737009393
1h_exclude1_shift1,1,True,1,volume_baseline,96,98,3,4.099292482032114
1h_exclude1_shift1,1,True,1,volume_baseline,96,99,1,2.5717490628643724
1h_exclude1_shift1,1,True,1,volume_baseline,96,100,0,1.581661294954935
1h_exclude1_shift1,1,True,1,volume_baseline,96,101,1,1.3528792430118963
1h_exclude1_shift1,1,True,1,volume_baseline,96,102,4,2.300640927708834
1h_exclude1_shift1,1,True,1,volume_baseline,96,103,2,4.159540194830539
1h_exclude1_shift1,1,True,1,volume_baseline,96,104,2,4.187757364979413
1h_exclude1_shift1,1,True,1,volume_baseline,96,105,0,2.228434455382846
1h_exclude1_shift1,1,True,1,volume_baseline,96,106,0,1.4856253821637937
1h_exclude1_shift1,1,True,1,volume_baseline,96,107,0,1.2305753538178417
1h_exclude1_shift1,1,True,1,plus_composition,96,96,8,7.244488760898816
1h_exclude1_shift1,1,True,1,plus_composition,96,97,3,11.328106647207344
1h_exclude1_shift1,1,True,1,plus_composition,96,98,3,6.470758232058854
1h_exclude1_shift1,1,True,1,plus_composition,96,99,1,3.659421458316863
1h_exclude1_shift1,1,True,1,plus_composition,96,100,0,3.6214721640202825
1h_exclude1_shift1,1,True,1,plus_composition,96,101,1,4.224006723161959
1h_exclude1_shift1,1,True,1,plus_composition,96,102,4,6.419361051694622
1h_exclude1_shift1,1,True,1,plus_composition,96,103,2,7.984272442342397
1h_exclude1_shift1,1,True,1,plus_composition,96,104,2,10.644871416894764
1h_exclude1_shift1,1,True,1,plus_composition,96,105,0,5.799146731766224
1h_exclude1_shift1,1,True,1,plus_composition,96,106,0,5.248213641121139
1h_exclude1_shift1,1,True,1,plus_composition,96,107,0,3.251582854237247
1h_exclude1_shift1,1,True,1,persistence,96,96,8,5.0
1h_exclude1_shift1,1,True,1,persistence,96,97,3,8.0
1h_exclude1_shift1,1,True,1,persistence,96,98,3,3.0
1h_exclude1_shift1,1,True,1,persistence,96,99,1,3.0
1h_exclude1_shift1,1,True,1,persistence,96,100,0,1.0
1h_exclude1_shift1,1,True,1,persistence,96,101,1,0.0
1h_exclude1_shift1,1,True,1,persistence,96,102,4,1.0
1h_exclude1_shift1,1,True,1,persistence,96,103,2,4.0
1h_exclude1_shift1,1,True,1,persistence,96,104,2,2.0
1h_exclude1_shift1,1,True,1,persistence,96,105,0,2.0
1h_exclude1_shift1,1,True,1,persistence,96,106,0,0.0
1h_exclude1_shift1,1,True,1,persistence,96,107,0,0.0
1h_exclude1_shift1,1,True,1,training_mean,96,96,8,6.905263157894737
1h_exclude1_shift1,1,True,1,training_mean,96,97,3,6.905263157894737
1h_exclude1_shift1,1,True,1,training_mean,96,98,3,6.905263157894737
1h_exclude1_shift1,1,True,1,training_mean,96,99,1,6.905263157894737
1h_exclude1_shift1,1,True,1,training_mean,96,100,0,6.905263157894737
1h_exclude1_shift1,1,True,1,training_mean,96,101,1,6.905263157894737
1h_exclude1_shift1,1,True,1,training_mean,96,102,4,6.905263157894737
1h_exclude1_shift1,1,True,1,training_mean,96,103,2,6.905263157894737
1h_exclude1_shift1,1,True,1,training_mean,96,104,2,6.905263157894737
1h_exclude1_shift1,1,True,1,training_mean,96,105,0,6.905263157894737
1h_exclude1_shift1,1,True,1,training_mean,96,106,0,6.905263157894737
1h_exclude1_shift1,1,True,1,training_mean,96,107,0,6.905263157894737
1h_exclude1_shift1,1,True,1,volume_baseline,108,108,0,0.7761865323715083
1h_exclude1_shift1,1,True,1,volume_baseline,108,109,0,0.622508268923798
1h_exclude1_shift1,1,True,1,volume_baseline,108,110,0,0.48839947876910333
1h_exclude1_shift1,1,True,1,volume_baseline,108,111,1,0.36907615165283764
1h_exclude1_shift1,1,True,1,volume_baseline,108,112,0,0.6253265929146166
1h_exclude1_shift1,1,True,1,volume_baseline,108,113,0,0.2868356650590211
1h_exclude1_shift1,1,True,1,volume_baseline,108,114,1,0.2604066023958378
1h_exclude1_shift1,1,True,1,volume_baseline,108,115,0,0.36515808991814747
1h_exclude1_shift1,1,True,1,volume_baseline,108,116,0,0.15637637050327302
1h_exclude1_shift1,1,True,1,volume_baseline,108,117,0,0.005487033609143895
1h_exclude1_shift1,1,True,1,volume_baseline,108,118,0,0.0006744787021120656
1h_exclude1_shift1,1,True,1,volume_baseline,108,119,0,0.3081337796579677
1h_exclude1_shift1,1,True,1,plus_composition,108,108,0,0.9236014846244172
1h_exclude1_shift1,1,True,1,plus_composition,108,109,0,0.6743316189680315
1h_exclude1_shift1,1,True,1,plus_composition,108,110,0,0.48179010683791595
1h_exclude1_shift1,1,True,1,plus_composition,108,111,1,0.39418268543278345
1h_exclude1_shift1,1,True,1,plus_composition,108,112,0,0.6385723879414896
1h_exclude1_shift1,1,True,1,plus_composition,108,113,0,0.29883747950167644
1h_exclude1_shift1,1,True,1,plus_composition,108,114,1,0.2715866755335201
1h_exclude1_shift1,1,True,1,plus_composition,108,115,0,0.31583688742100957
1h_exclude1_shift1,1,True,1,plus_composition,108,116,0,0.15829267260762875
1h_exclude1_shift1,1,True,1,plus_composition,108,117,0,0.0021688622579753027
1h_exclude1_shift1,1,True,1,plus_composition,108,118,0,0.00021439376257946735
1h_exclude1_shift1,1,True,1,plus_composition,108,119,0,0.3133814514361682
1h_exclude1_shift1,1,True,1,persistence,108,108,0,0.0
1h_exclude1_shift1,1,True,1,persistence,108,109,0,0.0
1h_exclude1_shift1,1,True,1,persistence,108,110,0,0.0
1h_exclude1_shift1,1,True,1,persistence,108,111,1,0.0
1h_exclude1_shift1,1,True,1,persistence,108,112,0,1.0
1h_exclude1_shift1,1,True,1,persistence,108,113,0,0.0
1h_exclude1_shift1,1,True,1,persistence,108,114,1,0.0
1h_exclude1_shift1,1,True,1,persistence,108,115,0,1.0
1h_exclude1_shift1,1,True,1,persistence,108,116,0,0.0
1h_exclude1_shift1,1,True,1,persistence,108,117,0,0.0
1h_exclude1_shift1,1,True,1,persistence,108,118,0,0.0
1h_exclude1_shift1,1,True,1,persistence,108,119,0,0.0
1h_exclude1_shift1,1,True,1,training_mean,108,108,0,6.355140186915888
1h_exclude1_shift1,1,True,1,training_mean,108,109,0,6.355140186915888
1h_exclude1_shift1,1,True,1,training_mean,108,110,0,6.355140186915888
1h_exclude1_shift1,1,True,1,training_mean,108,111,1,6.355140186915888
1h_exclude1_shift1,1,True,1,training_mean,108,112,0,6.355140186915888
1h_exclude1_shift1,1,True,1,training_mean,108,113,0,6.355140186915888
1h_exclude1_shift1,1,True,1,training_mean,108,114,1,6.355140186915888
1h_exclude1_shift1,1,True,1,training_mean,108,115,0,6.355140186915888
1h_exclude1_shift1,1,True,1,training_mean,108,116,0,6.355140186915888
1h_exclude1_shift1,1,True,1,training_mean,108,117,0,6.355140186915888
1h_exclude1_shift1,1,True,1,training_mean,108,118,0,6.355140186915888
1h_exclude1_shift1,1,True,1,training_mean,108,119,0,6.355140186915888
1h_exclude1_shift1,1,True,1,volume_baseline,120,120,0,0.21423072223885734
1h_exclude1_shift1,1,True,1,volume_baseline,120,121,0,0.22071164806632845
1h_exclude1_shift1,1,True,1,volume_baseline,120,122,1,0.2647814860501671
1h_exclude1_shift1,1,True,1,volume_baseline,120,123,1,0.4671006215509961
1h_exclude1_shift1,1,True,1,volume_baseline,120,124,0,0.7983687318719487
1h_exclude1_shift1,1,True,1,volume_baseline,120,125,0,0.6529199408111376
1h_exclude1_shift1,1,True,1,volume_baseline,120,126,0,0.7342521240531301
1h_exclude1_shift1,1,True,1,volume_baseline,120,127,0,0.5613654370357556
1h_exclude1_shift1,1,True,1,volume_baseline,120,128,0,0.7363915989344273
1h_exclude1_shift1,1,True,1,volume_baseline,120,129,0,0.6011877315176645
1h_exclude1_shift1,1,True,1,volume_baseline,120,130,0,0.7028394625602924
1h_exclude1_shift1,1,True,1,volume_baseline,120,131,0,0.5125339803199845
1h_exclude1_shift1,1,True,1,plus_composition,120,120,0,0.19314617118016295
1h_exclude1_shift1,1,True,1,plus_composition,120,121,0,0.1722835768486568
1h_exclude1_shift1,1,True,1,plus_composition,120,122,1,0.2001588447967956
1h_exclude1_shift1,1,True,1,plus_composition,120,123,1,0.3632406597934384
1h_exclude1_shift1,1,True,1,plus_composition,120,124,0,0.791282747660689
1h_exclude1_shift1,1,True,1,plus_composition,120,125,0,0.5775934578367957
1h_exclude1_shift1,1,True,1,plus_composition,120,126,0,0.6644924779227692
1h_exclude1_shift1,1,True,1,plus_composition,120,127,0,0.5210224352831709
1h_exclude1_shift1,1,True,1,plus_composition,120,128,0,0.5989336576276699
1h_exclude1_shift1,1,True,1,plus_composition,120,129,0,0.45662696573498174
1h_exclude1_shift1,1,True,1,plus_composition,120,130,0,0.5520070926226597
1h_exclude1_shift1,1,True,1,plus_composition,120,131,0,0.32925180809223026
1h_exclude1_shift1,1,True,1,persistence,120,120,0,0.0
1h_exclude1_shift1,1,True,1,persistence,120,121,0,0.0
1h_exclude1_shift1,1,True,1,persistence,120,122,1,0.0
1h_exclude1_shift1,1,True,1,persistence,120,123,1,1.0
1h_exclude1_shift1,1,True,1,persistence,120,124,0,1.0
1h_exclude1_shift1,1,True,1,persistence,120,125,0,0.0
1h_exclude1_shift1,1,True,1,persistence,120,126,0,0.0
1h_exclude1_shift1,1,True,1,persistence,120,127,0,0.0
1h_exclude1_shift1,1,True,1,persistence,120,128,0,0.0
1h_exclude1_shift1,1,True,1,persistence,120,129,0,0.0
1h_exclude1_shift1,1,True,1,persistence,120,130,0,0.0
1h_exclude1_shift1,1,True,1,persistence,120,131,0,0.0
1h_exclude1_shift1,1,True,1,training_mean,120,120,0,5.73109243697479
1h_exclude1_shift1,1,True,1,training_mean,120,121,0,5.73109243697479
1h_exclude1_shift1,1,True,1,training_mean,120,122,1,5.73109243697479
1h_exclude1_shift1,1,True,1,training_mean,120,123,1,5.73109243697479
1h_exclude1_shift1,1,True,1,training_mean,120,124,0,5.73109243697479
1h_exclude1_shift1,1,True,1,training_mean,120,125,0,5.73109243697479
1h_exclude1_shift1,1,True,1,training_mean,120,126,0,5.73109243697479
1h_exclude1_shift1,1,True,1,training_mean,120,127,0,5.73109243697479
1h_exclude1_shift1,1,True,1,training_mean,120,128,0,5.73109243697479
1h_exclude1_shift1,1,True,1,training_mean,120,129,0,5.73109243697479
1h_exclude1_shift1,1,True,1,training_mean,120,130,0,5.73109243697479
1h_exclude1_shift1,1,True,1,training_mean,120,131,0,5.73109243697479
1h_exclude1_shift1,1,True,1,volume_baseline,132,132,0,0.32909074727797993
1h_exclude1_shift1,1,True,1,volume_baseline,132,133,0,0.3822502740026734
1h_exclude1_shift1,1,True,1,volume_baseline,132,134,0,0.2986250956654874
1h_exclude1_shift1,1,True,1,volume_baseline,132,135,0,0.029373940440542385
1h_exclude1_shift1,1,True,1,volume_baseline,132,136,0,0.002327545291412207
1h_exclude1_shift1,1,True,1,volume_baseline,132,137,0,0.00030223105121818716
1h_exclude1_shift1,1,True,1,volume_baseline,132,138,0,0.0002638471329555769
1h_exclude1_shift1,1,True,1,volume_baseline,132,139,0,0.00023707324284055756
1h_exclude1_shift1,1,True,1,volume_baseline,132,140,0,0.00022068602942913504
1h_exclude1_shift1,1,True,1,volume_baseline,132,141,0,0.00021371138223337868
1h_exclude1_shift1,1,True,1,volume_baseline,132,142,0,0.00021561049103553488
1h_exclude1_shift1,1,True,1,volume_baseline,132,143,0,0.00022631750092766566
1h_exclude1_shift1,1,True,1,plus_composition,132,132,0,0.20486123732628947
1h_exclude1_shift1,1,True,1,plus_composition,132,133,0,0.23713538390146488
1h_exclude1_shift1,1,True,1,plus_composition,132,134,0,0.20565480639097314
1h_exclude1_shift1,1,True,1,plus_composition,132,135,0,0.015672906695135352
1h_exclude1_shift1,1,True,1,plus_composition,132,136,0,0.000608292535328823
1h_exclude1_shift1,1,True,1,plus_composition,132,137,0,6.072159515906504e-05
1h_exclude1_shift1,1,True,1,plus_composition,132,138,0,5.193465045030182e-05
1h_exclude1_shift1,1,True,1,plus_composition,132,139,0,4.6338512208729216e-05
1h_exclude1_shift1,1,True,1,plus_composition,132,140,0,4.3428531219351126e-05
1h_exclude1_shift1,1,True,1,plus_composition,132,141,0,4.2902133269704154e-05
1h_exclude1_shift1,1,True,1,plus_composition,132,142,0,4.467013160401232e-05
1h_exclude1_shift1,1,True,1,plus_composition,132,143,0,4.884250641150735e-05
1h_exclude1_shift1,1,True,1,persistence,132,132,0,0.0
1h_exclude1_shift1,1,True,1,persistence,132,133,0,0.0
1h_exclude1_shift1,1,True,1,persistence,132,134,0,0.0
1h_exclude1_shift1,1,True,1,persistence,132,135,0,0.0
1h_exclude1_shift1,1,True,1,persistence,132,136,0,0.0
1h_exclude1_shift1,1,True,1,persistence,132,137,0,0.0
1h_exclude1_shift1,1,True,1,persistence,132,138,0,0.0
1h_exclude1_shift1,1,True,1,persistence,132,139,0,0.0
1h_exclude1_shift1,1,True,1,persistence,132,140,0,0.0
1h_exclude1_shift1,1,True,1,persistence,132,141,0,0.0
1h_exclude1_shift1,1,True,1,persistence,132,142,0,0.0
1h_exclude1_shift1,1,True,1,persistence,132,143,0,0.0
1h_exclude1_shift1,1,True,1,training_mean,132,132,0,5.221374045801527
1h_exclude1_shift1,1,True,1,training_mean,132,133,0,5.221374045801527
1h_exclude1_shift1,1,True,1,training_mean,132,134,0,5.221374045801527
1h_exclude1_shift1,1,True,1,training_mean,132,135,0,5.221374045801527
1h_exclude1_shift1,1,True,1,training_mean,132,136,0,5.221374045801527
1h_exclude1_shift1,1,True,1,training_mean,132,137,0,5.221374045801527
1h_exclude1_shift1,1,True,1,training_mean,132,138,0,5.221374045801527
1h_exclude1_shift1,1,True,1,training_mean,132,139,0,5.221374045801527
1h_exclude1_shift1,1,True,1,training_mean,132,140,0,5.221374045801527
1h_exclude1_shift1,1,True,1,training_mean,132,141,0,5.221374045801527
1h_exclude1_shift1,1,True,1,training_mean,132,142,0,5.221374045801527
1h_exclude1_shift1,1,True,1,training_mean,132,143,0,5.221374045801527
1h_exclude1_shift2,1,True,2,volume_baseline,48,48,2,2.4886885769011022
1h_exclude1_shift2,1,True,2,volume_baseline,48,49,1,3.1219566474663476
1h_exclude1_shift2,1,True,2,volume_baseline,48,50,2,3.6420095765853198
1h_exclude1_shift2,1,True,2,volume_baseline,48,51,0,6.480161027275262
1h_exclude1_shift2,1,True,2,volume_baseline,48,52,0,6.162177604637889
1h_exclude1_shift2,1,True,2,volume_baseline,48,53,0,10.226407027825314
1h_exclude1_shift2,1,True,2,volume_baseline,48,54,0,16.449966991889998
1h_exclude1_shift2,1,True,2,volume_baseline,48,55,1,25.47994634045052
1h_exclude1_shift2,1,True,2,volume_baseline,48,56,2,51.09400476477664
1h_exclude1_shift2,1,True,2,volume_baseline,48,57,0,90.1056940931628
1h_exclude1_shift2,1,True,2,volume_baseline,48,58,1,71.78658079698276
1h_exclude1_shift2,1,True,2,volume_baseline,48,59,1,113.97482212903672
1h_exclude1_shift2,1,True,2,plus_composition,48,48,2,2.2981092394159393
1h_exclude1_shift2,1,True,2,plus_composition,48,49,1,2.91339406941501
1h_exclude1_shift2,1,True,2,plus_composition,48,50,2,2.598147663955722
1h_exclude1_shift2,1,True,2,plus_composition,48,51,0,3.320067753778484
1h_exclude1_shift2,1,True,2,plus_composition,48,52,0,7.448690340724914
1h_exclude1_shift2,1,True,2,plus_composition,48,53,0,7.680881341049747
1h_exclude1_shift2,1,True,2,plus_composition,48,54,0,14.278063206532615
1h_exclude1_shift2,1,True,2,plus_composition,48,55,1,16.248934099546002
1h_exclude1_shift2,1,True,2,plus_composition,48,56,2,43.825290054072845
1h_exclude1_shift2,1,True,2,plus_composition,48,57,0,74.8864067752785
1h_exclude1_shift2,1,True,2,plus_composition,48,58,1,44.21723878904056
1h_exclude1_shift2,1,True,2,plus_composition,48,59,1,43.00333477825331
1h_exclude1_shift2,1,True,2,persistence,48,48,2,2.0
1h_exclude1_shift2,1,True,2,persistence,48,49,1,2.0
1h_exclude1_shift2,1,True,2,persistence,48,50,2,1.0
1h_exclude1_shift2,1,True,2,persistence,48,51,0,2.0
1h_exclude1_shift2,1,True,2,persistence,48,52,0,0.0
1h_exclude1_shift2,1,True,2,persistence,48,53,0,0.0
1h_exclude1_shift2,1,True,2,persistence,48,54,0,0.0
1h_exclude1_shift2,1,True,2,persistence,48,55,1,0.0
1h_exclude1_shift2,1,True,2,persistence,48,56,2,1.0
1h_exclude1_shift2,1,True,2,persistence,48,57,0,2.0
1h_exclude1_shift2,1,True,2,persistence,48,58,1,0.0
1h_exclude1_shift2,1,True,2,persistence,48,59,1,1.0
1h_exclude1_shift2,1,True,2,training_mean,48,48,2,2.021276595744681
1h_exclude1_shift2,1,True,2,training_mean,48,49,1,2.021276595744681
1h_exclude1_shift2,1,True,2,training_mean,48,50,2,2.021276595744681
1h_exclude1_shift2,1,True,2,training_mean,48,51,0,2.021276595744681
1h_exclude1_shift2,1,True,2,training_mean,48,52,0,2.021276595744681
1h_exclude1_shift2,1,True,2,training_mean,48,53,0,2.021276595744681
1h_exclude1_shift2,1,True,2,training_mean,48,54,0,2.021276595744681
1h_exclude1_shift2,1,True,2,training_mean,48,55,1,2.021276595744681
1h_exclude1_shift2,1,True,2,training_mean,48,56,2,2.021276595744681
1h_exclude1_shift2,1,True,2,training_mean,48,57,0,2.021276595744681
1h_exclude1_shift2,1,True,2,training_mean,48,58,1,2.021276595744681
1h_exclude1_shift2,1,True,2,training_mean,48,59,1,2.021276595744681
1h_exclude1_shift2,1,True,2,volume_baseline,60,60,4,1.7165566386987023
1h_exclude1_shift2,1,True,2,volume_baseline,60,61,3,2.166730033574655
1h_exclude1_shift2,1,True,2,volume_baseline,60,62,1,1.7741271435030186
1h_exclude1_shift2,1,True,2,volume_baseline,60,63,0,1.0012050160521062
1h_exclude1_shift2,1,True,2,volume_baseline,60,64,1,0.46262562988972833
1h_exclude1_shift2,1,True,2,volume_baseline,60,65,0,0.5981228258753981
1h_exclude1_shift2,1,True,2,volume_baseline,60,66,0,0.2821728149604285
1h_exclude1_shift2,1,True,2,volume_baseline,60,67,0,0.25037148855857544
1h_exclude1_shift2,1,True,2,volume_baseline,60,68,2,0.11091672129596762
1h_exclude1_shift2,1,True,2,volume_baseline,60,69,0,0.007065065083027031
1h_exclude1_shift2,1,True,2,volume_baseline,60,70,0,0.007000420829371085
1h_exclude1_shift2,1,True,2,volume_baseline,60,71,0,0.16700294907977026
1h_exclude1_shift2,1,True,2,plus_composition,60,60,4,1.0526669717421533
1h_exclude1_shift2,1,True,2,plus_composition,60,61,3,0.7529294162132155
1h_exclude1_shift2,1,True,2,plus_composition,60,62,1,1.0660834349804744
1h_exclude1_shift2,1,True,2,plus_composition,60,63,0,0.9061123850041294
1h_exclude1_shift2,1,True,2,plus_composition,60,64,1,0.7541651370684143
1h_exclude1_shift2,1,True,2,plus_composition,60,65,0,0.5721554227671956
1h_exclude1_shift2,1,True,2,plus_composition,60,66,0,0.20354519934014115
1h_exclude1_shift2,1,True,2,plus_composition,60,67,0,0.8263821822444026
1h_exclude1_shift2,1,True,2,plus_composition,60,68,2,0.15282112025905922
1h_exclude1_shift2,1,True,2,plus_composition,60,69,0,0.015051572268214033
1h_exclude1_shift2,1,True,2,plus_composition,60,70,0,0.026544437732889226
1h_exclude1_shift2,1,True,2,plus_composition,60,71,0,0.6583398929365675
1h_exclude1_shift2,1,True,2,persistence,60,60,4,1.0
1h_exclude1_shift2,1,True,2,persistence,60,61,3,4.0
1h_exclude1_shift2,1,True,2,persistence,60,62,1,3.0
1h_exclude1_shift2,1,True,2,persistence,60,63,0,1.0
1h_exclude1_shift2,1,True,2,persistence,60,64,1,0.0
1h_exclude1_shift2,1,True,2,persistence,60,65,0,1.0
1h_exclude1_shift2,1,True,2,persistence,60,66,0,0.0
1h_exclude1_shift2,1,True,2,persistence,60,67,0,0.0
1h_exclude1_shift2,1,True,2,persistence,60,68,2,0.0
1h_exclude1_shift2,1,True,2,persistence,60,69,0,2.0
1h_exclude1_shift2,1,True,2,persistence,60,70,0,0.0
1h_exclude1_shift2,1,True,2,persistence,60,71,0,0.0
1h_exclude1_shift2,1,True,2,training_mean,60,60,4,1.7796610169491525
1h_exclude1_shift2,1,True,2,training_mean,60,61,3,1.7796610169491525
1h_exclude1_shift2,1,True,2,training_mean,60,62,1,1.7796610169491525
1h_exclude1_shift2,1,True,2,training_mean,60,63,0,1.7796610169491525
1h_exclude1_shift2,1,True,2,training_mean,60,64,1,1.7796610169491525
1h_exclude1_shift2,1,True,2,training_mean,60,65,0,1.7796610169491525
1h_exclude1_shift2,1,True,2,training_mean,60,66,0,1.7796610169491525
1h_exclude1_shift2,1,True,2,training_mean,60,67,0,1.7796610169491525
1h_exclude1_shift2,1,True,2,training_mean,60,68,2,1.7796610169491525
1h_exclude1_shift2,1,True,2,training_mean,60,69,0,1.7796610169491525
1h_exclude1_shift2,1,True,2,training_mean,60,70,0,1.7796610169491525
1h_exclude1_shift2,1,True,2,training_mean,60,71,0,1.7796610169491525
1h_exclude1_shift2,1,True,2,volume_baseline,72,72,0,0.1768565310473406
1h_exclude1_shift2,1,True,2,volume_baseline,72,73,0,0.1597261908527231
1h_exclude1_shift2,1,True,2,volume_baseline,72,74,1,0.24031440930027317
1h_exclude1_shift2,1,True,2,volume_baseline,72,75,0,0.5032016072557832
1h_exclude1_shift2,1,True,2,volume_baseline,72,76,2,0.40107883857874993
1h_exclude1_shift2,1,True,2,volume_baseline,72,77,2,1.031817364403711
1h_exclude1_shift2,1,True,2,volume_baseline,72,78,1,1.238969900384848
1h_exclude1_shift2,1,True,2,volume_baseline,72,79,8,1.2336827465859017
1h_exclude1_shift2,1,True,2,volume_baseline,72,80,38,3.7145148653739066
1h_exclude1_shift2,1,True,2,volume_baseline,72,81,74,10.904149000103951
1h_exclude1_shift2,1,True,2,volume_baseline,72,82,100,20.54964745924796
1h_exclude1_shift2,1,True,2,volume_baseline,72,83,46,27.551994302475197
1h_exclude1_shift2,1,True,2,plus_composition,72,72,0,0.4139484750727617
1h_exclude1_shift2,1,True,2,plus_composition,72,73,0,0.41746779639276255
1h_exclude1_shift2,1,True,2,plus_composition,72,74,1,0.47287349986354016
1h_exclude1_shift2,1,True,2,plus_composition,72,75,0,0.7550419684410399
1h_exclude1_shift2,1,True,2,plus_composition,72,76,2,0.8908899198670837
1h_exclude1_shift2,1,True,2,plus_composition,72,77,2,1.4599867299856524
1h_exclude1_shift2,1,True,2,plus_composition,72,78,1,1.912242695931894
1h_exclude1_shift2,1,True,2,plus_composition,72,79,8,1.7672147504435043
1h_exclude1_shift2,1,True,2,plus_composition,72,80,38,3.5196943290825495
1h_exclude1_shift2,1,True,2,plus_composition,72,81,74,7.988010374549361
1h_exclude1_shift2,1,True,2,plus_composition,72,82,100,11.12667736007733
1h_exclude1_shift2,1,True,2,plus_composition,72,83,46,12.683562156316636
1h_exclude1_shift2,1,True,2,persistence,72,72,0,0.0
1h_exclude1_shift2,1,True,2,persistence,72,73,0,0.0
1h_exclude1_shift2,1,True,2,persistence,72,74,1,0.0
1h_exclude1_shift2,1,True,2,persistence,72,75,0,1.0
1h_exclude1_shift2,1,True,2,persistence,72,76,2,0.0
1h_exclude1_shift2,1,True,2,persistence,72,77,2,2.0
1h_exclude1_shift2,1,True,2,persistence,72,78,1,2.0
1h_exclude1_shift2,1,True,2,persistence,72,79,8,1.0
1h_exclude1_shift2,1,True,2,persistence,72,80,38,8.0
1h_exclude1_shift2,1,True,2,persistence,72,81,74,38.0
1h_exclude1_shift2,1,True,2,persistence,72,82,100,74.0
1h_exclude1_shift2,1,True,2,persistence,72,83,46,100.0
1h_exclude1_shift2,1,True,2,training_mean,72,72,0,1.6338028169014085
1h_exclude1_shift2,1,True,2,training_mean,72,73,0,1.6338028169014085
1h_exclude1_shift2,1,True,2,training_mean,72,74,1,1.6338028169014085
1h_exclude1_shift2,1,True,2,training_mean,72,75,0,1.6338028169014085
1h_exclude1_shift2,1,True,2,training_mean,72,76,2,1.6338028169014085
1h_exclude1_shift2,1,True,2,training_mean,72,77,2,1.6338028169014085
1h_exclude1_shift2,1,True,2,training_mean,72,78,1,1.6338028169014085
1h_exclude1_shift2,1,True,2,training_mean,72,79,8,1.6338028169014085
1h_exclude1_shift2,1,True,2,training_mean,72,80,38,1.6338028169014085
1h_exclude1_shift2,1,True,2,training_mean,72,81,74,1.6338028169014085
1h_exclude1_shift2,1,True,2,training_mean,72,82,100,1.6338028169014085
1h_exclude1_shift2,1,True,2,training_mean,72,83,46,1.6338028169014085
1h_exclude1_shift2,1,True,2,volume_baseline,84,84,37,45.931084820256324
1h_exclude1_shift2,1,True,2,volume_baseline,84,85,64,31.3904136574998
1h_exclude1_shift2,1,True,2,volume_baseline,84,86,32,34.99580226351592
1h_exclude1_shift2,1,True,2,volume_baseline,84,87,26,16.79440757530394
1h_exclude1_shift2,1,True,2,volume_baseline,84,88,19,11.040433645754666
1h_exclude1_shift2,1,True,2,volume_baseline,84,89,15,7.565900844352381
1h_exclude1_shift2,1,True,2,volume_baseline,84,90,9,6.392065206099895
1h_exclude1_shift2,1,True,2,volume_baseline,84,91,20,3.642613870764682
1h_exclude1_shift2,1,True,2,volume_baseline,84,92,15,5.387321942265016
1h_exclude1_shift2,1,True,2,volume_baseline,84,93,12,5.2109767029815215
1h_exclude1_shift2,1,True,2,volume_baseline,84,94,10,4.2629202864538875
1h_exclude1_shift2,1,True,2,volume_baseline,84,95,4,3.897726297768414
1h_exclude1_shift2,1,True,2,plus_composition,84,84,37,88.0928403849771
1h_exclude1_shift2,1,True,2,plus_composition,84,85,64,1049.5193762339973
1h_exclude1_shift2,1,True,2,plus_composition,84,86,32,6188.731613553488
1h_exclude1_shift2,1,True,2,plus_composition,84,87,26,28494.352132046974
1h_exclude1_shift2,1,True,2,plus_composition,84,88,19,122568.15017103594
1h_exclude1_shift2,1,True,2,plus_composition,84,89,15,8496.750158797213
1h_exclude1_shift2,1,True,2,plus_composition,84,90,9,4194.268048102408
1h_exclude1_shift2,1,True,2,plus_composition,84,91,20,2634.105067880449
1h_exclude1_shift2,1,True,2,plus_composition,84,92,15,684.5095763848026
1h_exclude1_shift2,1,True,2,plus_composition,84,93,12,4330.104357149778
1h_exclude1_shift2,1,True,2,plus_composition,84,94,10,1790.4631328923786
1h_exclude1_shift2,1,True,2,plus_composition,84,95,4,380.9034472038252
1h_exclude1_shift2,1,True,2,persistence,84,84,37,46.0
1h_exclude1_shift2,1,True,2,persistence,84,85,64,37.0
1h_exclude1_shift2,1,True,2,persistence,84,86,32,64.0
1h_exclude1_shift2,1,True,2,persistence,84,87,26,32.0
1h_exclude1_shift2,1,True,2,persistence,84,88,19,26.0
1h_exclude1_shift2,1,True,2,persistence,84,89,15,19.0
1h_exclude1_shift2,1,True,2,persistence,84,90,9,15.0
1h_exclude1_shift2,1,True,2,persistence,84,91,20,9.0
1h_exclude1_shift2,1,True,2,persistence,84,92,15,20.0
1h_exclude1_shift2,1,True,2,persistence,84,93,12,15.0
1h_exclude1_shift2,1,True,2,persistence,84,94,10,12.0
1h_exclude1_shift2,1,True,2,persistence,84,95,4,10.0
1h_exclude1_shift2,1,True,2,training_mean,84,84,37,4.674698795180723
1h_exclude1_shift2,1,True,2,training_mean,84,85,64,4.674698795180723
1h_exclude1_shift2,1,True,2,training_mean,84,86,32,4.674698795180723
1h_exclude1_shift2,1,True,2,training_mean,84,87,26,4.674698795180723
1h_exclude1_shift2,1,True,2,training_mean,84,88,19,4.674698795180723
1h_exclude1_shift2,1,True,2,training_mean,84,89,15,4.674698795180723
1h_exclude1_shift2,1,True,2,training_mean,84,90,9,4.674698795180723
1h_exclude1_shift2,1,True,2,training_mean,84,91,20,4.674698795180723
1h_exclude1_shift2,1,True,2,training_mean,84,92,15,4.674698795180723
1h_exclude1_shift2,1,True,2,training_mean,84,93,12,4.674698795180723
1h_exclude1_shift2,1,True,2,training_mean,84,94,10,4.674698795180723
1h_exclude1_shift2,1,True,2,training_mean,84,95,4,4.674698795180723
1h_exclude1_shift2,1,True,2,volume_baseline,96,96,5,4.9213872980716555
1h_exclude1_shift2,1,True,2,volume_baseline,96,97,8,7.008968339793818
1h_exclude1_shift2,1,True,2,volume_baseline,96,98,3,5.82682690042897
1h_exclude1_shift2,1,True,2,volume_baseline,96,99,3,2.207363983632556
1h_exclude1_shift2,1,True,2,volume_baseline,96,100,1,2.1404103936369556
1h_exclude1_shift2,1,True,2,volume_baseline,96,101,0,1.919766455724398
1h_exclude1_shift2,1,True,2,volume_baseline,96,102,1,1.4188529681483302
1h_exclude1_shift2,1,True,2,volume_baseline,96,103,4,2.2777161021978793
1h_exclude1_shift2,1,True,2,volume_baseline,96,104,2,5.900542845493204
1h_exclude1_shift2,1,True,2,volume_baseline,96,105,2,2.418802590407092
1h_exclude1_shift2,1,True,2,volume_baseline,96,106,0,3.467069136133989
1h_exclude1_shift2,1,True,2,volume_baseline,96,107,0,1.5432402735563397
1h_exclude1_shift2,1,True,2,plus_composition,96,96,5,6.211210030921016
1h_exclude1_shift2,1,True,2,plus_composition,96,97,8,8.12253686482061
1h_exclude1_shift2,1,True,2,plus_composition,96,98,3,10.089347496295785
1h_exclude1_shift2,1,True,2,plus_composition,96,99,3,3.5877752434527066
1h_exclude1_shift2,1,True,2,plus_composition,96,100,1,6.642396479360296
1h_exclude1_shift2,1,True,2,plus_composition,96,101,0,9.147613335025643
1h_exclude1_shift2,1,True,2,plus_composition,96,102,1,6.921778121835973
1h_exclude1_shift2,1,True,2,plus_composition,96,103,4,7.010172406151091
1h_exclude1_shift2,1,True,2,plus_composition,96,104,2,21.513185395387033
1h_exclude1_shift2,1,True,2,plus_composition,96,105,2,9.833382735764825
1h_exclude1_shift2,1,True,2,plus_composition,96,106,0,18.2037565514728
1h_exclude1_shift2,1,True,2,plus_composition,96,107,0,5.771884641414309
1h_exclude1_shift2,1,True,2,persistence,96,96,5,4.0
1h_exclude1_shift2,1,True,2,persistence,96,97,8,5.0
1h_exclude1_shift2,1,True,2,persistence,96,98,3,8.0
1h_exclude1_shift2,1,True,2,persistence,96,99,3,3.0
1h_exclude1_shift2,1,True,2,persistence,96,100,1,3.0
1h_exclude1_shift2,1,True,2,persistence,96,101,0,1.0
1h_exclude1_shift2,1,True,2,persistence,96,102,1,0.0
1h_exclude1_shift2,1,True,2,persistence,96,103,4,1.0
1h_exclude1_shift2,1,True,2,persistence,96,104,2,4.0
1h_exclude1_shift2,1,True,2,persistence,96,105,2,2.0
1h_exclude1_shift2,1,True,2,persistence,96,106,0,2.0
1h_exclude1_shift2,1,True,2,persistence,96,107,0,0.0
1h_exclude1_shift2,1,True,2,training_mean,96,96,5,6.852631578947369
1h_exclude1_shift2,1,True,2,training_mean,96,97,8,6.852631578947369
1h_exclude1_shift2,1,True,2,training_mean,96,98,3,6.852631578947369
1h_exclude1_shift2,1,True,2,training_mean,96,99,3,6.852631578947369
1h_exclude1_shift2,1,True,2,training_mean,96,100,1,6.852631578947369
1h_exclude1_shift2,1,True,2,training_mean,96,101,0,6.852631578947369
1h_exclude1_shift2,1,True,2,training_mean,96,102,1,6.852631578947369
1h_exclude1_shift2,1,True,2,training_mean,96,103,4,6.852631578947369
1h_exclude1_shift2,1,True,2,training_mean,96,104,2,6.852631578947369
1h_exclude1_shift2,1,True,2,training_mean,96,105,2,6.852631578947369
1h_exclude1_shift2,1,True,2,training_mean,96,106,0,6.852631578947369
1h_exclude1_shift2,1,True,2,training_mean,96,107,0,6.852631578947369
1h_exclude1_shift2,1,True,2,volume_baseline,108,108,0,1.0647800477877947
1h_exclude1_shift2,1,True,2,volume_baseline,108,109,0,0.884040263543113
1h_exclude1_shift2,1,True,2,volume_baseline,108,110,0,0.710653794142219
1h_exclude1_shift2,1,True,2,volume_baseline,108,111,0,0.5437516889228675
1h_exclude1_shift2,1,True,2,volume_baseline,108,112,1,0.585687435680316
1h_exclude1_shift2,1,True,2,volume_baseline,108,113,0,0.6421002448787794
1h_exclude1_shift2,1,True,2,volume_baseline,108,114,0,0.3709915213701356
1h_exclude1_shift2,1,True,2,volume_baseline,108,115,1,0.3197203891711299
1h_exclude1_shift2,1,True,2,volume_baseline,108,116,0,0.31814913536396666
1h_exclude1_shift2,1,True,2,volume_baseline,108,117,0,0.006861695192823136
1h_exclude1_shift2,1,True,2,volume_baseline,108,118,0,0.0007997855104374411
1h_exclude1_shift2,1,True,2,volume_baseline,108,119,0,0.35967075068860105
1h_exclude1_shift2,1,True,2,plus_composition,108,108,0,1.1873659283812548
1h_exclude1_shift2,1,True,2,plus_composition,108,109,0,0.8375674930965182
1h_exclude1_shift2,1,True,2,plus_composition,108,110,0,0.5858922678679038
1h_exclude1_shift2,1,True,2,plus_composition,108,111,0,0.5227972785399503
1h_exclude1_shift2,1,True,2,plus_composition,108,112,1,0.5359860971007693
1h_exclude1_shift2,1,True,2,plus_composition,108,113,0,0.5481558386005867
1h_exclude1_shift2,1,True,2,plus_composition,108,114,0,0.34157833540161125
1h_exclude1_shift2,1,True,2,plus_composition,108,115,1,0.22527972383376665
1h_exclude1_shift2,1,True,2,plus_composition,108,116,0,0.2701299440842364
1h_exclude1_shift2,1,True,2,plus_composition,108,117,0,0.0011551397179104697
1h_exclude1_shift2,1,True,2,plus_composition,108,118,0,9.419766750001746e-05
1h_exclude1_shift2,1,True,2,plus_composition,108,119,0,0.31636114358886896
1h_exclude1_shift2,1,True,2,persistence,108,108,0,0.0
1h_exclude1_shift2,1,True,2,persistence,108,109,0,0.0
1h_exclude1_shift2,1,True,2,persistence,108,110,0,0.0
1h_exclude1_shift2,1,True,2,persistence,108,111,0,0.0
1h_exclude1_shift2,1,True,2,persistence,108,112,1,0.0
1h_exclude1_shift2,1,True,2,persistence,108,113,0,1.0
1h_exclude1_shift2,1,True,2,persistence,108,114,0,0.0
1h_exclude1_shift2,1,True,2,persistence,108,115,1,0.0
1h_exclude1_shift2,1,True,2,persistence,108,116,0,1.0
1h_exclude1_shift2,1,True,2,persistence,108,117,0,0.0
1h_exclude1_shift2,1,True,2,persistence,108,118,0,0.0
1h_exclude1_shift2,1,True,2,persistence,108,119,0,0.0
1h_exclude1_shift2,1,True,2,training_mean,108,108,0,6.355140186915888
1h_exclude1_shift2,1,True,2,training_mean,108,109,0,6.355140186915888
1h_exclude1_shift2,1,True,2,training_mean,108,110,0,6.355140186915888
1h_exclude1_shift2,1,True,2,training_mean,108,111,0,6.355140186915888
1h_exclude1_shift2,1,True,2,training_mean,108,112,1,6.355140186915888
1h_exclude1_shift2,1,True,2,training_mean,108,113,0,6.355140186915888
1h_exclude1_shift2,1,True,2,training_mean,108,114,0,6.355140186915888
1h_exclude1_shift2,1,True,2,training_mean,108,115,1,6.355140186915888
1h_exclude1_shift2,1,True,2,training_mean,108,116,0,6.355140186915888
1h_exclude1_shift2,1,True,2,training_mean,108,117,0,6.355140186915888
1h_exclude1_shift2,1,True,2,training_mean,108,118,0,6.355140186915888
1h_exclude1_shift2,1,True,2,training_mean,108,119,0,6.355140186915888
1h_exclude1_shift2,1,True,2,volume_baseline,120,120,0,0.22915856728239142
1h_exclude1_shift2,1,True,2,volume_baseline,120,121,0,0.2293808975152527
1h_exclude1_shift2,1,True,2,volume_baseline,120,122,0,0.27055321005202626
1h_exclude1_shift2,1,True,2,volume_baseline,120,123,1,0.29944035124806817
1h_exclude1_shift2,1,True,2,volume_baseline,120,124,1,0.8023612053685816
1h_exclude1_shift2,1,True,2,volume_baseline,120,125,0,1.0564840344265192
1h_exclude1_shift2,1,True,2,volume_baseline,120,126,0,0.7870923389379997
1h_exclude1_shift2,1,True,2,volume_baseline,120,127,0,0.6188318331860054
1h_exclude1_shift2,1,True,2,volume_baseline,120,128,0,0.8498195676878302
1h_exclude1_shift2,1,True,2,volume_baseline,120,129,0,0.7231146841023626
1h_exclude1_shift2,1,True,2,volume_baseline,120,130,0,0.8889738857123616
1h_exclude1_shift2,1,True,2,volume_baseline,120,131,0,0.6747385745054157
1h_exclude1_shift2,1,True,2,plus_composition,120,120,0,0.18757800284079587
1h_exclude1_shift2,1,True,2,plus_composition,120,121,0,0.14491175682063356
1h_exclude1_shift2,1,True,2,plus_composition,120,122,0,0.16014684105494087
1h_exclude1_shift2,1,True,2,plus_composition,120,123,1,0.19866975569157155
1h_exclude1_shift2,1,True,2,plus_composition,120,124,1,0.7693143236719377
1h_exclude1_shift2,1,True,2,plus_composition,120,125,0,0.7582032155429431
1h_exclude1_shift2,1,True,2,plus_composition,120,126,0,0.5996558287171049
1h_exclude1_shift2,1,True,2,plus_composition,120,127,0,0.4966651756950182
1h_exclude1_shift2,1,True,2,plus_composition,120,128,0,0.5302064029848644
1h_exclude1_shift2,1,True,2,plus_composition,120,129,0,0.4008235118338015
1h_exclude1_shift2,1,True,2,plus_composition,120,130,0,0.518420461301274
1h_exclude1_shift2,1,True,2,plus_composition,120,131,0,0.2787858705584286
1h_exclude1_shift2,1,True,2,persistence,120,120,0,0.0
1h_exclude1_shift2,1,True,2,persistence,120,121,0,0.0
1h_exclude1_shift2,1,True,2,persistence,120,122,0,0.0
1h_exclude1_shift2,1,True,2,persistence,120,123,1,0.0
1h_exclude1_shift2,1,True,2,persistence,120,124,1,1.0
1h_exclude1_shift2,1,True,2,persistence,120,125,0,1.0
1h_exclude1_shift2,1,True,2,persistence,120,126,0,0.0
1h_exclude1_shift2,1,True,2,persistence,120,127,0,0.0
1h_exclude1_shift2,1,True,2,persistence,120,128,0,0.0
1h_exclude1_shift2,1,True,2,persistence,120,129,0,0.0
1h_exclude1_shift2,1,True,2,persistence,120,130,0,0.0
1h_exclude1_shift2,1,True,2,persistence,120,131,0,0.0
1h_exclude1_shift2,1,True,2,training_mean,120,120,0,5.73109243697479
1h_exclude1_shift2,1,True,2,training_mean,120,121,0,5.73109243697479
1h_exclude1_shift2,1,True,2,training_mean,120,122,0,5.73109243697479
1h_exclude1_shift2,1,True,2,training_mean,120,123,1,5.73109243697479
1h_exclude1_shift2,1,True,2,training_mean,120,124,1,5.73109243697479
1h_exclude1_shift2,1,True,2,training_mean,120,125,0,5.73109243697479
1h_exclude1_shift2,1,True,2,training_mean,120,126,0,5.73109243697479
1h_exclude1_shift2,1,True,2,training_mean,120,127,0,5.73109243697479
1h_exclude1_shift2,1,True,2,training_mean,120,128,0,5.73109243697479
1h_exclude1_shift2,1,True,2,training_mean,120,129,0,5.73109243697479
1h_exclude1_shift2,1,True,2,training_mean,120,130,0,5.73109243697479
1h_exclude1_shift2,1,True,2,training_mean,120,131,0,5.73109243697479
1h_exclude1_shift2,1,True,2,volume_baseline,132,132,0,0.4435016275282468
1h_exclude1_shift2,1,True,2,volume_baseline,132,133,0,0.5366203536334676
1h_exclude1_shift2,1,True,2,volume_baseline,132,134,0,0.42731089832479613
1h_exclude1_shift2,1,True,2,volume_baseline,132,135,0,0.03967016984071727
1h_exclude1_shift2,1,True,2,volume_baseline,132,136,0,0.0029123596207225122
1h_exclude1_shift2,1,True,2,volume_baseline,132,137,0,0.00035180442074190436
1h_exclude1_shift2,1,True,2,volume_baseline,132,138,0,0.0003003281772513067
1h_exclude1_shift2,1,True,2,volume_baseline,132,139,0,0.000261602024674045
1h_exclude1_shift2,1,True,2,volume_baseline,132,140,0,0.0002345740238437801
1h_exclude1_shift2,1,True,2,volume_baseline,132,141,0,0.0002180207592994006
1h_exclude1_shift2,1,True,2,volume_baseline,132,142,0,0.00021096893834956972
1h_exclude1_shift2,1,True,2,volume_baseline,132,143,0,0.00021289858251416496
1h_exclude1_shift2,1,True,2,plus_composition,132,132,0,0.196533867598905
1h_exclude1_shift2,1,True,2,plus_composition,132,133,0,0.23668306051158836
1h_exclude1_shift2,1,True,2,plus_composition,132,134,0,0.23585122571073863
1h_exclude1_shift2,1,True,2,plus_composition,132,135,0,0.01619332767047134
1h_exclude1_shift2,1,True,2,plus_composition,132,136,0,0.00037409342017281704
1h_exclude1_shift2,1,True,2,plus_composition,132,137,0,3.206740347202753e-05
1h_exclude1_shift2,1,True,2,plus_composition,132,138,0,2.687753468026524e-05
1h_exclude1_shift2,1,True,2,plus_composition,132,139,0,2.346263894792021e-05
1h_exclude1_shift2,1,True,2,plus_composition,132,140,0,2.1514721226632694e-05
1h_exclude1_shift2,1,True,2,plus_composition,132,141,0,2.083143780913598e-05
1h_exclude1_shift2,1,True,2,plus_composition,132,142,0,2.1329008383347512e-05
1h_exclude1_shift2,1,True,2,plus_composition,132,143,0,2.3039836828075104e-05
1h_exclude1_shift2,1,True,2,persistence,132,132,0,0.0
1h_exclude1_shift2,1,True,2,persistence,132,133,0,0.0
1h_exclude1_shift2,1,True,2,persistence,132,134,0,0.0
1h_exclude1_shift2,1,True,2,persistence,132,135,0,0.0
1h_exclude1_shift2,1,True,2,persistence,132,136,0,0.0
1h_exclude1_shift2,1,True,2,persistence,132,137,0,0.0
1h_exclude1_shift2,1,True,2,persistence,132,138,0,0.0
1h_exclude1_shift2,1,True,2,persistence,132,139,0,0.0
1h_exclude1_shift2,1,True,2,persistence,132,140,0,0.0
1h_exclude1_shift2,1,True,2,persistence,132,141,0,0.0
1h_exclude1_shift2,1,True,2,persistence,132,142,0,0.0
1h_exclude1_shift2,1,True,2,persistence,132,143,0,0.0
1h_exclude1_shift2,1,True,2,training_mean,132,132,0,5.221374045801527
1h_exclude1_shift2,1,True,2,training_mean,132,133,0,5.221374045801527
1h_exclude1_shift2,1,True,2,training_mean,132,134,0,5.221374045801527
1h_exclude1_shift2,1,True,2,training_mean,132,135,0,5.221374045801527
1h_exclude1_shift2,1,True,2,training_mean,132,136,0,5.221374045801527
1h_exclude1_shift2,1,True,2,training_mean,132,137,0,5.221374045801527
1h_exclude1_shift2,1,True,2,training_mean,132,138,0,5.221374045801527
1h_exclude1_shift2,1,True,2,training_mean,132,139,0,5.221374045801527
1h_exclude1_shift2,1,True,2,training_mean,132,140,0,5.221374045801527
1h_exclude1_shift2,1,True,2,training_mean,132,141,0,5.221374045801527
1h_exclude1_shift2,1,True,2,training_mean,132,142,0,5.221374045801527
1h_exclude1_shift2,1,True,2,training_mean,132,143,0,5.221374045801527
2h_exclude0_shift-2,2,False,-2,volume_baseline,48,48,0,11.942454173097582
2h_exclude0_shift-2,2,False,-2,volume_baseline,48,50,1,45.98184935967346
2h_exclude0_shift-2,2,False,-2,volume_baseline,48,52,2,168.21957708793158
2h_exclude0_shift-2,2,False,-2,volume_baseline,48,54,2,508.08099058568246
2h_exclude0_shift-2,2,False,-2,volume_baseline,48,56,7,981.1190551243991
2h_exclude0_shift-2,2,False,-2,volume_baseline,48,58,1,1039.2537846828088
2h_exclude0_shift-2,2,False,-2,plus_composition,48,48,0,8.777325683077107
2h_exclude0_shift-2,2,False,-2,plus_composition,48,50,1,23.020559433554133
2h_exclude0_shift-2,2,False,-2,plus_composition,48,52,2,101.01187979770259
2h_exclude0_shift-2,2,False,-2,plus_composition,48,54,2,365.59572658571255
2h_exclude0_shift-2,2,False,-2,plus_composition,48,56,7,768.8025430002059
2h_exclude0_shift-2,2,False,-2,plus_composition,48,58,1,906.9171584378546
2h_exclude0_shift-2,2,False,-2,persistence,48,48,0,2.0
2h_exclude0_shift-2,2,False,-2,persistence,48,50,1,0.0
2h_exclude0_shift-2,2,False,-2,persistence,48,52,2,1.0
2h_exclude0_shift-2,2,False,-2,persistence,48,54,2,2.0
2h_exclude0_shift-2,2,False,-2,persistence,48,56,7,2.0
2h_exclude0_shift-2,2,False,-2,persistence,48,58,1,7.0
2h_exclude0_shift-2,2,False,-2,training_mean,48,48,0,4.3478260869565215
2h_exclude0_shift-2,2,False,-2,training_mean,48,50,1,4.3478260869565215
2h_exclude0_shift-2,2,False,-2,training_mean,48,52,2,4.3478260869565215
2h_exclude0_shift-2,2,False,-2,training_mean,48,54,2,4.3478260869565215
2h_exclude0_shift-2,2,False,-2,training_mean,48,56,7,4.3478260869565215
2h_exclude0_shift-2,2,False,-2,training_mean,48,58,1,4.3478260869565215
2h_exclude0_shift-2,2,False,-2,volume_baseline,60,60,1,1.8475518020396764
2h_exclude0_shift-2,2,False,-2,volume_baseline,60,62,0,0.6135089357502435
2h_exclude0_shift-2,2,False,-2,volume_baseline,60,64,2,0.22464528677683487
2h_exclude0_shift-2,2,False,-2,volume_baseline,60,66,0,0.14807373646071595
2h_exclude0_shift-2,2,False,-2,volume_baseline,60,68,0,0.05619729439445526
2h_exclude0_shift-2,2,False,-2,volume_baseline,60,70,1,0.0016017119521365552
2h_exclude0_shift-2,2,False,-2,plus_composition,60,60,1,0.9169240765825956
2h_exclude0_shift-2,2,False,-2,plus_composition,60,62,0,0.7648341591947554
2h_exclude0_shift-2,2,False,-2,plus_composition,60,64,2,0.3272613553453687
2h_exclude0_shift-2,2,False,-2,plus_composition,60,66,0,0.04856841812770237
2h_exclude0_shift-2,2,False,-2,plus_composition,60,68,0,0.06280987295478813
2h_exclude0_shift-2,2,False,-2,plus_composition,60,70,1,0.01324152867183184
2h_exclude0_shift-2,2,False,-2,persistence,60,60,1,1.0
2h_exclude0_shift-2,2,False,-2,persistence,60,62,0,1.0
2h_exclude0_shift-2,2,False,-2,persistence,60,64,2,0.0
2h_exclude0_shift-2,2,False,-2,persistence,60,66,0,2.0
2h_exclude0_shift-2,2,False,-2,persistence,60,68,0,0.0
2h_exclude0_shift-2,2,False,-2,persistence,60,70,1,0.0
2h_exclude0_shift-2,2,False,-2,training_mean,60,60,1,3.896551724137931
2h_exclude0_shift-2,2,False,-2,training_mean,60,62,0,3.896551724137931
2h_exclude0_shift-2,2,False,-2,training_mean,60,64,2,3.896551724137931
2h_exclude0_shift-2,2,False,-2,training_mean,60,66,0,3.896551724137931
2h_exclude0_shift-2,2,False,-2,training_mean,60,68,0,3.896551724137931
2h_exclude0_shift-2,2,False,-2,training_mean,60,70,1,3.896551724137931
2h_exclude0_shift-2,2,False,-2,volume_baseline,72,72,4,0.2595134744314477
2h_exclude0_shift-2,2,False,-2,volume_baseline,72,74,9,0.6061434037966045
2h_exclude0_shift-2,2,False,-2,volume_baseline,72,76,112,1.795526754826029
2h_exclude0_shift-2,2,False,-2,volume_baseline,72,78,146,7.215503613513305
2h_exclude0_shift-2,2,False,-2,volume_baseline,72,80,101,9.110062632915582
2h_exclude0_shift-2,2,False,-2,volume_baseline,72,82,58,6.185826452194886
2h_exclude0_shift-2,2,False,-2,plus_composition,72,72,4,0.7032886006740746
2h_exclude0_shift-2,2,False,-2,plus_composition,72,74,9,0.985099800121888
2h_exclude0_shift-2,2,False,-2,plus_composition,72,76,112,3.681079024325488
2h_exclude0_shift-2,2,False,-2,plus_composition,72,78,146,11.62073491643165
2h_exclude0_shift-2,2,False,-2,plus_composition,72,80,101,3.6542311668306664
2h_exclude0_shift-2,2,False,-2,plus_composition,72,82,58,0.03448669404754915
2h_exclude0_shift-2,2,False,-2,persistence,72,72,4,1.0
2h_exclude0_shift-2,2,False,-2,persistence,72,74,9,4.0
2h_exclude0_shift-2,2,False,-2,persistence,72,76,112,9.0
2h_exclude0_shift-2,2,False,-2,persistence,72,78,146,112.0
2h_exclude0_shift-2,2,False,-2,persistence,72,80,101,146.0
2h_exclude0_shift-2,2,False,-2,persistence,72,82,58,101.0
2h_exclude0_shift-2,2,False,-2,training_mean,72,72,4,3.342857142857143
2h_exclude0_shift-2,2,False,-2,training_mean,72,74,9,3.342857142857143
2h_exclude0_shift-2,2,False,-2,training_mean,72,76,112,3.342857142857143
2h_exclude0_shift-2,2,False,-2,training_mean,72,78,146,3.342857142857143
2h_exclude0_shift-2,2,False,-2,training_mean,72,80,101,3.342857142857143
2h_exclude0_shift-2,2,False,-2,training_mean,72,82,58,3.342857142857143
2h_exclude0_shift-2,2,False,-2,volume_baseline,84,84,34,23.362126866572414
2h_exclude0_shift-2,2,False,-2,volume_baseline,84,86,29,10.272098471192354
2h_exclude0_shift-2,2,False,-2,volume_baseline,84,88,27,7.258992505923365
2h_exclude0_shift-2,2,False,-2,volume_baseline,84,90,14,7.968134670795174
2h_exclude0_shift-2,2,False,-2,volume_baseline,84,92,13,8.422559036722088
2h_exclude0_shift-2,2,False,-2,volume_baseline,84,94,6,15.632645602317211
2h_exclude0_shift-2,2,False,-2,plus_composition,84,84,34,14.720399403311061
2h_exclude0_shift-2,2,False,-2,plus_composition,84,86,29,0.42985198417610554
2h_exclude0_shift-2,2,False,-2,plus_composition,84,88,27,0.017161408386425565
2h_exclude0_shift-2,2,False,-2,plus_composition,84,90,14,0.053601398891892006
2h_exclude0_shift-2,2,False,-2,plus_composition,84,92,13,0.13259445889915303
2h_exclude0_shift-2,2,False,-2,plus_composition,84,94,6,0.1948848851722777
2h_exclude0_shift-2,2,False,-2,persistence,84,84,34,58.0
2h_exclude0_shift-2,2,False,-2,persistence,84,86,29,34.0
2h_exclude0_shift-2,2,False,-2,persistence,84,88,27,29.0
2h_exclude0_shift-2,2,False,-2,persistence,84,90,14,27.0
2h_exclude0_shift-2,2,False,-2,persistence,84,92,13,14.0
2h_exclude0_shift-2,2,False,-2,persistence,84,94,6,13.0
2h_exclude0_shift-2,2,False,-2,training_mean,84,84,34,13.341463414634147
2h_exclude0_shift-2,2,False,-2,training_mean,84,86,29,13.341463414634147
2h_exclude0_shift-2,2,False,-2,training_mean,84,88,27,13.341463414634147
2h_exclude0_shift-2,2,False,-2,training_mean,84,90,14,13.341463414634147
2h_exclude0_shift-2,2,False,-2,training_mean,84,92,13,13.341463414634147
2h_exclude0_shift-2,2,False,-2,training_mean,84,94,6,13.341463414634147
2h_exclude0_shift-2,2,False,-2,volume_baseline,96,96,1,23.222506740927937
2h_exclude0_shift-2,2,False,-2,volume_baseline,96,98,5,18.669730156241023
2h_exclude0_shift-2,2,False,-2,volume_baseline,96,100,4,32.32662935089495
2h_exclude0_shift-2,2,False,-2,volume_baseline,96,102,0,30.336716539915948
2h_exclude0_shift-2,2,False,-2,volume_baseline,96,104,0,10.704958791342127
2h_exclude0_shift-2,2,False,-2,volume_baseline,96,106,0,6.527299729903671
2h_exclude0_shift-2,2,False,-2,plus_composition,96,96,1,31.104156997978496
2h_exclude0_shift-2,2,False,-2,plus_composition,96,98,5,31.961468475028354
2h_exclude0_shift-2,2,False,-2,plus_composition,96,100,4,64.91140167857404
2h_exclude0_shift-2,2,False,-2,plus_composition,96,102,0,157.22374276270338
2h_exclude0_shift-2,2,False,-2,plus_composition,96,104,0,52.70803286976867
2h_exclude0_shift-2,2,False,-2,plus_composition,96,106,0,33.12777708675292
2h_exclude0_shift-2,2,False,-2,persistence,96,96,1,6.0
2h_exclude0_shift-2,2,False,-2,persistence,96,98,5,1.0
2h_exclude0_shift-2,2,False,-2,persistence,96,100,4,5.0
2h_exclude0_shift-2,2,False,-2,persistence,96,102,0,4.0
2h_exclude0_shift-2,2,False,-2,persistence,96,104,0,0.0
2h_exclude0_shift-2,2,False,-2,persistence,96,106,0,0.0
2h_exclude0_shift-2,2,False,-2,training_mean,96,96,1,14.25531914893617
2h_exclude0_shift-2,2,False,-2,training_mean,96,98,5,14.25531914893617
2h_exclude0_shift-2,2,False,-2,training_mean,96,100,4,14.25531914893617
2h_exclude0_shift-2,2,False,-2,training_mean,96,102,0,14.25531914893617
2h_exclude0_shift-2,2,False,-2,training_mean,96,104,0,14.25531914893617
2h_exclude0_shift-2,2,False,-2,training_mean,96,106,0,14.25531914893617
2h_exclude0_shift-2,2,False,-2,volume_baseline,108,108,1,0.7862144935664507
2h_exclude0_shift-2,2,False,-2,volume_baseline,108,110,1,0.8875010184349584
2h_exclude0_shift-2,2,False,-2,volume_baseline,108,112,0,0.7451417002821067
2h_exclude0_shift-2,2,False,-2,volume_baseline,108,114,0,0.48247834015989227
2h_exclude0_shift-2,2,False,-2,volume_baseline,108,116,0,0.5999092335419242
2h_exclude0_shift-2,2,False,-2,volume_baseline,108,118,1,0.1579614912965934
2h_exclude0_shift-2,2,False,-2,plus_composition,108,108,1,0.7706354754976478
2h_exclude0_shift-2,2,False,-2,plus_composition,108,110,1,0.8722719225519866
2h_exclude0_shift-2,2,False,-2,plus_composition,108,112,0,0.7172357401917978
2h_exclude0_shift-2,2,False,-2,plus_composition,108,114,0,0.45389875683425474
2h_exclude0_shift-2,2,False,-2,plus_composition,108,116,0,0.5629440077707097
2h_exclude0_shift-2,2,False,-2,plus_composition,108,118,1,0.14014330807864453
2h_exclude0_shift-2,2,False,-2,persistence,108,108,1,0.0
2h_exclude0_shift-2,2,False,-2,persistence,108,110,1,1.0
2h_exclude0_shift-2,2,False,-2,persistence,108,112,0,1.0
2h_exclude0_shift-2,2,False,-2,persistence,108,114,0,0.0
2h_exclude0_shift-2,2,False,-2,persistence,108,116,0,0.0
2h_exclude0_shift-2,2,False,-2,persistence,108,118,1,0.0
2h_exclude0_shift-2,2,False,-2,training_mean,108,108,1,12.830188679245284
2h_exclude0_shift-2,2,False,-2,training_mean,108,110,1,12.830188679245284
2h_exclude0_shift-2,2,False,-2,training_mean,108,112,0,12.830188679245284
2h_exclude0_shift-2,2,False,-2,training_mean,108,114,0,12.830188679245284
2h_exclude0_shift-2,2,False,-2,training_mean,108,116,0,12.830188679245284
2h_exclude0_shift-2,2,False,-2,training_mean,108,118,1,12.830188679245284
2h_exclude0_shift-2,2,False,-2,volume_baseline,120,120,1,2.4280225416195718
2h_exclude0_shift-2,2,False,-2,volume_baseline,120,122,0,3.000680027656023
2h_exclude0_shift-2,2,False,-2,volume_baseline,120,124,0,2.1949457079089063
2h_exclude0_shift-2,2,False,-2,volume_baseline,120,126,0,2.2310851181340503
2h_exclude0_shift-2,2,False,-2,volume_baseline,120,128,0,1.5038864662273457
2h_exclude0_shift-2,2,False,-2,volume_baseline,120,130,0,0.991802719367369
2h_exclude0_shift-2,2,False,-2,plus_composition,120,120,1,2.3170424286051103
2h_exclude0_shift-2,2,False,-2,plus_composition,120,122,0,2.9101095838482003
2h_exclude0_shift-2,2,False,-2,plus_composition,120,124,0,2.0789809911543697
2h_exclude0_shift-2,2,False,-2,plus_composition,120,126,0,2.146970068832312
2h_exclude0_shift-2,2,False,-2,plus_composition,120,128,0,1.4396811469574042
2h_exclude0_shift-2,2,False,-2,plus_composition,120,130,0,0.9603248712154073
2h_exclude0_shift-2,2,False,-2,persistence,120,120,1,1.0
2h_exclude0_shift-2,2,False,-2,persistence,120,122,0,1.0
2h_exclude0_shift-2,2,False,-2,persistence,120,124,0,0.0
2h_exclude0_shift-2,2,False,-2,persistence,120,126,0,0.0
2h_exclude0_shift-2,2,False,-2,persistence,120,128,0,0.0
2h_exclude0_shift-2,2,False,-2,persistence,120,130,0,0.0
2h_exclude0_shift-2,2,False,-2,training_mean,120,120,1,11.576271186440678
2h_exclude0_shift-2,2,False,-2,training_mean,120,122,0,11.576271186440678
2h_exclude0_shift-2,2,False,-2,training_mean,120,124,0,11.576271186440678
2h_exclude0_shift-2,2,False,-2,training_mean,120,126,0,11.576271186440678
2h_exclude0_shift-2,2,False,-2,training_mean,120,128,0,11.576271186440678
2h_exclude0_shift-2,2,False,-2,training_mean,120,130,0,11.576271186440678
2h_exclude0_shift-2,2,False,-2,volume_baseline,132,132,0,0.3876581305375589
2h_exclude0_shift-2,2,False,-2,volume_baseline,132,134,0,0.3053054702985684
2h_exclude0_shift-2,2,False,-2,volume_baseline,132,136,0,0.08429765130788686
2h_exclude0_shift-2,2,False,-2,volume_baseline,132,138,0,0.014592272892854813
2h_exclude0_shift-2,2,False,-2,volume_baseline,132,140,0,0.019031756884450714
2h_exclude0_shift-2,2,False,-2,volume_baseline,132,142,0,0.027707698998948663
2h_exclude0_shift-2,2,False,-2,plus_composition,132,132,0,0.2812745176854065
2h_exclude0_shift-2,2,False,-2,plus_composition,132,134,0,0.20796793489806414
2h_exclude0_shift-2,2,False,-2,plus_composition,132,136,0,0.050526017023400094
2h_exclude0_shift-2,2,False,-2,plus_composition,132,138,0,0.00800844011260806
2h_exclude0_shift-2,2,False,-2,plus_composition,132,140,0,0.01046977019701174
2h_exclude0_shift-2,2,False,-2,plus_composition,132,142,0,0.015604660122507451
2h_exclude0_shift-2,2,False,-2,persistence,132,132,0,0.0
2h_exclude0_shift-2,2,False,-2,persistence,132,134,0,0.0
2h_exclude0_shift-2,2,False,-2,persistence,132,136,0,0.0
2h_exclude0_shift-2,2,False,-2,persistence,132,138,0,0.0
2h_exclude0_shift-2,2,False,-2,persistence,132,140,0,0.0
2h_exclude0_shift-2,2,False,-2,persistence,132,142,0,0.0
2h_exclude0_shift-2,2,False,-2,training_mean,132,132,0,10.523076923076923
2h_exclude0_shift-2,2,False,-2,training_mean,132,134,0,10.523076923076923
2h_exclude0_shift-2,2,False,-2,training_mean,132,136,0,10.523076923076923
2h_exclude0_shift-2,2,False,-2,training_mean,132,138,0,10.523076923076923
2h_exclude0_shift-2,2,False,-2,training_mean,132,140,0,10.523076923076923
2h_exclude0_shift-2,2,False,-2,training_mean,132,142,0,10.523076923076923
2h_exclude0_shift-1,2,False,-1,volume_baseline,48,48,0,10.516587766700532
2h_exclude0_shift-1,2,False,-1,volume_baseline,48,50,0,40.416552852719185
2h_exclude0_shift-1,2,False,-1,volume_baseline,48,52,3,166.90428383605297
2h_exclude0_shift-1,2,False,-1,volume_baseline,48,54,1,558.1209986219856
2h_exclude0_shift-1,2,False,-1,volume_baseline,48,56,5,1454.575697368869
2h_exclude0_shift-1,2,False,-1,volume_baseline,48,58,4,1985.1458544535142
2h_exclude0_shift-1,2,False,-1,plus_composition,48,48,0,2.561405357196195
2h_exclude0_shift-1,2,False,-1,plus_composition,48,50,0,2.924502934109987
2h_exclude0_shift-1,2,False,-1,plus_composition,48,52,3,27.98364103673388
2h_exclude0_shift-1,2,False,-1,plus_composition,48,54,1,187.7456406180673
2h_exclude0_shift-1,2,False,-1,plus_composition,48,56,5,926.9674906642333
2h_exclude0_shift-1,2,False,-1,plus_composition,48,58,4,2189.1142876401877
2h_exclude0_shift-1,2,False,-1,persistence,48,48,0,3.0
2h_exclude0_shift-1,2,False,-1,persistence,48,50,0,0.0
2h_exclude0_shift-1,2,False,-1,persistence,48,52,3,0.0
2h_exclude0_shift-1,2,False,-1,persistence,48,54,1,3.0
2h_exclude0_shift-1,2,False,-1,persistence,48,56,5,1.0
2h_exclude0_shift-1,2,False,-1,persistence,48,58,4,5.0
2h_exclude0_shift-1,2,False,-1,training_mean,48,48,0,4.3478260869565215
2h_exclude0_shift-1,2,False,-1,training_mean,48,50,0,4.3478260869565215
2h_exclude0_shift-1,2,False,-1,training_mean,48,52,3,4.3478260869565215
2h_exclude0_shift-1,2,False,-1,training_mean,48,54,1,4.3478260869565215
2h_exclude0_shift-1,2,False,-1,training_mean,48,56,5,4.3478260869565215
2h_exclude0_shift-1,2,False,-1,training_mean,48,58,4,4.3478260869565215
2h_exclude0_shift-1,2,False,-1,volume_baseline,60,60,1,4.388518617376629
2h_exclude0_shift-1,2,False,-1,volume_baseline,60,62,0,1.3126404141984724
2h_exclude0_shift-1,2,False,-1,volume_baseline,60,64,2,0.5093553758328084
2h_exclude0_shift-1,2,False,-1,volume_baseline,60,66,0,0.2791747999792655
2h_exclude0_shift-1,2,False,-1,volume_baseline,60,68,0,0.09758806761918003
2h_exclude0_shift-1,2,False,-1,volume_baseline,60,70,1,0.002679010360514075
2h_exclude0_shift-1,2,False,-1,plus_composition,60,60,1,2.2746755432689527
2h_exclude0_shift-1,2,False,-1,plus_composition,60,62,0,2.6194182493600806
2h_exclude0_shift-1,2,False,-1,plus_composition,60,64,2,1.157838524111531
2h_exclude0_shift-1,2,False,-1,plus_composition,60,66,0,0.09261595197943656
2h_exclude0_shift-1,2,False,-1,plus_composition,60,68,0,0.0907201244529006
2h_exclude0_shift-1,2,False,-1,plus_composition,60,70,1,0.017794243188704654
2h_exclude0_shift-1,2,False,-1,persistence,60,60,1,4.0
2h_exclude0_shift-1,2,False,-1,persistence,60,62,0,1.0
2h_exclude0_shift-1,2,False,-1,persistence,60,64,2,0.0
2h_exclude0_shift-1,2,False,-1,persistence,60,66,0,2.0
2h_exclude0_shift-1,2,False,-1,persistence,60,68,0,0.0
2h_exclude0_shift-1,2,False,-1,persistence,60,70,1,0.0
2h_exclude0_shift-1,2,False,-1,training_mean,60,60,1,3.896551724137931
2h_exclude0_shift-1,2,False,-1,training_mean,60,62,0,3.896551724137931
2h_exclude0_shift-1,2,False,-1,training_mean,60,64,2,3.896551724137931
2h_exclude0_shift-1,2,False,-1,training_mean,60,66,0,3.896551724137931
2h_exclude0_shift-1,2,False,-1,training_mean,60,68,0,3.896551724137931
2h_exclude0_shift-1,2,False,-1,training_mean,60,70,1,3.896551724137931
2h_exclude0_shift-1,2,False,-1,volume_baseline,72,72,2,0.22171934010980415
2h_exclude0_shift-1,2,False,-1,volume_baseline,72,74,3,0.3910842868569479
2h_exclude0_shift-1,2,False,-1,volume_baseline,72,76,46,1.0040714784303846
2h_exclude0_shift-1,2,False,-1,volume_baseline,72,78,174,4.077464859068947
2h_exclude0_shift-1,2,False,-1,volume_baseline,72,80,83,8.696959998840512
2h_exclude0_shift-1,2,False,-1,volume_baseline,72,82,96,6.207820635858608
2h_exclude0_shift-1,2,False,-1,plus_composition,72,72,2,0.5074382295716282
2h_exclude0_shift-1,2,False,-1,plus_composition,72,74,3,0.4885630845968502
2h_exclude0_shift-1,2,False,-1,plus_composition,72,76,46,1.8119050461603126
2h_exclude0_shift-1,2,False,-1,plus_composition,72,78,174,7.260072481550694
2h_exclude0_shift-1,2,False,-1,plus_composition,72,80,83,3.0196455696212974
2h_exclude0_shift-1,2,False,-1,plus_composition,72,82,96,0.010895575835864106
2h_exclude0_shift-1,2,False,-1,persistence,72,72,2,1.0
2h_exclude0_shift-1,2,False,-1,persistence,72,74,3,2.0
2h_exclude0_shift-1,2,False,-1,persistence,72,76,46,3.0
2h_exclude0_shift-1,2,False,-1,persistence,72,78,174,46.0
2h_exclude0_shift-1,2,False,-1,persistence,72,80,83,174.0
2h_exclude0_shift-1,2,False,-1,persistence,72,82,96,83.0
2h_exclude0_shift-1,2,False,-1,training_mean,72,72,2,3.342857142857143
2h_exclude0_shift-1,2,False,-1,training_mean,72,74,3,3.342857142857143
2h_exclude0_shift-1,2,False,-1,training_mean,72,76,46,3.342857142857143
2h_exclude0_shift-1,2,False,-1,training_mean,72,78,174,3.342857142857143
2h_exclude0_shift-1,2,False,-1,training_mean,72,80,83,3.342857142857143
2h_exclude0_shift-1,2,False,-1,training_mean,72,82,96,3.342857142857143
2h_exclude0_shift-1,2,False,-1,volume_baseline,84,84,45,48.60631007448242
2h_exclude0_shift-1,2,False,-1,volume_baseline,84,86,24,19.01496321333762
2h_exclude0_shift-1,2,False,-1,volume_baseline,84,88,35,9.428514478956622
2h_exclude0_shift-1,2,False,-1,volume_baseline,84,90,22,10.596852293636973
2h_exclude0_shift-1,2,False,-1,volume_baseline,84,92,9,10.253016102282144
2h_exclude0_shift-1,2,False,-1,volume_baseline,84,94,11,11.241155890909397
2h_exclude0_shift-1,2,False,-1,plus_composition,84,84,45,25.699345321277605
2h_exclude0_shift-1,2,False,-1,plus_composition,84,86,24,2.03992158303533
2h_exclude0_shift-1,2,False,-1,plus_composition,84,88,35,0.17971181549324422
2h_exclude0_shift-1,2,False,-1,plus_composition,84,90,22,0.3223150790289078
2h_exclude0_shift-1,2,False,-1,plus_composition,84,92,9,0.5476513361486658
2h_exclude0_shift-1,2,False,-1,plus_composition,84,94,11,0.7606398842649903
2h_exclude0_shift-1,2,False,-1,persistence,84,84,45,96.0
2h_exclude0_shift-1,2,False,-1,persistence,84,86,24,45.0
2h_exclude0_shift-1,2,False,-1,persistence,84,88,35,24.0
2h_exclude0_shift-1,2,False,-1,persistence,84,90,22,35.0
2h_exclude0_shift-1,2,False,-1,persistence,84,92,9,22.0
2h_exclude0_shift-1,2,False,-1,persistence,84,94,11,9.0
2h_exclude0_shift-1,2,False,-1,training_mean,84,84,45,12.707317073170731
2h_exclude0_shift-1,2,False,-1,training_mean,84,86,24,12.707317073170731
2h_exclude0_shift-1,2,False,-1,training_mean,84,88,35,12.707317073170731
2h_exclude0_shift-1,2,False,-1,training_mean,84,90,22,12.707317073170731
2h_exclude0_shift-1,2,False,-1,training_mean,84,92,9,12.707317073170731
2h_exclude0_shift-1,2,False,-1,training_mean,84,94,11,12.707317073170731
2h_exclude0_shift-1,2,False,-1,volume_baseline,96,96,4,26.95772688206686
2h_exclude0_shift-1,2,False,-1,volume_baseline,96,98,1,28.128212970449187
2h_exclude0_shift-1,2,False,-1,volume_baseline,96,100,6,18.366691499015335
2h_exclude0_shift-1,2,False,-1,volume_baseline,96,102,2,39.003511673359846
2h_exclude0_shift-1,2,False,-1,volume_baseline,96,104,0,24.120756133024386
2h_exclude0_shift-1,2,False,-1,volume_baseline,96,106,0,9.428467855582827
2h_exclude0_shift-1,2,False,-1,plus_composition,96,96,4,37.741589210684175
2h_exclude0_shift-1,2,False,-1,plus_composition,96,98,1,50.24367503394058
2h_exclude0_shift-1,2,False,-1,plus_composition,96,100,6,52.261955872009835
2h_exclude0_shift-1,2,False,-1,plus_composition,96,102,2,422.7750905284753
2h_exclude0_shift-1,2,False,-1,plus_composition,96,104,0,205.49490377096515
2h_exclude0_shift-1,2,False,-1,plus_composition,96,106,0,89.26059884780676
2h_exclude0_shift-1,2,False,-1,persistence,96,96,4,11.0
2h_exclude0_shift-1,2,False,-1,persistence,96,98,1,4.0
2h_exclude0_shift-1,2,False,-1,persistence,96,100,6,1.0
2h_exclude0_shift-1,2,False,-1,persistence,96,102,2,6.0
2h_exclude0_shift-1,2,False,-1,persistence,96,104,0,2.0
2h_exclude0_shift-1,2,False,-1,persistence,96,106,0,0.0
2h_exclude0_shift-1,2,False,-1,training_mean,96,96,4,14.191489361702128
2h_exclude0_shift-1,2,False,-1,training_mean,96,98,1,14.191489361702128
2h_exclude0_shift-1,2,False,-1,training_mean,96,100,6,14.191489361702128
2h_exclude0_shift-1,2,False,-1,training_mean,96,102,2,14.191489361702128
2h_exclude0_shift-1,2,False,-1,training_mean,96,104,0,14.191489361702128
2h_exclude0_shift-1,2,False,-1,training_mean,96,106,0,14.191489361702128
2h_exclude0_shift-1,2,False,-1,volume_baseline,108,108,1,1.255141845538445
2h_exclude0_shift-1,2,False,-1,volume_baseline,108,110,0,1.2300202860354106
2h_exclude0_shift-1,2,False,-1,volume_baseline,108,112,1,0.5795230026340451
2h_exclude0_shift-1,2,False,-1,volume_baseline,108,114,0,0.7883597390422992
2h_exclude0_shift-1,2,False,-1,volume_baseline,108,116,0,0.5403500794940964
2h_exclude0_shift-1,2,False,-1,volume_baseline,108,118,0,0.0776448467134073
2h_exclude0_shift-1,2,False,-1,plus_composition,108,108,1,1.0846447316902004
2h_exclude0_shift-1,2,False,-1,plus_composition,108,110,0,0.9248336208507357
2h_exclude0_shift-1,2,False,-1,plus_composition,108,112,1,0.42121019873269944
2h_exclude0_shift-1,2,False,-1,plus_composition,108,114,0,0.5336389368225644
2h_exclude0_shift-1,2,False,-1,plus_composition,108,116,0,0.33365116011996276
2h_exclude0_shift-1,2,False,-1,plus_composition,108,118,0,0.02024261723745342
2h_exclude0_shift-1,2,False,-1,persistence,108,108,1,0.0
2h_exclude0_shift-1,2,False,-1,persistence,108,110,0,1.0
2h_exclude0_shift-1,2,False,-1,persistence,108,112,1,0.0
2h_exclude0_shift-1,2,False,-1,persistence,108,114,0,1.0
2h_exclude0_shift-1,2,False,-1,persistence,108,116,0,0.0
2h_exclude0_shift-1,2,False,-1,persistence,108,118,0,0.0
2h_exclude0_shift-1,2,False,-1,training_mean,108,108,1,12.830188679245284
2h_exclude0_shift-1,2,False,-1,training_mean,108,110,0,12.830188679245284
2h_exclude0_shift-1,2,False,-1,training_mean,108,112,1,12.830188679245284
2h_exclude0_shift-1,2,False,-1,training_mean,108,114,0,12.830188679245284
2h_exclude0_shift-1,2,False,-1,training_mean,108,116,0,12.830188679245284
2h_exclude0_shift-1,2,False,-1,training_mean,108,118,0,12.830188679245284
2h_exclude0_shift-1,2,False,-1,volume_baseline,120,120,2,1.1339800397324746
2h_exclude0_shift-1,2,False,-1,volume_baseline,120,122,0,2.8973466885816808
2h_exclude0_shift-1,2,False,-1,volume_baseline,120,124,0,2.0803216806232423
2h_exclude0_shift-1,2,False,-1,volume_baseline,120,126,0,2.644601408150365
2h_exclude0_shift-1,2,False,-1,volume_baseline,120,128,0,1.9978909963669451
2h_exclude0_shift-1,2,False,-1,volume_baseline,120,130,0,1.4473975660615925
2h_exclude0_shift-1,2,False,-1,plus_composition,120,120,2,0.7530447531813294
2h_exclude0_shift-1,2,False,-1,plus_composition,120,122,0,1.686910608413561
2h_exclude0_shift-1,2,False,-1,plus_composition,120,124,0,1.3474800978989452
2h_exclude0_shift-1,2,False,-1,plus_composition,120,126,0,1.5756311840570354
2h_exclude0_shift-1,2,False,-1,plus_composition,120,128,0,1.0774331728111564
2h_exclude0_shift-1,2,False,-1,plus_composition,120,130,0,0.6704874368231285
2h_exclude0_shift-1,2,False,-1,persistence,120,120,2,0.0
2h_exclude0_shift-1,2,False,-1,persistence,120,122,0,2.0
2h_exclude0_shift-1,2,False,-1,persistence,120,124,0,0.0
2h_exclude0_shift-1,2,False,-1,persistence,120,126,0,0.0
2h_exclude0_shift-1,2,False,-1,persistence,120,128,0,0.0
2h_exclude0_shift-1,2,False,-1,persistence,120,130,0,0.0
2h_exclude0_shift-1,2,False,-1,training_mean,120,120,2,11.559322033898304
2h_exclude0_shift-1,2,False,-1,training_mean,120,122,0,11.559322033898304
2h_exclude0_shift-1,2,False,-1,training_mean,120,124,0,11.559322033898304
2h_exclude0_shift-1,2,False,-1,training_mean,120,126,0,11.559322033898304
2h_exclude0_shift-1,2,False,-1,training_mean,120,128,0,11.559322033898304
2h_exclude0_shift-1,2,False,-1,training_mean,120,130,0,11.559322033898304
2h_exclude0_shift-1,2,False,-1,volume_baseline,132,132,0,0.5806420096564413
2h_exclude0_shift-1,2,False,-1,volume_baseline,132,134,0,0.4336249102172716
2h_exclude0_shift-1,2,False,-1,volume_baseline,132,136,0,0.06453773513104061
2h_exclude0_shift-1,2,False,-1,volume_baseline,132,138,0,0.004455651708228252
2h_exclude0_shift-1,2,False,-1,volume_baseline,132,140,0,0.004959837397339971
2h_exclude0_shift-1,2,False,-1,volume_baseline,132,142,0,0.006574735753336533
2h_exclude0_shift-1,2,False,-1,plus_composition,132,132,0,0.19461683225902135
2h_exclude0_shift-1,2,False,-1,plus_composition,132,134,0,0.1425589527259873
2h_exclude0_shift-1,2,False,-1,plus_composition,132,136,0,0.016140103522992773
2h_exclude0_shift-1,2,False,-1,plus_composition,132,138,0,0.0005483202058938316
2h_exclude0_shift-1,2,False,-1,plus_composition,132,140,0,0.0006253964099706895
2h_exclude0_shift-1,2,False,-1,plus_composition,132,142,0,0.0009092832272254453
2h_exclude0_shift-1,2,False,-1,persistence,132,132,0,0.0
2h_exclude0_shift-1,2,False,-1,persistence,132,134,0,0.0
2h_exclude0_shift-1,2,False,-1,persistence,132,136,0,0.0
2h_exclude0_shift-1,2,False,-1,persistence,132,138,0,0.0
2h_exclude0_shift-1,2,False,-1,persistence,132,140,0,0.0
2h_exclude0_shift-1,2,False,-1,persistence,132,142,0,0.0
2h_exclude0_shift-1,2,False,-1,training_mean,132,132,0,10.523076923076923
2h_exclude0_shift-1,2,False,-1,training_mean,132,134,0,10.523076923076923
2h_exclude0_shift-1,2,False,-1,training_mean,132,136,0,10.523076923076923
2h_exclude0_shift-1,2,False,-1,training_mean,132,138,0,10.523076923076923
2h_exclude0_shift-1,2,False,-1,training_mean,132,140,0,10.523076923076923
2h_exclude0_shift-1,2,False,-1,training_mean,132,142,0,10.523076923076923
2h_exclude0_shift0,2,False,0,volume_baseline,48,48,2,7.537140594382049
2h_exclude0_shift0,2,False,0,volume_baseline,48,50,0,22.142333310494294
2h_exclude0_shift0,2,False,0,volume_baseline,48,52,1,91.81073858079539
2h_exclude0_shift0,2,False,0,volume_baseline,48,54,2,335.9047581422563
2h_exclude0_shift0,2,False,0,volume_baseline,48,56,2,928.7228893987462
2h_exclude0_shift0,2,False,0,volume_baseline,48,58,7,1690.7672812229873
2h_exclude0_shift0,2,False,0,plus_composition,48,48,2,2.2835079492376553
2h_exclude0_shift0,2,False,0,plus_composition,48,50,0,2.3081803864547163
2h_exclude0_shift0,2,False,0,plus_composition,48,52,1,18.94533700626348
2h_exclude0_shift0,2,False,0,plus_composition,48,54,2,139.32623134124654
2h_exclude0_shift0,2,False,0,plus_composition,48,56,2,574.9522794371843
2h_exclude0_shift0,2,False,0,plus_composition,48,58,7,1981.8985254039758
2h_exclude0_shift0,2,False,0,persistence,48,48,2,3.0
2h_exclude0_shift0,2,False,0,persistence,48,50,0,2.0
2h_exclude0_shift0,2,False,0,persistence,48,52,1,0.0
2h_exclude0_shift0,2,False,0,persistence,48,54,2,1.0
2h_exclude0_shift0,2,False,0,persistence,48,56,2,2.0
2h_exclude0_shift0,2,False,0,persistence,48,58,7,2.0
2h_exclude0_shift0,2,False,0,training_mean,48,48,2,4.260869565217392
2h_exclude0_shift0,2,False,0,training_mean,48,50,0,4.260869565217392
2h_exclude0_shift0,2,False,0,training_mean,48,52,1,4.260869565217392
2h_exclude0_shift0,2,False,0,training_mean,48,54,2,4.260869565217392
2h_exclude0_shift0,2,False,0,training_mean,48,56,2,4.260869565217392
2h_exclude0_shift0,2,False,0,training_mean,48,58,7,4.260869565217392
2h_exclude0_shift0,2,False,0,volume_baseline,60,60,1,7.032158455727455
2h_exclude0_shift0,2,False,0,volume_baseline,60,62,1,2.4852468829055696
2h_exclude0_shift0,2,False,0,volume_baseline,60,64,0,1.216702271078744
2h_exclude0_shift0,2,False,0,volume_baseline,60,66,2,0.42170995830889224
2h_exclude0_shift0,2,False,0,volume_baseline,60,68,0,0.19715563801369895
2h_exclude0_shift0,2,False,0,volume_baseline,60,70,0,0.003242926956833092
2h_exclude0_shift0,2,False,0,plus_composition,60,60,1,5.502621104552525
2h_exclude0_shift0,2,False,0,plus_composition,60,62,1,5.348012788002203
2h_exclude0_shift0,2,False,0,plus_composition,60,64,0,2.7462731254416464
2h_exclude0_shift0,2,False,0,plus_composition,60,66,2,0.21962824167236578
2h_exclude0_shift0,2,False,0,plus_composition,60,68,0,0.17153053021383696
2h_exclude0_shift0,2,False,0,plus_composition,60,70,0,0.009806962286271434
2h_exclude0_shift0,2,False,0,persistence,60,60,1,7.0
2h_exclude0_shift0,2,False,0,persistence,60,62,1,1.0
2h_exclude0_shift0,2,False,0,persistence,60,64,0,1.0
2h_exclude0_shift0,2,False,0,persistence,60,66,2,0.0
2h_exclude0_shift0,2,False,0,persistence,60,68,0,2.0
2h_exclude0_shift0,2,False,0,persistence,60,70,0,0.0
2h_exclude0_shift0,2,False,0,training_mean,60,60,1,3.8620689655172415
2h_exclude0_shift0,2,False,0,training_mean,60,62,1,3.8620689655172415
2h_exclude0_shift0,2,False,0,training_mean,60,64,0,3.8620689655172415
2h_exclude0_shift0,2,False,0,training_mean,60,66,2,3.8620689655172415
2h_exclude0_shift0,2,False,0,training_mean,60,68,0,3.8620689655172415
2h_exclude0_shift0,2,False,0,training_mean,60,70,0,3.8620689655172415
2h_exclude0_shift0,2,False,0,volume_baseline,72,72,1,0.10916813830623245
2h_exclude0_shift0,2,False,0,volume_baseline,72,74,4,0.16783705923315445
2h_exclude0_shift0,2,False,0,volume_baseline,72,76,9,0.5094264276045932
2h_exclude0_shift0,2,False,0,volume_baseline,72,78,112,1.1077814967762114
2h_exclude0_shift0,2,False,0,volume_baseline,72,80,146,2.6718029162337733
2h_exclude0_shift0,2,False,0,volume_baseline,72,82,101,3.1953220563685742
2h_exclude0_shift0,2,False,0,plus_composition,72,72,1,0.1288501323143089
2h_exclude0_shift0,2,False,0,plus_composition,72,74,4,0.13438931304934632
2h_exclude0_shift0,2,False,0,plus_composition,72,76,9,0.5407792283066504
2h_exclude0_shift0,2,False,0,plus_composition,72,78,112,1.3117707124947013
2h_exclude0_shift0,2,False,0,plus_composition,72,80,146,1.6127006597639804
2h_exclude0_shift0,2,False,0,plus_composition,72,82,101,0.08332646254401783
2h_exclude0_shift0,2,False,0,persistence,72,72,1,0.0
2h_exclude0_shift0,2,False,0,persistence,72,74,4,1.0
2h_exclude0_shift0,2,False,0,persistence,72,76,9,4.0
2h_exclude0_shift0,2,False,0,persistence,72,78,112,9.0
2h_exclude0_shift0,2,False,0,persistence,72,80,146,112.0
2h_exclude0_shift0,2,False,0,persistence,72,82,101,146.0
2h_exclude0_shift0,2,False,0,training_mean,72,72,1,3.3142857142857145
2h_exclude0_shift0,2,False,0,training_mean,72,74,4,3.3142857142857145
2h_exclude0_shift0,2,False,0,training_mean,72,76,9,3.3142857142857145
2h_exclude0_shift0,2,False,0,training_mean,72,78,112,3.3142857142857145
2h_exclude0_shift0,2,False,0,training_mean,72,80,146,3.3142857142857145
2h_exclude0_shift0,2,False,0,training_mean,72,82,101,3.3142857142857145
2h_exclude0_shift0,2,False,0,volume_baseline,84,84,58,58.5855640126523
2h_exclude0_shift0,2,False,0,volume_baseline,84,86,34,21.404648453458485
2h_exclude0_shift0,2,False,0,volume_baseline,84,88,29,8.940797571063603
2h_exclude0_shift0,2,False,0,volume_baseline,84,90,27,6.606852582188699
2h_exclude0_shift0,2,False,0,volume_baseline,84,92,14,6.512929735238379
2h_exclude0_shift0,2,False,0,volume_baseline,84,94,13,7.468144906626806
2h_exclude0_shift0,2,False,0,plus_composition,84,84,58,42.84977395266891
2h_exclude0_shift0,2,False,0,plus_composition,84,86,34,0.3566486703013416
2h_exclude0_shift0,2,False,0,plus_composition,84,88,29,0.0032861923706924254
2h_exclude0_shift0,2,False,0,plus_composition,84,90,27,0.01347012059290196
2h_exclude0_shift0,2,False,0,plus_composition,84,92,14,0.03847510417968177
2h_exclude0_shift0,2,False,0,plus_composition,84,94,13,0.024604191216203566
2h_exclude0_shift0,2,False,0,persistence,84,84,58,101.0
2h_exclude0_shift0,2,False,0,persistence,84,86,34,58.0
2h_exclude0_shift0,2,False,0,persistence,84,88,29,34.0
2h_exclude0_shift0,2,False,0,persistence,84,90,27,29.0
2h_exclude0_shift0,2,False,0,persistence,84,92,14,27.0
2h_exclude0_shift0,2,False,0,persistence,84,94,13,14.0
2h_exclude0_shift0,2,False,0,training_mean,84,84,58,11.926829268292684
2h_exclude0_shift0,2,False,0,training_mean,84,86,34,11.926829268292684
2h_exclude0_shift0,2,False,0,training_mean,84,88,29,11.926829268292684
2h_exclude0_shift0,2,False,0,training_mean,84,90,27,11.926829268292684
2h_exclude0_shift0,2,False,0,training_mean,84,92,14,11.926829268292684
2h_exclude0_shift0,2,False,0,training_mean,84,94,13,11.926829268292684
2h_exclude0_shift0,2,False,0,volume_baseline,96,96,6,22.53073729582497
2h_exclude0_shift0,2,False,0,volume_baseline,96,98,1,24.97147515646704
2h_exclude0_shift0,2,False,0,volume_baseline,96,100,5,11.41864786653514
2h_exclude0_shift0,2,False,0,volume_baseline,96,102,4,24.954908989643197
2h_exclude0_shift0,2,False,0,volume_baseline,96,104,0,23.53799437242323
2h_exclude0_shift0,2,False,0,volume_baseline,96,106,0,7.179163937388646
2h_exclude0_shift0,2,False,0,plus_composition,96,96,6,27.19762291059171
2h_exclude0_shift0,2,False,0,plus_composition,96,98,1,36.0414028520767
2h_exclude0_shift0,2,False,0,plus_composition,96,100,5,23.9473414124508
2h_exclude0_shift0,2,False,0,plus_composition,96,102,4,122.65994246838913
2h_exclude0_shift0,2,False,0,plus_composition,96,104,0,100.87743019317503
2h_exclude0_shift0,2,False,0,plus_composition,96,106,0,37.66605556629157
2h_exclude0_shift0,2,False,0,persistence,96,96,6,13.0
2h_exclude0_shift0,2,False,0,persistence,96,98,1,6.0
2h_exclude0_shift0,2,False,0,persistence,96,100,5,1.0
2h_exclude0_shift0,2,False,0,persistence,96,102,4,5.0
2h_exclude0_shift0,2,False,0,persistence,96,104,0,4.0
2h_exclude0_shift0,2,False,0,persistence,96,106,0,0.0
2h_exclude0_shift0,2,False,0,training_mean,96,96,6,14.127659574468085
2h_exclude0_shift0,2,False,0,training_mean,96,98,1,14.127659574468085
2h_exclude0_shift0,2,False,0,training_mean,96,100,5,14.127659574468085
2h_exclude0_shift0,2,False,0,training_mean,96,102,4,14.127659574468085
2h_exclude0_shift0,2,False,0,training_mean,96,104,0,14.127659574468085
2h_exclude0_shift0,2,False,0,training_mean,96,106,0,14.127659574468085
2h_exclude0_shift0,2,False,0,volume_baseline,108,108,0,1.2723368825095351
2h_exclude0_shift0,2,False,0,volume_baseline,108,110,1,0.7434829707613624
2h_exclude0_shift0,2,False,0,volume_baseline,108,112,1,0.6780929138292571
2h_exclude0_shift0,2,False,0,volume_baseline,108,114,0,0.5046800479263911
2h_exclude0_shift0,2,False,0,volume_baseline,108,116,0,0.300799723269463
2h_exclude0_shift0,2,False,0,volume_baseline,108,118,0,0.009351582393016731
2h_exclude0_shift0,2,False,0,plus_composition,108,108,0,1.0477157180319516
2h_exclude0_shift0,2,False,0,plus_composition,108,110,1,0.549685111861639
2h_exclude0_shift0,2,False,0,plus_composition,108,112,1,0.44867350743720374
2h_exclude0_shift0,2,False,0,plus_composition,108,114,0,0.28928796595072
2h_exclude0_shift0,2,False,0,plus_composition,108,116,0,0.1580184463319379
2h_exclude0_shift0,2,False,0,plus_composition,108,118,0,0.0018375888911037995
2h_exclude0_shift0,2,False,0,persistence,108,108,0,0.0
2h_exclude0_shift0,2,False,0,persistence,108,110,1,0.0
2h_exclude0_shift0,2,False,0,persistence,108,112,1,1.0
2h_exclude0_shift0,2,False,0,persistence,108,114,0,1.0
2h_exclude0_shift0,2,False,0,persistence,108,116,0,0.0
2h_exclude0_shift0,2,False,0,persistence,108,118,0,0.0
2h_exclude0_shift0,2,False,0,training_mean,108,108,0,12.830188679245284
2h_exclude0_shift0,2,False,0,training_mean,108,110,1,12.830188679245284
2h_exclude0_shift0,2,False,0,training_mean,108,112,1,12.830188679245284
2h_exclude0_shift0,2,False,0,training_mean,108,114,0,12.830188679245284
2h_exclude0_shift0,2,False,0,training_mean,108,116,0,12.830188679245284
2h_exclude0_shift0,2,False,0,training_mean,108,118,0,12.830188679245284
2h_exclude0_shift0,2,False,0,volume_baseline,120,120,1,0.6186388414914832
2h_exclude0_shift0,2,False,0,volume_baseline,120,122,1,1.1341194747257133
2h_exclude0_shift0,2,False,0,volume_baseline,120,124,0,1.904122910186772
2h_exclude0_shift0,2,False,0,volume_baseline,120,126,0,2.1268149604895448
2h_exclude0_shift0,2,False,0,volume_baseline,120,128,0,1.7114162250191998
2h_exclude0_shift0,2,False,0,volume_baseline,120,130,0,1.3710464316455908
2h_exclude0_shift0,2,False,0,plus_composition,120,120,1,0.3462635295642679
2h_exclude0_shift0,2,False,0,plus_composition,120,122,1,0.5986743033700169
2h_exclude0_shift0,2,False,0,plus_composition,120,124,0,1.051584806594254
2h_exclude0_shift0,2,False,0,plus_composition,120,126,0,1.199266600172759
2h_exclude0_shift0,2,False,0,plus_composition,120,128,0,0.8812270228681156
2h_exclude0_shift0,2,False,0,plus_composition,120,130,0,0.6557427036705857
2h_exclude0_shift0,2,False,0,persistence,120,120,1,0.0
2h_exclude0_shift0,2,False,0,persistence,120,122,1,1.0
2h_exclude0_shift0,2,False,0,persistence,120,124,0,1.0
2h_exclude0_shift0,2,False,0,persistence,120,126,0,0.0
2h_exclude0_shift0,2,False,0,persistence,120,128,0,0.0
2h_exclude0_shift0,2,False,0,persistence,120,130,0,0.0
2h_exclude0_shift0,2,False,0,training_mean,120,120,1,11.559322033898304
2h_exclude0_shift0,2,False,0,training_mean,120,122,1,11.559322033898304
2h_exclude0_shift0,2,False,0,training_mean,120,124,0,11.559322033898304
2h_exclude0_shift0,2,False,0,training_mean,120,126,0,11.559322033898304
2h_exclude0_shift0,2,False,0,training_mean,120,128,0,11.559322033898304
2h_exclude0_shift0,2,False,0,training_mean,120,130,0,11.559322033898304
2h_exclude0_shift0,2,False,0,volume_baseline,132,132,0,0.565252933759481
2h_exclude0_shift0,2,False,0,volume_baseline,132,134,0,0.42274288953540645
2h_exclude0_shift0,2,False,0,volume_baseline,132,136,0,0.02350308688795269
2h_exclude0_shift0,2,False,0,volume_baseline,132,138,0,0.0003522635701556656
2h_exclude0_shift0,2,False,0,volume_baseline,132,140,0,0.0003349391988745813
2h_exclude0_shift0,2,False,0,volume_baseline,132,142,0,0.00039820091544682845
2h_exclude0_shift0,2,False,0,plus_composition,132,132,0,0.22973230973651892
2h_exclude0_shift0,2,False,0,plus_composition,132,134,0,0.15736420184446692
2h_exclude0_shift0,2,False,0,plus_composition,132,136,0,0.005721329290090239
2h_exclude0_shift0,2,False,0,plus_composition,132,138,0,4.5686803049082536e-05
2h_exclude0_shift0,2,False,0,plus_composition,132,140,0,4.2984909764405256e-05
2h_exclude0_shift0,2,False,0,plus_composition,132,142,0,5.36774122802923e-05
2h_exclude0_shift0,2,False,0,persistence,132,132,0,0.0
2h_exclude0_shift0,2,False,0,persistence,132,134,0,0.0
2h_exclude0_shift0,2,False,0,persistence,132,136,0,0.0
2h_exclude0_shift0,2,False,0,persistence,132,138,0,0.0
2h_exclude0_shift0,2,False,0,persistence,132,140,0,0.0
2h_exclude0_shift0,2,False,0,persistence,132,142,0,0.0
2h_exclude0_shift0,2,False,0,training_mean,132,132,0,10.523076923076923
2h_exclude0_shift0,2,False,0,training_mean,132,134,0,10.523076923076923
2h_exclude0_shift0,2,False,0,training_mean,132,136,0,10.523076923076923
2h_exclude0_shift0,2,False,0,training_mean,132,138,0,10.523076923076923
2h_exclude0_shift0,2,False,0,training_mean,132,140,0,10.523076923076923
2h_exclude0_shift0,2,False,0,training_mean,132,142,0,10.523076923076923
2h_exclude0_shift1,2,False,1,volume_baseline,48,48,3,5.709721573984141
2h_exclude0_shift1,2,False,1,volume_baseline,48,50,0,13.482700732719831
2h_exclude0_shift1,2,False,1,volume_baseline,48,52,0,50.08950964040006
2h_exclude0_shift1,2,False,1,volume_baseline,48,54,3,196.5878846446938
2h_exclude0_shift1,2,False,1,volume_baseline,48,56,1,572.8636061014148
2h_exclude0_shift1,2,False,1,volume_baseline,48,58,5,1326.5695201831313
2h_exclude0_shift1,2,False,1,plus_composition,48,48,3,3.7127217306542057
2h_exclude0_shift1,2,False,1,plus_composition,48,50,0,7.902583505533892
2h_exclude0_shift1,2,False,1,plus_composition,48,52,0,15.681555134505011
2h_exclude0_shift1,2,False,1,plus_composition,48,54,3,80.49691902320454
2h_exclude0_shift1,2,False,1,plus_composition,48,56,1,525.7785314614293
2h_exclude0_shift1,2,False,1,plus_composition,48,58,5,838.811533690933
2h_exclude0_shift1,2,False,1,persistence,48,48,3,4.0
2h_exclude0_shift1,2,False,1,persistence,48,50,0,3.0
2h_exclude0_shift1,2,False,1,persistence,48,52,0,0.0
2h_exclude0_shift1,2,False,1,persistence,48,54,3,0.0
2h_exclude0_shift1,2,False,1,persistence,48,56,1,3.0
2h_exclude0_shift1,2,False,1,persistence,48,58,5,1.0
2h_exclude0_shift1,2,False,1,training_mean,48,48,3,4.217391304347826
2h_exclude0_shift1,2,False,1,training_mean,48,50,0,4.217391304347826
2h_exclude0_shift1,2,False,1,training_mean,48,52,0,4.217391304347826
2h_exclude0_shift1,2,False,1,training_mean,48,54,3,4.217391304347826
2h_exclude0_shift1,2,False,1,training_mean,48,56,1,4.217391304347826
2h_exclude0_shift1,2,False,1,training_mean,48,58,5,4.217391304347826
2h_exclude0_shift1,2,False,1,volume_baseline,60,60,4,7.1798575117293275
2h_exclude0_shift1,2,False,1,volume_baseline,60,62,1,3.5105206543851497
2h_exclude0_shift1,2,False,1,volume_baseline,60,64,0,1.7197461434307622
2h_exclude0_shift1,2,False,1,volume_baseline,60,66,2,0.6180293431394492
2h_exclude0_shift1,2,False,1,volume_baseline,60,68,0,0.2571946056437928
2h_exclude0_shift1,2,False,1,volume_baseline,60,70,0,0.0028426358307299467
2h_exclude0_shift1,2,False,1,plus_composition,60,60,4,22.126173216419588
2h_exclude0_shift1,2,False,1,plus_composition,60,62,1,13.134795913521053
2h_exclude0_shift1,2,False,1,plus_composition,60,64,0,3.3168271357061485
2h_exclude0_shift1,2,False,1,plus_composition,60,66,2,0.7228317688869049
2h_exclude0_shift1,2,False,1,plus_composition,60,68,0,0.2288019170458619
2h_exclude0_shift1,2,False,1,plus_composition,60,70,0,0.001406564392833742
2h_exclude0_shift1,2,False,1,persistence,60,60,4,5.0
2h_exclude0_shift1,2,False,1,persistence,60,62,1,4.0
2h_exclude0_shift1,2,False,1,persistence,60,64,0,1.0
2h_exclude0_shift1,2,False,1,persistence,60,66,2,0.0
2h_exclude0_shift1,2,False,1,persistence,60,68,0,2.0
2h_exclude0_shift1,2,False,1,persistence,60,70,0,0.0
2h_exclude0_shift1,2,False,1,training_mean,60,60,4,3.7586206896551726
2h_exclude0_shift1,2,False,1,training_mean,60,62,1,3.7586206896551726
2h_exclude0_shift1,2,False,1,training_mean,60,64,0,3.7586206896551726
2h_exclude0_shift1,2,False,1,training_mean,60,66,2,3.7586206896551726
2h_exclude0_shift1,2,False,1,training_mean,60,68,0,3.7586206896551726
2h_exclude0_shift1,2,False,1,training_mean,60,70,0,3.7586206896551726
2h_exclude0_shift1,2,False,1,volume_baseline,72,72,1,0.11295467347849909
2h_exclude0_shift1,2,False,1,volume_baseline,72,74,2,0.148792122461923
2h_exclude0_shift1,2,False,1,volume_baseline,72,76,3,0.396189445612549
2h_exclude0_shift1,2,False,1,volume_baseline,72,78,46,0.8092525098774223
2h_exclude0_shift1,2,False,1,volume_baseline,72,80,174,1.9986362132989917
2h_exclude0_shift1,2,False,1,volume_baseline,72,82,83,3.1234259710313035
2h_exclude0_shift1,2,False,1,plus_composition,72,72,1,0.04929102964099778
2h_exclude0_shift1,2,False,1,plus_composition,72,74,2,0.06387455330973164
2h_exclude0_shift1,2,False,1,plus_composition,72,76,3,0.20787950437233846
2h_exclude0_shift1,2,False,1,plus_composition,72,78,46,0.45428967916697516
2h_exclude0_shift1,2,False,1,plus_composition,72,80,174,1.89828355344162
2h_exclude0_shift1,2,False,1,plus_composition,72,82,83,1.6165959225866193
2h_exclude0_shift1,2,False,1,persistence,72,72,1,0.0
2h_exclude0_shift1,2,False,1,persistence,72,74,2,1.0
2h_exclude0_shift1,2,False,1,persistence,72,76,3,2.0
2h_exclude0_shift1,2,False,1,persistence,72,78,46,3.0
2h_exclude0_shift1,2,False,1,persistence,72,80,174,46.0
2h_exclude0_shift1,2,False,1,persistence,72,82,83,174.0
2h_exclude0_shift1,2,False,1,training_mean,72,72,1,3.3142857142857145
2h_exclude0_shift1,2,False,1,training_mean,72,74,2,3.3142857142857145
2h_exclude0_shift1,2,False,1,training_mean,72,76,3,3.3142857142857145
2h_exclude0_shift1,2,False,1,training_mean,72,78,46,3.3142857142857145
2h_exclude0_shift1,2,False,1,training_mean,72,80,174,3.3142857142857145
2h_exclude0_shift1,2,False,1,training_mean,72,82,83,3.3142857142857145
2h_exclude0_shift1,2,False,1,volume_baseline,84,84,96,57.295567044238034
2h_exclude0_shift1,2,False,1,volume_baseline,84,86,45,25.391450888588103
2h_exclude0_shift1,2,False,1,volume_baseline,84,88,24,7.86781685809568
2h_exclude0_shift1,2,False,1,volume_baseline,84,90,35,4.189489485393923
2h_exclude0_shift1,2,False,1,volume_baseline,84,92,22,4.298496136611226
2h_exclude0_shift1,2,False,1,volume_baseline,84,94,9,5.28710733436679
2h_exclude0_shift1,2,False,1,plus_composition,84,84,96,44.87944205290345
2h_exclude0_shift1,2,False,1,plus_composition,84,86,45,0.007632430504331935
2h_exclude0_shift1,2,False,1,plus_composition,84,88,24,8.8140587084353e-07
2h_exclude0_shift1,2,False,1,plus_composition,84,90,35,1.906810099686843e-05
2h_exclude0_shift1,2,False,1,plus_composition,84,92,22,0.00023462360013360006
2h_exclude0_shift1,2,False,1,plus_composition,84,94,9,5.018724413890293e-05
2h_exclude0_shift1,2,False,1,persistence,84,84,96,83.0
2h_exclude0_shift1,2,False,1,persistence,84,86,45,96.0
2h_exclude0_shift1,2,False,1,persistence,84,88,24,45.0
2h_exclude0_shift1,2,False,1,persistence,84,90,35,24.0
2h_exclude0_shift1,2,False,1,persistence,84,92,22,35.0
2h_exclude0_shift1,2,False,1,persistence,84,94,9,22.0
2h_exclude0_shift1,2,False,1,training_mean,84,84,96,10.365853658536585
2h_exclude0_shift1,2,False,1,training_mean,84,86,45,10.365853658536585
2h_exclude0_shift1,2,False,1,training_mean,84,88,24,10.365853658536585
2h_exclude0_shift1,2,False,1,training_mean,84,90,35,10.365853658536585
2h_exclude0_shift1,2,False,1,training_mean,84,92,22,10.365853658536585
2h_exclude0_shift1,2,False,1,training_mean,84,94,9,10.365853658536585
2h_exclude0_shift1,2,False,1,volume_baseline,96,96,11,14.298078973120068
2h_exclude0_shift1,2,False,1,volume_baseline,96,98,4,21.264876876879242
2h_exclude0_shift1,2,False,1,volume_baseline,96,100,1,7.171125993427516
2h_exclude0_shift1,2,False,1,volume_baseline,96,102,6,7.650562895520619
2h_exclude0_shift1,2,False,1,volume_baseline,96,104,2,15.807872913593174
2h_exclude0_shift1,2,False,1,volume_baseline,96,106,0,7.410978782983954
2h_exclude0_shift1,2,False,1,plus_composition,96,96,11,16.26716046375623
2h_exclude0_shift1,2,False,1,plus_composition,96,98,4,24.1089711296766
2h_exclude0_shift1,2,False,1,plus_composition,96,100,1,9.766611621499695
2h_exclude0_shift1,2,False,1,plus_composition,96,102,6,13.938197788461949
2h_exclude0_shift1,2,False,1,plus_composition,96,104,2,24.58350449883436
2h_exclude0_shift1,2,False,1,plus_composition,96,106,0,13.649947974909768
2h_exclude0_shift1,2,False,1,persistence,96,96,11,9.0
2h_exclude0_shift1,2,False,1,persistence,96,98,4,11.0
2h_exclude0_shift1,2,False,1,persistence,96,100,1,4.0
2h_exclude0_shift1,2,False,1,persistence,96,102,6,1.0
2h_exclude0_shift1,2,False,1,persistence,96,104,2,6.0
2h_exclude0_shift1,2,False,1,persistence,96,106,0,2.0
2h_exclude0_shift1,2,False,1,training_mean,96,96,11,13.957446808510639
2h_exclude0_shift1,2,False,1,training_mean,96,98,4,13.957446808510639
2h_exclude0_shift1,2,False,1,training_mean,96,100,1,13.957446808510639
2h_exclude0_shift1,2,False,1,training_mean,96,102,6,13.957446808510639
2h_exclude0_shift1,2,False,1,training_mean,96,104,2,13.957446808510639
2h_exclude0_shift1,2,False,1,training_mean,96,106,0,13.957446808510639
2h_exclude0_shift1,2,False,1,volume_baseline,108,108,0,1.6102908796276785
2h_exclude0_shift1,2,False,1,volume_baseline,108,110,1,0.9252750132825684
2h_exclude0_shift1,2,False,1,volume_baseline,108,112,0,0.6623896438953114
2h_exclude0_shift1,2,False,1,volume_baseline,108,114,1,0.31010108868489533
2h_exclude0_shift1,2,False,1,volume_baseline,108,116,0,0.2607389109474628
2h_exclude0_shift1,2,False,1,volume_baseline,108,118,0,0.0004933405849732539
2h_exclude0_shift1,2,False,1,plus_composition,108,108,0,1.541876744899969
2h_exclude0_shift1,2,False,1,plus_composition,108,110,1,0.883373609941081
2h_exclude0_shift1,2,False,1,plus_composition,108,112,0,0.6211605472597603
2h_exclude0_shift1,2,False,1,plus_composition,108,114,1,0.28395735441698583
2h_exclude0_shift1,2,False,1,plus_composition,108,116,0,0.23926172522106648
2h_exclude0_shift1,2,False,1,plus_composition,108,118,0,0.00043004524079197365
2h_exclude0_shift1,2,False,1,persistence,108,108,0,0.0
2h_exclude0_shift1,2,False,1,persistence,108,110,1,0.0
2h_exclude0_shift1,2,False,1,persistence,108,112,0,1.0
2h_exclude0_shift1,2,False,1,persistence,108,114,1,0.0
2h_exclude0_shift1,2,False,1,persistence,108,116,0,1.0
2h_exclude0_shift1,2,False,1,persistence,108,118,0,0.0
2h_exclude0_shift1,2,False,1,training_mean,108,108,0,12.830188679245284
2h_exclude0_shift1,2,False,1,training_mean,108,110,1,12.830188679245284
2h_exclude0_shift1,2,False,1,training_mean,108,112,0,12.830188679245284
2h_exclude0_shift1,2,False,1,training_mean,108,114,1,12.830188679245284
2h_exclude0_shift1,2,False,1,training_mean,108,116,0,12.830188679245284
2h_exclude0_shift1,2,False,1,training_mean,108,118,0,12.830188679245284
2h_exclude0_shift1,2,False,1,volume_baseline,120,120,0,0.33288632870996365
2h_exclude0_shift1,2,False,1,volume_baseline,120,122,2,0.35549617038058146
2h_exclude0_shift1,2,False,1,volume_baseline,120,124,0,1.0735311006710035
2h_exclude0_shift1,2,False,1,volume_baseline,120,126,0,1.6431109760242595
2h_exclude0_shift1,2,False,1,volume_baseline,120,128,0,1.4431747369028491
2h_exclude0_shift1,2,False,1,volume_baseline,120,130,0,1.4311378455638033
2h_exclude0_shift1,2,False,1,plus_composition,120,120,0,0.2965906176847635
2h_exclude0_shift1,2,False,1,plus_composition,120,122,2,0.3213862015633284
2h_exclude0_shift1,2,False,1,plus_composition,120,124,0,0.9606674174302705
2h_exclude0_shift1,2,False,1,plus_composition,120,126,0,1.4766165193558551
2h_exclude0_shift1,2,False,1,plus_composition,120,128,0,1.2792097297604275
2h_exclude0_shift1,2,False,1,plus_composition,120,130,0,1.2684542586007566
2h_exclude0_shift1,2,False,1,persistence,120,120,0,0.0
2h_exclude0_shift1,2,False,1,persistence,120,122,2,0.0
2h_exclude0_shift1,2,False,1,persistence,120,124,0,2.0
2h_exclude0_shift1,2,False,1,persistence,120,126,0,0.0
2h_exclude0_shift1,2,False,1,persistence,120,128,0,0.0
2h_exclude0_shift1,2,False,1,persistence,120,130,0,0.0
2h_exclude0_shift1,2,False,1,training_mean,120,120,0,11.559322033898304
2h_exclude0_shift1,2,False,1,training_mean,120,122,2,11.559322033898304
2h_exclude0_shift1,2,False,1,training_mean,120,124,0,11.559322033898304
2h_exclude0_shift1,2,False,1,training_mean,120,126,0,11.559322033898304
2h_exclude0_shift1,2,False,1,training_mean,120,128,0,11.559322033898304
2h_exclude0_shift1,2,False,1,training_mean,120,130,0,11.559322033898304
2h_exclude0_shift1,2,False,1,volume_baseline,132,132,0,0.6744761583091123
2h_exclude0_shift1,2,False,1,volume_baseline,132,134,0,0.5737478398943048
2h_exclude0_shift1,2,False,1,volume_baseline,132,136,0,0.0070669896680989755
2h_exclude0_shift1,2,False,1,volume_baseline,132,138,0,9.22111556445108e-06
2h_exclude0_shift1,2,False,1,volume_baseline,132,140,0,6.916843350240311e-06
2h_exclude0_shift1,2,False,1,volume_baseline,132,142,0,6.6029024762310105e-06
2h_exclude0_shift1,2,False,1,plus_composition,132,132,0,0.517898662065935
2h_exclude0_shift1,2,False,1,plus_composition,132,134,0,0.41373469279211944
2h_exclude0_shift1,2,False,1,plus_composition,132,136,0,0.004637050537724108
2h_exclude0_shift1,2,False,1,plus_composition,132,138,0,5.938469481095014e-06
2h_exclude0_shift1,2,False,1,plus_composition,132,140,0,4.437420131956232e-06
2h_exclude0_shift1,2,False,1,plus_composition,132,142,0,4.2885735790497e-06
2h_exclude0_shift1,2,False,1,persistence,132,132,0,0.0
2h_exclude0_shift1,2,False,1,persistence,132,134,0,0.0
2h_exclude0_shift1,2,False,1,persistence,132,136,0,0.0
2h_exclude0_shift1,2,False,1,persistence,132,138,0,0.0
2h_exclude0_shift1,2,False,1,persistence,132,140,0,0.0
2h_exclude0_shift1,2,False,1,persistence,132,142,0,0.0
2h_exclude0_shift1,2,False,1,training_mean,132,132,0,10.523076923076923
2h_exclude0_shift1,2,False,1,training_mean,132,134,0,10.523076923076923
2h_exclude0_shift1,2,False,1,training_mean,132,136,0,10.523076923076923
2h_exclude0_shift1,2,False,1,training_mean,132,138,0,10.523076923076923
2h_exclude0_shift1,2,False,1,training_mean,132,140,0,10.523076923076923
2h_exclude0_shift1,2,False,1,training_mean,132,142,0,10.523076923076923
2h_exclude0_shift2,2,False,2,volume_baseline,48,48,3,4.8559395445858655
2h_exclude0_shift2,2,False,2,volume_baseline,48,50,2,9.182059142562313
2h_exclude0_shift2,2,False,2,volume_baseline,48,52,0,26.48396441417956
2h_exclude0_shift2,2,False,2,volume_baseline,48,54,1,101.25595331226282
2h_exclude0_shift2,2,False,2,volume_baseline,48,56,2,324.515683964864
2h_exclude0_shift2,2,False,2,volume_baseline,48,58,2,812.5665411665701
2h_exclude0_shift2,2,False,2,plus_composition,48,48,3,3.766708122876452
2h_exclude0_shift2,2,False,2,plus_composition,48,50,2,5.3449543880104
2h_exclude0_shift2,2,False,2,plus_composition,48,52,0,17.23846347731412
2h_exclude0_shift2,2,False,2,plus_composition,48,54,1,75.29626543554065
2h_exclude0_shift2,2,False,2,plus_composition,48,56,2,253.52406751466395
2h_exclude0_shift2,2,False,2,plus_composition,48,58,2,699.323707454078
2h_exclude0_shift2,2,False,2,persistence,48,48,3,6.0
2h_exclude0_shift2,2,False,2,persistence,48,50,2,3.0
2h_exclude0_shift2,2,False,2,persistence,48,52,0,2.0
2h_exclude0_shift2,2,False,2,persistence,48,54,1,0.0
2h_exclude0_shift2,2,False,2,persistence,48,56,2,1.0
2h_exclude0_shift2,2,False,2,persistence,48,58,2,2.0
2h_exclude0_shift2,2,False,2,training_mean,48,48,3,4.130434782608695
2h_exclude0_shift2,2,False,2,training_mean,48,50,2,4.130434782608695
2h_exclude0_shift2,2,False,2,training_mean,48,52,0,4.130434782608695
2h_exclude0_shift2,2,False,2,training_mean,48,54,1,4.130434782608695
2h_exclude0_shift2,2,False,2,training_mean,48,56,2,4.130434782608695
2h_exclude0_shift2,2,False,2,training_mean,48,58,2,4.130434782608695
2h_exclude0_shift2,2,False,2,volume_baseline,60,60,7,6.038471447175347
2h_exclude0_shift2,2,False,2,volume_baseline,60,62,1,3.919892029360603
2h_exclude0_shift2,2,False,2,volume_baseline,60,64,1,2.2295968149850673
2h_exclude0_shift2,2,False,2,volume_baseline,60,66,0,0.9622745639758061
2h_exclude0_shift2,2,False,2,volume_baseline,60,68,2,0.3296997476533873
2h_exclude0_shift2,2,False,2,volume_baseline,60,70,0,0.003579441776655691
2h_exclude0_shift2,2,False,2,plus_composition,60,60,7,2.76000754654461
2h_exclude0_shift2,2,False,2,plus_composition,60,62,1,1.881325567277795
2h_exclude0_shift2,2,False,2,plus_composition,60,64,1,2.409514491789527
2h_exclude0_shift2,2,False,2,plus_composition,60,66,0,0.5730050167831984
2h_exclude0_shift2,2,False,2,plus_composition,60,68,2,0.7856488117497764
2h_exclude0_shift2,2,False,2,plus_composition,60,70,0,0.014098055294188533
2h_exclude0_shift2,2,False,2,persistence,60,60,7,2.0
2h_exclude0_shift2,2,False,2,persistence,60,62,1,7.0
2h_exclude0_shift2,2,False,2,persistence,60,64,1,1.0
2h_exclude0_shift2,2,False,2,persistence,60,66,0,1.0
2h_exclude0_shift2,2,False,2,persistence,60,68,2,0.0
2h_exclude0_shift2,2,False,2,persistence,60,70,0,2.0
2h_exclude0_shift2,2,False,2,training_mean,60,60,7,3.6206896551724137
2h_exclude0_shift2,2,False,2,training_mean,60,62,1,3.6206896551724137
2h_exclude0_shift2,2,False,2,training_mean,60,64,1,3.6206896551724137
2h_exclude0_shift2,2,False,2,training_mean,60,66,0,3.6206896551724137
2h_exclude0_shift2,2,False,2,training_mean,60,68,2,3.6206896551724137
2h_exclude0_shift2,2,False,2,training_mean,60,70,0,3.6206896551724137
2h_exclude0_shift2,2,False,2,volume_baseline,72,72,0,0.16717549987352212
2h_exclude0_shift2,2,False,2,volume_baseline,72,74,1,0.16950635502529976
2h_exclude0_shift2,2,False,2,volume_baseline,72,76,4,0.39597566630676395
2h_exclude0_shift2,2,False,2,volume_baseline,72,78,9,0.7809593989363359
2h_exclude0_shift2,2,False,2,volume_baseline,72,80,112,1.523977017628725
2h_exclude0_shift2,2,False,2,volume_baseline,72,82,146,2.7392196510697735
2h_exclude0_shift2,2,False,2,plus_composition,72,72,0,0.952633706961742
2h_exclude0_shift2,2,False,2,plus_composition,72,74,1,0.9312852476978694
2h_exclude0_shift2,2,False,2,plus_composition,72,76,4,1.5482717845260707
2h_exclude0_shift2,2,False,2,plus_composition,72,78,9,2.103826609614214
2h_exclude0_shift2,2,False,2,plus_composition,72,80,112,1.8454859049252745
2h_exclude0_shift2,2,False,2,plus_composition,72,82,146,0.5683271531953776
2h_exclude0_shift2,2,False,2,persistence,72,72,0,0.0
2h_exclude0_shift2,2,False,2,persistence,72,74,1,0.0
2h_exclude0_shift2,2,False,2,persistence,72,76,4,1.0
2h_exclude0_shift2,2,False,2,persistence,72,78,9,4.0
2h_exclude0_shift2,2,False,2,persistence,72,80,112,9.0
2h_exclude0_shift2,2,False,2,persistence,72,82,146,112.0
2h_exclude0_shift2,2,False,2,training_mean,72,72,0,3.3142857142857145
2h_exclude0_shift2,2,False,2,training_mean,72,74,1,3.3142857142857145
2h_exclude0_shift2,2,False,2,training_mean,72,76,4,3.3142857142857145
2h_exclude0_shift2,2,False,2,training_mean,72,78,9,3.3142857142857145
2h_exclude0_shift2,2,False,2,training_mean,72,80,112,3.3142857142857145
2h_exclude0_shift2,2,False,2,training_mean,72,82,146,3.3142857142857145
2h_exclude0_shift2,2,False,2,volume_baseline,84,84,101,168.8122553675295
2h_exclude0_shift2,2,False,2,volume_baseline,84,86,58,79.79557114911192
2h_exclude0_shift2,2,False,2,volume_baseline,84,88,34,30.851042175609372
2h_exclude0_shift2,2,False,2,volume_baseline,84,90,29,15.846847642087113
2h_exclude0_shift2,2,False,2,volume_baseline,84,92,27,9.339877170337592
2h_exclude0_shift2,2,False,2,volume_baseline,84,94,14,9.488847749815474
2h_exclude0_shift2,2,False,2,plus_composition,84,84,101,171.55745516624924
2h_exclude0_shift2,2,False,2,plus_composition,84,86,58,3.1213762405037504
2h_exclude0_shift2,2,False,2,plus_composition,84,88,34,0.04896314166791234
2h_exclude0_shift2,2,False,2,plus_composition,84,90,29,0.11400015352816924
2h_exclude0_shift2,2,False,2,plus_composition,84,92,27,0.17904356288621243
2h_exclude0_shift2,2,False,2,plus_composition,84,94,14,0.10526817840109498
2h_exclude0_shift2,2,False,2,persistence,84,84,101,146.0
2h_exclude0_shift2,2,False,2,persistence,84,86,58,101.0
2h_exclude0_shift2,2,False,2,persistence,84,88,34,58.0
2h_exclude0_shift2,2,False,2,persistence,84,90,29,34.0
2h_exclude0_shift2,2,False,2,persistence,84,92,27,29.0
2h_exclude0_shift2,2,False,2,persistence,84,94,14,27.0
2h_exclude0_shift2,2,False,2,training_mean,84,84,101,9.463414634146341
2h_exclude0_shift2,2,False,2,training_mean,84,86,58,9.463414634146341
2h_exclude0_shift2,2,False,2,training_mean,84,88,34,9.463414634146341
2h_exclude0_shift2,2,False,2,training_mean,84,90,29,9.463414634146341
2h_exclude0_shift2,2,False,2,training_mean,84,92,27,9.463414634146341
2h_exclude0_shift2,2,False,2,training_mean,84,94,14,9.463414634146341
2h_exclude0_shift2,2,False,2,volume_baseline,96,96,13,13.51397378016444
2h_exclude0_shift2,2,False,2,volume_baseline,96,98,6,16.946448207877353
2h_exclude0_shift2,2,False,2,volume_baseline,96,100,1,5.2827520217299835
2h_exclude0_shift2,2,False,2,volume_baseline,96,102,5,5.321740721224017
2h_exclude0_shift2,2,False,2,volume_baseline,96,104,4,11.748781015134924
2h_exclude0_shift2,2,False,2,volume_baseline,96,106,0,7.703409562769864
2h_exclude0_shift2,2,False,2,plus_composition,96,96,13,18.256886509413636
2h_exclude0_shift2,2,False,2,plus_composition,96,98,6,22.91251077349638
2h_exclude0_shift2,2,False,2,plus_composition,96,100,1,12.752805794213899
2h_exclude0_shift2,2,False,2,plus_composition,96,102,5,34.571112943427075
2h_exclude0_shift2,2,False,2,plus_composition,96,104,4,49.05687063649122
2h_exclude0_shift2,2,False,2,plus_composition,96,106,0,52.67385707247463
2h_exclude0_shift2,2,False,2,persistence,96,96,13,14.0
2h_exclude0_shift2,2,False,2,persistence,96,98,6,13.0
2h_exclude0_shift2,2,False,2,persistence,96,100,1,6.0
2h_exclude0_shift2,2,False,2,persistence,96,102,5,1.0
2h_exclude0_shift2,2,False,2,persistence,96,104,4,5.0
2h_exclude0_shift2,2,False,2,persistence,96,106,0,4.0
2h_exclude0_shift2,2,False,2,training_mean,96,96,13,13.851063829787234
2h_exclude0_shift2,2,False,2,training_mean,96,98,6,13.851063829787234
2h_exclude0_shift2,2,False,2,training_mean,96,100,1,13.851063829787234
2h_exclude0_shift2,2,False,2,training_mean,96,102,5,13.851063829787234
2h_exclude0_shift2,2,False,2,training_mean,96,104,4,13.851063829787234
2h_exclude0_shift2,2,False,2,training_mean,96,106,0,13.851063829787234
2h_exclude0_shift2,2,False,2,volume_baseline,108,108,0,1.986918808568631
2h_exclude0_shift2,2,False,2,volume_baseline,108,110,0,1.2202871537971682
2h_exclude0_shift2,2,False,2,volume_baseline,108,112,1,0.6763731162002388
2h_exclude0_shift2,2,False,2,volume_baseline,108,114,1,0.4936409958230558
2h_exclude0_shift2,2,False,2,volume_baseline,108,116,0,0.2855014781995182
2h_exclude0_shift2,2,False,2,volume_baseline,108,118,0,0.00035821086882782146
2h_exclude0_shift2,2,False,2,plus_composition,108,108,0,2.7415579581518674
2h_exclude0_shift2,2,False,2,plus_composition,108,110,0,1.3934630770841168
2h_exclude0_shift2,2,False,2,plus_composition,108,112,1,0.8229484156155524
2h_exclude0_shift2,2,False,2,plus_composition,108,114,1,0.528730670304038
2h_exclude0_shift2,2,False,2,plus_composition,108,116,0,0.24873459620030197
2h_exclude0_shift2,2,False,2,plus_composition,108,118,0,6.079683075205235e-05
2h_exclude0_shift2,2,False,2,persistence,108,108,0,0.0
2h_exclude0_shift2,2,False,2,persistence,108,110,0,0.0
2h_exclude0_shift2,2,False,2,persistence,108,112,1,0.0
2h_exclude0_shift2,2,False,2,persistence,108,114,1,1.0
2h_exclude0_shift2,2,False,2,persistence,108,116,0,1.0
2h_exclude0_shift2,2,False,2,persistence,108,118,0,0.0
2h_exclude0_shift2,2,False,2,training_mean,108,108,0,12.830188679245284
2h_exclude0_shift2,2,False,2,training_mean,108,110,0,12.830188679245284
2h_exclude0_shift2,2,False,2,training_mean,108,112,1,12.830188679245284
2h_exclude0_shift2,2,False,2,training_mean,108,114,1,12.830188679245284
2h_exclude0_shift2,2,False,2,training_mean,108,116,0,12.830188679245284
2h_exclude0_shift2,2,False,2,training_mean,108,118,0,12.830188679245284
2h_exclude0_shift2,2,False,2,volume_baseline,120,120,0,0.28614990250200617
2h_exclude0_shift2,2,False,2,volume_baseline,120,122,1,0.2828849710373965
2h_exclude0_shift2,2,False,2,volume_baseline,120,124,1,0.7390007092039628
2h_exclude0_shift2,2,False,2,volume_baseline,120,126,0,1.864401852480144
2h_exclude0_shift2,2,False,2,volume_baseline,120,128,0,1.3889276111045366
2h_exclude0_shift2,2,False,2,volume_baseline,120,130,0,1.565816762411613
2h_exclude0_shift2,2,False,2,plus_composition,120,120,0,0.2501649796729757
2h_exclude0_shift2,2,False,2,plus_composition,120,122,1,0.1869115360996488
2h_exclude0_shift2,2,False,2,plus_composition,120,124,1,0.6168632618703854
2h_exclude0_shift2,2,False,2,plus_composition,120,126,0,1.4894869689258317
2h_exclude0_shift2,2,False,2,plus_composition,120,128,0,1.138192155049509
2h_exclude0_shift2,2,False,2,plus_composition,120,130,0,1.1265225152017107
2h_exclude0_shift2,2,False,2,persistence,120,120,0,0.0
2h_exclude0_shift2,2,False,2,persistence,120,122,1,0.0
2h_exclude0_shift2,2,False,2,persistence,120,124,1,1.0
2h_exclude0_shift2,2,False,2,persistence,120,126,0,1.0
2h_exclude0_shift2,2,False,2,persistence,120,128,0,0.0
2h_exclude0_shift2,2,False,2,persistence,120,130,0,0.0
2h_exclude0_shift2,2,False,2,training_mean,120,120,0,11.559322033898304
2h_exclude0_shift2,2,False,2,training_mean,120,122,1,11.559322033898304
2h_exclude0_shift2,2,False,2,training_mean,120,124,1,11.559322033898304
2h_exclude0_shift2,2,False,2,training_mean,120,126,0,11.559322033898304
2h_exclude0_shift2,2,False,2,training_mean,120,128,0,11.559322033898304
2h_exclude0_shift2,2,False,2,training_mean,120,130,0,11.559322033898304
2h_exclude0_shift2,2,False,2,volume_baseline,132,132,0,0.8205921125769869
2h_exclude0_shift2,2,False,2,volume_baseline,132,134,0,0.7571530892015244
2h_exclude0_shift2,2,False,2,volume_baseline,132,136,0,0.007688853509815266
2h_exclude0_shift2,2,False,2,volume_baseline,132,138,0,6.9116715850899456e-06
2h_exclude0_shift2,2,False,2,volume_baseline,132,140,0,4.678646086227741e-06
2h_exclude0_shift2,2,False,2,volume_baseline,132,142,0,3.962685498710289e-06
2h_exclude0_shift2,2,False,2,plus_composition,132,132,0,0.44216074498042773
2h_exclude0_shift2,2,False,2,plus_composition,132,134,0,0.47083868460926337
2h_exclude0_shift2,2,False,2,plus_composition,132,136,0,0.002793806337038457
2h_exclude0_shift2,2,False,2,plus_composition,132,138,0,5.533896462257955e-07
2h_exclude0_shift2,2,False,2,plus_composition,132,140,0,3.6163569092935135e-07
2h_exclude0_shift2,2,False,2,plus_composition,132,142,0,3.150011221620378e-07
2h_exclude0_shift2,2,False,2,persistence,132,132,0,0.0
2h_exclude0_shift2,2,False,2,persistence,132,134,0,0.0
2h_exclude0_shift2,2,False,2,persistence,132,136,0,0.0
2h_exclude0_shift2,2,False,2,persistence,132,138,0,0.0
2h_exclude0_shift2,2,False,2,persistence,132,140,0,0.0
2h_exclude0_shift2,2,False,2,persistence,132,142,0,0.0
2h_exclude0_shift2,2,False,2,training_mean,132,132,0,10.523076923076923
2h_exclude0_shift2,2,False,2,training_mean,132,134,0,10.523076923076923
2h_exclude0_shift2,2,False,2,training_mean,132,136,0,10.523076923076923
2h_exclude0_shift2,2,False,2,training_mean,132,138,0,10.523076923076923
2h_exclude0_shift2,2,False,2,training_mean,132,140,0,10.523076923076923
2h_exclude0_shift2,2,False,2,training_mean,132,142,0,10.523076923076923
2h_exclude1_shift-2,2,True,-2,volume_baseline,48,48,0,11.91952972855581
2h_exclude1_shift-2,2,True,-2,volume_baseline,48,50,1,45.69119462548615
2h_exclude1_shift-2,2,True,-2,volume_baseline,48,52,2,166.7514124880429
2h_exclude1_shift-2,2,True,-2,volume_baseline,48,54,2,497.6624057842729
2h_exclude1_shift-2,2,True,-2,volume_baseline,48,56,7,949.8098349251719
2h_exclude1_shift-2,2,True,-2,volume_baseline,48,58,1,1007.1695001012677
2h_exclude1_shift-2,2,True,-2,plus_composition,48,48,0,7.666124706060941
2h_exclude1_shift-2,2,True,-2,plus_composition,48,50,1,17.300906204627356
2h_exclude1_shift-2,2,True,-2,plus_composition,48,52,2,82.36894921237392
2h_exclude1_shift-2,2,True,-2,plus_composition,48,54,2,313.3411266036777
2h_exclude1_shift-2,2,True,-2,plus_composition,48,56,7,665.6333005862214
2h_exclude1_shift-2,2,True,-2,plus_composition,48,58,1,835.6252892771819
2h_exclude1_shift-2,2,True,-2,persistence,48,48,0,2.0
2h_exclude1_shift-2,2,True,-2,persistence,48,50,1,0.0
2h_exclude1_shift-2,2,True,-2,persistence,48,52,2,1.0
2h_exclude1_shift-2,2,True,-2,persistence,48,54,2,2.0
2h_exclude1_shift-2,2,True,-2,persistence,48,56,7,2.0
2h_exclude1_shift-2,2,True,-2,persistence,48,58,1,7.0
2h_exclude1_shift-2,2,True,-2,training_mean,48,48,0,4.3478260869565215
2h_exclude1_shift-2,2,True,-2,training_mean,48,50,1,4.3478260869565215
2h_exclude1_shift-2,2,True,-2,training_mean,48,52,2,4.3478260869565215
2h_exclude1_shift-2,2,True,-2,training_mean,48,54,2,4.3478260869565215
2h_exclude1_shift-2,2,True,-2,training_mean,48,56,7,4.3478260869565215
2h_exclude1_shift-2,2,True,-2,training_mean,48,58,1,4.3478260869565215
2h_exclude1_shift-2,2,True,-2,volume_baseline,60,60,1,1.8392441343077928
2h_exclude1_shift-2,2,True,-2,volume_baseline,60,62,0,0.5948331605783442
2h_exclude1_shift-2,2,True,-2,volume_baseline,60,64,2,0.21478515255394348
2h_exclude1_shift-2,2,True,-2,volume_baseline,60,66,0,0.14261848015875123
2h_exclude1_shift-2,2,True,-2,volume_baseline,60,68,0,0.05573180589244127
2h_exclude1_shift-2,2,True,-2,volume_baseline,60,70,1,0.0017421261260966046
2h_exclude1_shift-2,2,True,-2,plus_composition,60,60,1,0.8988541577593572
2h_exclude1_shift-2,2,True,-2,plus_composition,60,62,0,0.7860715466956402
2h_exclude1_shift-2,2,True,-2,plus_composition,60,64,2,0.3273220992667083
2h_exclude1_shift-2,2,True,-2,plus_composition,60,66,0,0.03835169092930309
2h_exclude1_shift-2,2,True,-2,plus_composition,60,68,0,0.06093151408974242
2h_exclude1_shift-2,2,True,-2,plus_composition,60,70,1,0.01640412557710378
2h_exclude1_shift-2,2,True,-2,persistence,60,60,1,1.0
2h_exclude1_shift-2,2,True,-2,persistence,60,62,0,1.0
2h_exclude1_shift-2,2,True,-2,persistence,60,64,2,0.0
2h_exclude1_shift-2,2,True,-2,persistence,60,66,0,2.0
2h_exclude1_shift-2,2,True,-2,persistence,60,68,0,0.0
2h_exclude1_shift-2,2,True,-2,persistence,60,70,1,0.0
2h_exclude1_shift-2,2,True,-2,training_mean,60,60,1,3.896551724137931
2h_exclude1_shift-2,2,True,-2,training_mean,60,62,0,3.896551724137931
2h_exclude1_shift-2,2,True,-2,training_mean,60,64,2,3.896551724137931
2h_exclude1_shift-2,2,True,-2,training_mean,60,66,0,3.896551724137931
2h_exclude1_shift-2,2,True,-2,training_mean,60,68,0,3.896551724137931
2h_exclude1_shift-2,2,True,-2,training_mean,60,70,1,3.896551724137931
2h_exclude1_shift-2,2,True,-2,volume_baseline,72,72,4,0.256659694543828
2h_exclude1_shift-2,2,True,-2,volume_baseline,72,74,9,0.6033204048709299
2h_exclude1_shift-2,2,True,-2,volume_baseline,72,76,112,1.7858854920160017
2h_exclude1_shift-2,2,True,-2,volume_baseline,72,78,146,7.239996489393817
2h_exclude1_shift-2,2,True,-2,volume_baseline,72,80,101,9.30627653552076
2h_exclude1_shift-2,2,True,-2,volume_baseline,72,82,58,6.368572526530574
2h_exclude1_shift-2,2,True,-2,plus_composition,72,72,4,0.6448750055206103
2h_exclude1_shift-2,2,True,-2,plus_composition,72,74,9,0.8384689786615961
2h_exclude1_shift-2,2,True,-2,plus_composition,72,76,112,3.1815606872879334
2h_exclude1_shift-2,2,True,-2,plus_composition,72,78,146,10.273564572772882
2h_exclude1_shift-2,2,True,-2,plus_composition,72,80,101,3.2205294298897496
2h_exclude1_shift-2,2,True,-2,plus_composition,72,82,58,0.024403920713688954
2h_exclude1_shift-2,2,True,-2,persistence,72,72,4,1.0
2h_exclude1_shift-2,2,True,-2,persistence,72,74,9,4.0
2h_exclude1_shift-2,2,True,-2,persistence,72,76,112,9.0
2h_exclude1_shift-2,2,True,-2,persistence,72,78,146,112.0
2h_exclude1_shift-2,2,True,-2,persistence,72,80,101,146.0
2h_exclude1_shift-2,2,True,-2,persistence,72,82,58,101.0
2h_exclude1_shift-2,2,True,-2,training_mean,72,72,4,3.342857142857143
2h_exclude1_shift-2,2,True,-2,training_mean,72,74,9,3.342857142857143
2h_exclude1_shift-2,2,True,-2,training_mean,72,76,112,3.342857142857143
2h_exclude1_shift-2,2,True,-2,training_mean,72,78,146,3.342857142857143
2h_exclude1_shift-2,2,True,-2,training_mean,72,80,101,3.342857142857143
2h_exclude1_shift-2,2,True,-2,training_mean,72,82,58,3.342857142857143
2h_exclude1_shift-2,2,True,-2,volume_baseline,84,84,34,23.680330327097813
2h_exclude1_shift-2,2,True,-2,volume_baseline,84,86,29,10.468205365134192
2h_exclude1_shift-2,2,True,-2,volume_baseline,84,88,27,7.415990040721751
2h_exclude1_shift-2,2,True,-2,volume_baseline,84,90,14,8.16689273598207
2h_exclude1_shift-2,2,True,-2,volume_baseline,84,92,13,8.65704373844508
2h_exclude1_shift-2,2,True,-2,volume_baseline,84,94,6,16.10154238134798
2h_exclude1_shift-2,2,True,-2,plus_composition,84,84,34,14.408727595930579
2h_exclude1_shift-2,2,True,-2,plus_composition,84,86,29,0.49041787754112987
2h_exclude1_shift-2,2,True,-2,plus_composition,84,88,27,0.022523301749317156
2h_exclude1_shift-2,2,True,-2,plus_composition,84,90,14,0.06488721486833161
2h_exclude1_shift-2,2,True,-2,plus_composition,84,92,13,0.14834612050796311
2h_exclude1_shift-2,2,True,-2,plus_composition,84,94,6,0.2227655247357626
2h_exclude1_shift-2,2,True,-2,persistence,84,84,34,58.0
2h_exclude1_shift-2,2,True,-2,persistence,84,86,29,34.0
2h_exclude1_shift-2,2,True,-2,persistence,84,88,27,29.0
2h_exclude1_shift-2,2,True,-2,persistence,84,90,14,27.0
2h_exclude1_shift-2,2,True,-2,persistence,84,92,13,14.0
2h_exclude1_shift-2,2,True,-2,persistence,84,94,6,13.0
2h_exclude1_shift-2,2,True,-2,training_mean,84,84,34,13.341463414634147
2h_exclude1_shift-2,2,True,-2,training_mean,84,86,29,13.341463414634147
2h_exclude1_shift-2,2,True,-2,training_mean,84,88,27,13.341463414634147
2h_exclude1_shift-2,2,True,-2,training_mean,84,90,14,13.341463414634147
2h_exclude1_shift-2,2,True,-2,training_mean,84,92,13,13.341463414634147
2h_exclude1_shift-2,2,True,-2,training_mean,84,94,6,13.341463414634147
2h_exclude1_shift-2,2,True,-2,volume_baseline,96,96,1,23.626047405209366
2h_exclude1_shift-2,2,True,-2,volume_baseline,96,98,5,19.154714493874852
2h_exclude1_shift-2,2,True,-2,volume_baseline,96,100,4,33.37928873333024
2h_exclude1_shift-2,2,True,-2,volume_baseline,96,102,0,31.369456384790364
2h_exclude1_shift-2,2,True,-2,volume_baseline,96,104,0,11.10490545528431
2h_exclude1_shift-2,2,True,-2,volume_baseline,96,106,0,6.751709556539157
2h_exclude1_shift-2,2,True,-2,plus_composition,96,96,1,30.16772547006081
2h_exclude1_shift-2,2,True,-2,plus_composition,96,98,5,30.707601228075216
2h_exclude1_shift-2,2,True,-2,plus_composition,96,100,4,62.29169957166692
2h_exclude1_shift-2,2,True,-2,plus_composition,96,102,0,157.94945689421783
2h_exclude1_shift-2,2,True,-2,plus_composition,96,104,0,51.98173408723712
2h_exclude1_shift-2,2,True,-2,plus_composition,96,106,0,33.34789523421057
2h_exclude1_shift-2,2,True,-2,persistence,96,96,1,6.0
2h_exclude1_shift-2,2,True,-2,persistence,96,98,5,1.0
2h_exclude1_shift-2,2,True,-2,persistence,96,100,4,5.0
2h_exclude1_shift-2,2,True,-2,persistence,96,102,0,4.0
2h_exclude1_shift-2,2,True,-2,persistence,96,104,0,0.0
2h_exclude1_shift-2,2,True,-2,persistence,96,106,0,0.0
2h_exclude1_shift-2,2,True,-2,training_mean,96,96,1,14.25531914893617
2h_exclude1_shift-2,2,True,-2,training_mean,96,98,5,14.25531914893617
2h_exclude1_shift-2,2,True,-2,training_mean,96,100,4,14.25531914893617
2h_exclude1_shift-2,2,True,-2,training_mean,96,102,0,14.25531914893617
2h_exclude1_shift-2,2,True,-2,training_mean,96,104,0,14.25531914893617
2h_exclude1_shift-2,2,True,-2,training_mean,96,106,0,14.25531914893617
2h_exclude1_shift-2,2,True,-2,volume_baseline,108,108,1,0.7968488355567429
2h_exclude1_shift-2,2,True,-2,volume_baseline,108,110,1,0.9034103818642149
2h_exclude1_shift-2,2,True,-2,volume_baseline,108,112,0,0.7690996296285435
2h_exclude1_shift-2,2,True,-2,volume_baseline,108,114,0,0.49796227989114983
2h_exclude1_shift-2,2,True,-2,volume_baseline,108,116,0,0.6176703006054862
2h_exclude1_shift-2,2,True,-2,volume_baseline,108,118,1,0.18170329380991548
2h_exclude1_shift-2,2,True,-2,plus_composition,108,108,1,0.7982732466510251
2h_exclude1_shift-2,2,True,-2,plus_composition,108,110,1,0.8877429177651545
2h_exclude1_shift-2,2,True,-2,plus_composition,108,112,0,0.7599522531764034
2h_exclude1_shift-2,2,True,-2,plus_composition,108,114,0,0.4918061209212518
2h_exclude1_shift-2,2,True,-2,plus_composition,108,116,0,0.6055257813422541
2h_exclude1_shift-2,2,True,-2,plus_composition,108,118,1,0.16669895186690323
2h_exclude1_shift-2,2,True,-2,persistence,108,108,1,0.0
2h_exclude1_shift-2,2,True,-2,persistence,108,110,1,1.0
2h_exclude1_shift-2,2,True,-2,persistence,108,112,0,1.0
2h_exclude1_shift-2,2,True,-2,persistence,108,114,0,0.0
2h_exclude1_shift-2,2,True,-2,persistence,108,116,0,0.0
2h_exclude1_shift-2,2,True,-2,persistence,108,118,1,0.0
2h_exclude1_shift-2,2,True,-2,training_mean,108,108,1,12.830188679245284
2h_exclude1_shift-2,2,True,-2,training_mean,108,110,1,12.830188679245284
2h_exclude1_shift-2,2,True,-2,training_mean,108,112,0,12.830188679245284
2h_exclude1_shift-2,2,True,-2,training_mean,108,114,0,12.830188679245284
2h_exclude1_shift-2,2,True,-2,training_mean,108,116,0,12.830188679245284
2h_exclude1_shift-2,2,True,-2,training_mean,108,118,1,12.830188679245284
2h_exclude1_shift-2,2,True,-2,volume_baseline,120,120,1,2.5355302608677843
2h_exclude1_shift-2,2,True,-2,volume_baseline,120,122,0,3.1299256590948543
2h_exclude1_shift-2,2,True,-2,volume_baseline,120,124,0,2.2942111326938095
2h_exclude1_shift-2,2,True,-2,volume_baseline,120,126,0,2.2958905833123406
2h_exclude1_shift-2,2,True,-2,volume_baseline,120,128,0,1.5536764254887099
2h_exclude1_shift-2,2,True,-2,volume_baseline,120,130,0,1.012432746435641
2h_exclude1_shift-2,2,True,-2,plus_composition,120,120,1,2.539722703234997
2h_exclude1_shift-2,2,True,-2,plus_composition,120,122,0,3.089860035038108
2h_exclude1_shift-2,2,True,-2,plus_composition,120,124,0,2.2975097071036408
2h_exclude1_shift-2,2,True,-2,plus_composition,120,126,0,2.2706077754106335
2h_exclude1_shift-2,2,True,-2,plus_composition,120,128,0,1.5317605229568125
2h_exclude1_shift-2,2,True,-2,plus_composition,120,130,0,0.9852087490747953
2h_exclude1_shift-2,2,True,-2,persistence,120,120,1,1.0
2h_exclude1_shift-2,2,True,-2,persistence,120,122,0,1.0
2h_exclude1_shift-2,2,True,-2,persistence,120,124,0,0.0
2h_exclude1_shift-2,2,True,-2,persistence,120,126,0,0.0
2h_exclude1_shift-2,2,True,-2,persistence,120,128,0,0.0
2h_exclude1_shift-2,2,True,-2,persistence,120,130,0,0.0
2h_exclude1_shift-2,2,True,-2,training_mean,120,120,1,11.576271186440678
2h_exclude1_shift-2,2,True,-2,training_mean,120,122,0,11.576271186440678
2h_exclude1_shift-2,2,True,-2,training_mean,120,124,0,11.576271186440678
2h_exclude1_shift-2,2,True,-2,training_mean,120,126,0,11.576271186440678
2h_exclude1_shift-2,2,True,-2,training_mean,120,128,0,11.576271186440678
2h_exclude1_shift-2,2,True,-2,training_mean,120,130,0,11.576271186440678
2h_exclude1_shift-2,2,True,-2,volume_baseline,132,132,0,0.38760538460619515
2h_exclude1_shift-2,2,True,-2,volume_baseline,132,134,0,0.30454681016636775
2h_exclude1_shift-2,2,True,-2,volume_baseline,132,136,0,0.0871312001305719
2h_exclude1_shift-2,2,True,-2,volume_baseline,132,138,0,0.017152008328194853
2h_exclude1_shift-2,2,True,-2,volume_baseline,132,140,0,0.022573196287016498
2h_exclude1_shift-2,2,True,-2,volume_baseline,132,142,0,0.033143721516450605
2h_exclude1_shift-2,2,True,-2,plus_composition,132,132,0,0.2702449636603929
2h_exclude1_shift-2,2,True,-2,plus_composition,132,134,0,0.2056769523008016
2h_exclude1_shift-2,2,True,-2,plus_composition,132,136,0,0.054762624933820815
2h_exclude1_shift-2,2,True,-2,plus_composition,132,138,0,0.009401482545089218
2h_exclude1_shift-2,2,True,-2,plus_composition,132,140,0,0.012484601771900623
2h_exclude1_shift-2,2,True,-2,plus_composition,132,142,0,0.018953285679689263
2h_exclude1_shift-2,2,True,-2,persistence,132,132,0,0.0
2h_exclude1_shift-2,2,True,-2,persistence,132,134,0,0.0
2h_exclude1_shift-2,2,True,-2,persistence,132,136,0,0.0
2h_exclude1_shift-2,2,True,-2,persistence,132,138,0,0.0
2h_exclude1_shift-2,2,True,-2,persistence,132,140,0,0.0
2h_exclude1_shift-2,2,True,-2,persistence,132,142,0,0.0
2h_exclude1_shift-2,2,True,-2,training_mean,132,132,0,10.523076923076923
2h_exclude1_shift-2,2,True,-2,training_mean,132,134,0,10.523076923076923
2h_exclude1_shift-2,2,True,-2,training_mean,132,136,0,10.523076923076923
2h_exclude1_shift-2,2,True,-2,training_mean,132,138,0,10.523076923076923
2h_exclude1_shift-2,2,True,-2,training_mean,132,140,0,10.523076923076923
2h_exclude1_shift-2,2,True,-2,training_mean,132,142,0,10.523076923076923
2h_exclude1_shift-1,2,True,-1,volume_baseline,48,48,0,10.553725494184137
2h_exclude1_shift-1,2,True,-1,volume_baseline,48,50,0,40.53811682259101
2h_exclude1_shift-1,2,True,-1,volume_baseline,48,52,3,167.33495352201925
2h_exclude1_shift-1,2,True,-1,volume_baseline,48,54,1,556.3253661741038
2h_exclude1_shift-1,2,True,-1,volume_baseline,48,56,5,1439.1946720118783
2h_exclude1_shift-1,2,True,-1,volume_baseline,48,58,4,1967.0818484144645
2h_exclude1_shift-1,2,True,-1,plus_composition,48,48,0,2.2900205485758063
2h_exclude1_shift-1,2,True,-1,plus_composition,48,50,0,2.2417710074764594
2h_exclude1_shift-1,2,True,-1,plus_composition,48,52,3,23.73152421725678
2h_exclude1_shift-1,2,True,-1,plus_composition,48,54,1,160.62382760816584
2h_exclude1_shift-1,2,True,-1,plus_composition,48,56,5,750.2816493221354
2h_exclude1_shift-1,2,True,-1,plus_composition,48,58,4,1903.070428532212
2h_exclude1_shift-1,2,True,-1,persistence,48,48,0,3.0
2h_exclude1_shift-1,2,True,-1,persistence,48,50,0,0.0
2h_exclude1_shift-1,2,True,-1,persistence,48,52,3,0.0
2h_exclude1_shift-1,2,True,-1,persistence,48,54,1,3.0
2h_exclude1_shift-1,2,True,-1,persistence,48,56,5,1.0
2h_exclude1_shift-1,2,True,-1,persistence,48,58,4,5.0
2h_exclude1_shift-1,2,True,-1,training_mean,48,48,0,4.3478260869565215
2h_exclude1_shift-1,2,True,-1,training_mean,48,50,0,4.3478260869565215
2h_exclude1_shift-1,2,True,-1,training_mean,48,52,3,4.3478260869565215
2h_exclude1_shift-1,2,True,-1,training_mean,48,54,1,4.3478260869565215
2h_exclude1_shift-1,2,True,-1,training_mean,48,56,5,4.3478260869565215
2h_exclude1_shift-1,2,True,-1,training_mean,48,58,4,4.3478260869565215
2h_exclude1_shift-1,2,True,-1,volume_baseline,60,60,1,4.359769458857581
2h_exclude1_shift-1,2,True,-1,volume_baseline,60,62,0,1.275676389559586
2h_exclude1_shift-1,2,True,-1,volume_baseline,60,64,2,0.4886619411548828
2h_exclude1_shift-1,2,True,-1,volume_baseline,60,66,0,0.270519142720307
2h_exclude1_shift-1,2,True,-1,volume_baseline,60,68,0,0.0973221193525352
2h_exclude1_shift-1,2,True,-1,volume_baseline,60,70,1,0.00294050767057014
2h_exclude1_shift-1,2,True,-1,plus_composition,60,60,1,2.0937817269210623
2h_exclude1_shift-1,2,True,-1,plus_composition,60,62,0,2.605131638285223
2h_exclude1_shift-1,2,True,-1,plus_composition,60,64,2,1.0963090226144783
2h_exclude1_shift-1,2,True,-1,plus_composition,60,66,0,0.06684805148844747
2h_exclude1_shift-1,2,True,-1,plus_composition,60,68,0,0.08459615644045287
2h_exclude1_shift-1,2,True,-1,plus_composition,60,70,1,0.023793714698798683
2h_exclude1_shift-1,2,True,-1,persistence,60,60,1,4.0
2h_exclude1_shift-1,2,True,-1,persistence,60,62,0,1.0
2h_exclude1_shift-1,2,True,-1,persistence,60,64,2,0.0
2h_exclude1_shift-1,2,True,-1,persistence,60,66,0,2.0
2h_exclude1_shift-1,2,True,-1,persistence,60,68,0,0.0
2h_exclude1_shift-1,2,True,-1,persistence,60,70,1,0.0
2h_exclude1_shift-1,2,True,-1,training_mean,60,60,1,3.896551724137931
2h_exclude1_shift-1,2,True,-1,training_mean,60,62,0,3.896551724137931
2h_exclude1_shift-1,2,True,-1,training_mean,60,64,2,3.896551724137931
2h_exclude1_shift-1,2,True,-1,training_mean,60,66,0,3.896551724137931
2h_exclude1_shift-1,2,True,-1,training_mean,60,68,0,3.896551724137931
2h_exclude1_shift-1,2,True,-1,training_mean,60,70,1,3.896551724137931
2h_exclude1_shift-1,2,True,-1,volume_baseline,72,72,2,0.22053085907677683
2h_exclude1_shift-1,2,True,-1,volume_baseline,72,74,3,0.3925063372754478
2h_exclude1_shift-1,2,True,-1,volume_baseline,72,76,46,1.0083870967107649
2h_exclude1_shift-1,2,True,-1,volume_baseline,72,78,174,4.130321297857968
2h_exclude1_shift-1,2,True,-1,volume_baseline,72,80,83,8.920068159280769
2h_exclude1_shift-1,2,True,-1,volume_baseline,72,82,96,6.430404359714108
2h_exclude1_shift-1,2,True,-1,plus_composition,72,72,2,0.455167728072128
2h_exclude1_shift-1,2,True,-1,plus_composition,72,74,3,0.40901874862167575
2h_exclude1_shift-1,2,True,-1,plus_composition,72,76,46,1.5596310593809954
2h_exclude1_shift-1,2,True,-1,plus_composition,72,78,174,6.497652569107437
2h_exclude1_shift-1,2,True,-1,plus_composition,72,80,83,2.636291688532915
2h_exclude1_shift-1,2,True,-1,plus_composition,72,82,96,0.0073627266663297865
2h_exclude1_shift-1,2,True,-1,persistence,72,72,2,1.0
2h_exclude1_shift-1,2,True,-1,persistence,72,74,3,2.0
2h_exclude1_shift-1,2,True,-1,persistence,72,76,46,3.0
2h_exclude1_shift-1,2,True,-1,persistence,72,78,174,46.0
2h_exclude1_shift-1,2,True,-1,persistence,72,80,83,174.0
2h_exclude1_shift-1,2,True,-1,persistence,72,82,96,83.0
2h_exclude1_shift-1,2,True,-1,training_mean,72,72,2,3.342857142857143
2h_exclude1_shift-1,2,True,-1,training_mean,72,74,3,3.342857142857143
2h_exclude1_shift-1,2,True,-1,training_mean,72,76,46,3.342857142857143
2h_exclude1_shift-1,2,True,-1,training_mean,72,78,174,3.342857142857143
2h_exclude1_shift-1,2,True,-1,training_mean,72,80,83,3.342857142857143
2h_exclude1_shift-1,2,True,-1,training_mean,72,82,96,3.342857142857143
2h_exclude1_shift-1,2,True,-1,volume_baseline,84,84,45,49.27481254068564
2h_exclude1_shift-1,2,True,-1,volume_baseline,84,86,24,19.400936272325076
2h_exclude1_shift-1,2,True,-1,volume_baseline,84,88,35,9.647609531676641
2h_exclude1_shift-1,2,True,-1,volume_baseline,84,90,22,10.85497644410946
2h_exclude1_shift-1,2,True,-1,volume_baseline,84,92,9,10.521145917778178
2h_exclude1_shift-1,2,True,-1,volume_baseline,84,94,11,11.600980912205783
2h_exclude1_shift-1,2,True,-1,plus_composition,84,84,45,24.214314426607032
2h_exclude1_shift-1,2,True,-1,plus_composition,84,86,24,2.085871377929234
2h_exclude1_shift-1,2,True,-1,plus_composition,84,88,35,0.1994252110260248
2h_exclude1_shift-1,2,True,-1,plus_composition,84,90,22,0.33803871865149715
2h_exclude1_shift-1,2,True,-1,plus_composition,84,92,9,0.5484559826324329
2h_exclude1_shift-1,2,True,-1,plus_composition,84,94,11,0.7753422126250452
2h_exclude1_shift-1,2,True,-1,persistence,84,84,45,96.0
2h_exclude1_shift-1,2,True,-1,persistence,84,86,24,45.0
2h_exclude1_shift-1,2,True,-1,persistence,84,88,35,24.0
2h_exclude1_shift-1,2,True,-1,persistence,84,90,22,35.0
2h_exclude1_shift-1,2,True,-1,persistence,84,92,9,22.0
2h_exclude1_shift-1,2,True,-1,persistence,84,94,11,9.0
2h_exclude1_shift-1,2,True,-1,training_mean,84,84,45,12.707317073170731
2h_exclude1_shift-1,2,True,-1,training_mean,84,86,24,12.707317073170731
2h_exclude1_shift-1,2,True,-1,training_mean,84,88,35,12.707317073170731
2h_exclude1_shift-1,2,True,-1,training_mean,84,90,22,12.707317073170731
2h_exclude1_shift-1,2,True,-1,training_mean,84,92,9,12.707317073170731
2h_exclude1_shift-1,2,True,-1,training_mean,84,94,11,12.707317073170731
2h_exclude1_shift-1,2,True,-1,volume_baseline,96,96,4,27.422789202980034
2h_exclude1_shift-1,2,True,-1,volume_baseline,96,98,1,28.895262204935452
2h_exclude1_shift-1,2,True,-1,volume_baseline,96,100,6,18.96992691728099
2h_exclude1_shift-1,2,True,-1,volume_baseline,96,102,2,40.1865772162612
2h_exclude1_shift-1,2,True,-1,volume_baseline,96,104,0,24.97521343264053
2h_exclude1_shift-1,2,True,-1,volume_baseline,96,106,0,9.7480003573316
2h_exclude1_shift-1,2,True,-1,plus_composition,96,96,4,35.91953376385281
2h_exclude1_shift-1,2,True,-1,plus_composition,96,98,1,46.18216910008958
2h_exclude1_shift-1,2,True,-1,plus_composition,96,100,6,46.87227402922375
2h_exclude1_shift-1,2,True,-1,plus_composition,96,102,2,398.346913170399
2h_exclude1_shift-1,2,True,-1,plus_composition,96,104,0,185.46806171624178
2h_exclude1_shift-1,2,True,-1,plus_composition,96,106,0,81.67493041514628
2h_exclude1_shift-1,2,True,-1,persistence,96,96,4,11.0
2h_exclude1_shift-1,2,True,-1,persistence,96,98,1,4.0
2h_exclude1_shift-1,2,True,-1,persistence,96,100,6,1.0
2h_exclude1_shift-1,2,True,-1,persistence,96,102,2,6.0
2h_exclude1_shift-1,2,True,-1,persistence,96,104,0,2.0
2h_exclude1_shift-1,2,True,-1,persistence,96,106,0,0.0
2h_exclude1_shift-1,2,True,-1,training_mean,96,96,4,14.191489361702128
2h_exclude1_shift-1,2,True,-1,training_mean,96,98,1,14.191489361702128
2h_exclude1_shift-1,2,True,-1,training_mean,96,100,6,14.191489361702128
2h_exclude1_shift-1,2,True,-1,training_mean,96,102,2,14.191489361702128
2h_exclude1_shift-1,2,True,-1,training_mean,96,104,0,14.191489361702128
2h_exclude1_shift-1,2,True,-1,training_mean,96,106,0,14.191489361702128
2h_exclude1_shift-1,2,True,-1,volume_baseline,108,108,1,1.2780397268826555
2h_exclude1_shift-1,2,True,-1,volume_baseline,108,110,0,1.2522838279857764
2h_exclude1_shift-1,2,True,-1,volume_baseline,108,112,1,0.5957201937859348
2h_exclude1_shift-1,2,True,-1,volume_baseline,108,114,0,0.8172751702343724
2h_exclude1_shift-1,2,True,-1,volume_baseline,108,116,0,0.5544647772181744
2h_exclude1_shift-1,2,True,-1,volume_baseline,108,118,0,0.09037868262957334
2h_exclude1_shift-1,2,True,-1,plus_composition,108,108,1,1.1260709179167943
2h_exclude1_shift-1,2,True,-1,plus_composition,108,110,0,0.951040107214302
2h_exclude1_shift-1,2,True,-1,plus_composition,108,112,1,0.4470954078859819
2h_exclude1_shift-1,2,True,-1,plus_composition,108,114,0,0.591387754558442
2h_exclude1_shift-1,2,True,-1,plus_composition,108,116,0,0.3724069289268354
2h_exclude1_shift-1,2,True,-1,plus_composition,108,118,0,0.02713171076222809
2h_exclude1_shift-1,2,True,-1,persistence,108,108,1,0.0
2h_exclude1_shift-1,2,True,-1,persistence,108,110,0,1.0
2h_exclude1_shift-1,2,True,-1,persistence,108,112,1,0.0
2h_exclude1_shift-1,2,True,-1,persistence,108,114,0,1.0
2h_exclude1_shift-1,2,True,-1,persistence,108,116,0,0.0
2h_exclude1_shift-1,2,True,-1,persistence,108,118,0,0.0
2h_exclude1_shift-1,2,True,-1,training_mean,108,108,1,12.830188679245284
2h_exclude1_shift-1,2,True,-1,training_mean,108,110,0,12.830188679245284
2h_exclude1_shift-1,2,True,-1,training_mean,108,112,1,12.830188679245284
2h_exclude1_shift-1,2,True,-1,training_mean,108,114,0,12.830188679245284
2h_exclude1_shift-1,2,True,-1,training_mean,108,116,0,12.830188679245284
2h_exclude1_shift-1,2,True,-1,training_mean,108,118,0,12.830188679245284
2h_exclude1_shift-1,2,True,-1,volume_baseline,120,120,2,1.1867125984131566
2h_exclude1_shift-1,2,True,-1,volume_baseline,120,122,0,3.0550910166689507
2h_exclude1_shift-1,2,True,-1,volume_baseline,120,124,0,2.2086265319849985
2h_exclude1_shift-1,2,True,-1,volume_baseline,120,126,0,2.757110682069351
2h_exclude1_shift-1,2,True,-1,volume_baseline,120,128,0,2.0948465844759547
2h_exclude1_shift-1,2,True,-1,volume_baseline,120,130,0,1.491122722323117
2h_exclude1_shift-1,2,True,-1,plus_composition,120,120,2,0.8530126747257015
2h_exclude1_shift-1,2,True,-1,plus_composition,120,122,0,1.8752004661235182
2h_exclude1_shift-1,2,True,-1,plus_composition,120,124,0,1.5399761616042247
2h_exclude1_shift-1,2,True,-1,plus_composition,120,126,0,1.7074713125427345
2h_exclude1_shift-1,2,True,-1,plus_composition,120,128,0,1.1780755927183817
2h_exclude1_shift-1,2,True,-1,plus_composition,120,130,0,0.7047735469861103
2h_exclude1_shift-1,2,True,-1,persistence,120,120,2,0.0
2h_exclude1_shift-1,2,True,-1,persistence,120,122,0,2.0
2h_exclude1_shift-1,2,True,-1,persistence,120,124,0,0.0
2h_exclude1_shift-1,2,True,-1,persistence,120,126,0,0.0
2h_exclude1_shift-1,2,True,-1,persistence,120,128,0,0.0
2h_exclude1_shift-1,2,True,-1,persistence,120,130,0,0.0
2h_exclude1_shift-1,2,True,-1,training_mean,120,120,2,11.559322033898304
2h_exclude1_shift-1,2,True,-1,training_mean,120,122,0,11.559322033898304
2h_exclude1_shift-1,2,True,-1,training_mean,120,124,0,11.559322033898304
2h_exclude1_shift-1,2,True,-1,training_mean,120,126,0,11.559322033898304
2h_exclude1_shift-1,2,True,-1,training_mean,120,128,0,11.559322033898304
2h_exclude1_shift-1,2,True,-1,training_mean,120,130,0,11.559322033898304
2h_exclude1_shift-1,2,True,-1,volume_baseline,132,132,0,0.579958348027017
2h_exclude1_shift-1,2,True,-1,volume_baseline,132,134,0,0.43022734790909334
2h_exclude1_shift-1,2,True,-1,volume_baseline,132,136,0,0.06590869433976695
2h_exclude1_shift-1,2,True,-1,volume_baseline,132,138,0,0.005295603518149658
2h_exclude1_shift-1,2,True,-1,volume_baseline,132,140,0,0.005954708626818276
2h_exclude1_shift-1,2,True,-1,volume_baseline,132,142,0,0.007986265378987873
2h_exclude1_shift-1,2,True,-1,plus_composition,132,132,0,0.19057468655075857
2h_exclude1_shift-1,2,True,-1,plus_composition,132,134,0,0.14449530272761396
2h_exclude1_shift-1,2,True,-1,plus_composition,132,136,0,0.018849753483476676
2h_exclude1_shift-1,2,True,-1,plus_composition,132,138,0,0.0007450111160839728
2h_exclude1_shift-1,2,True,-1,plus_composition,132,140,0,0.0008665327972274054
2h_exclude1_shift-1,2,True,-1,plus_composition,132,142,0,0.001285635450811074
2h_exclude1_shift-1,2,True,-1,persistence,132,132,0,0.0
2h_exclude1_shift-1,2,True,-1,persistence,132,134,0,0.0
2h_exclude1_shift-1,2,True,-1,persistence,132,136,0,0.0
2h_exclude1_shift-1,2,True,-1,persistence,132,138,0,0.0
2h_exclude1_shift-1,2,True,-1,persistence,132,140,0,0.0
2h_exclude1_shift-1,2,True,-1,persistence,132,142,0,0.0
2h_exclude1_shift-1,2,True,-1,training_mean,132,132,0,10.523076923076923
2h_exclude1_shift-1,2,True,-1,training_mean,132,134,0,10.523076923076923
2h_exclude1_shift-1,2,True,-1,training_mean,132,136,0,10.523076923076923
2h_exclude1_shift-1,2,True,-1,training_mean,132,138,0,10.523076923076923
2h_exclude1_shift-1,2,True,-1,training_mean,132,140,0,10.523076923076923
2h_exclude1_shift-1,2,True,-1,training_mean,132,142,0,10.523076923076923
2h_exclude1_shift0,2,True,0,volume_baseline,48,48,2,7.619362079650207
2h_exclude1_shift0,2,True,0,volume_baseline,48,50,0,22.49887769692574
2h_exclude1_shift0,2,True,0,volume_baseline,48,52,1,93.26162209033437
2h_exclude1_shift0,2,True,0,volume_baseline,48,54,2,338.1847122924883
2h_exclude1_shift0,2,True,0,volume_baseline,48,56,2,927.8404752294431
2h_exclude1_shift0,2,True,0,volume_baseline,48,58,7,1691.9441113488017
2h_exclude1_shift0,2,True,0,plus_composition,48,48,2,2.1603078010409456
2h_exclude1_shift0,2,True,0,plus_composition,48,50,0,1.9848722729916808
2h_exclude1_shift0,2,True,0,plus_composition,48,52,1,17.33675209743276
2h_exclude1_shift0,2,True,0,plus_composition,48,54,2,127.27742570549789
2h_exclude1_shift0,2,True,0,plus_composition,48,56,2,497.3137408099465
2h_exclude1_shift0,2,True,0,plus_composition,48,58,7,1768.6138302104664
2h_exclude1_shift0,2,True,0,persistence,48,48,2,3.0
2h_exclude1_shift0,2,True,0,persistence,48,50,0,2.0
2h_exclude1_shift0,2,True,0,persistence,48,52,1,0.0
2h_exclude1_shift0,2,True,0,persistence,48,54,2,1.0
2h_exclude1_shift0,2,True,0,persistence,48,56,2,2.0
2h_exclude1_shift0,2,True,0,persistence,48,58,7,2.0
2h_exclude1_shift0,2,True,0,training_mean,48,48,2,4.260869565217392
2h_exclude1_shift0,2,True,0,training_mean,48,50,0,4.260869565217392
2h_exclude1_shift0,2,True,0,training_mean,48,52,1,4.260869565217392
2h_exclude1_shift0,2,True,0,training_mean,48,54,2,4.260869565217392
2h_exclude1_shift0,2,True,0,training_mean,48,56,2,4.260869565217392
2h_exclude1_shift0,2,True,0,training_mean,48,58,7,4.260869565217392
2h_exclude1_shift0,2,True,0,volume_baseline,60,60,1,6.995587070813924
2h_exclude1_shift0,2,True,0,volume_baseline,60,62,1,2.4199314325644
2h_exclude1_shift0,2,True,0,volume_baseline,60,64,0,1.1687212183784332
2h_exclude1_shift0,2,True,0,volume_baseline,60,66,2,0.41153711883196975
2h_exclude1_shift0,2,True,0,volume_baseline,60,68,0,0.1979903530914825
2h_exclude1_shift0,2,True,0,volume_baseline,60,70,0,0.003648653879695981
2h_exclude1_shift0,2,True,0,plus_composition,60,60,1,4.9417922022951135
2h_exclude1_shift0,2,True,0,plus_composition,60,62,1,5.163919685891296
2h_exclude1_shift0,2,True,0,plus_composition,60,64,0,2.507252034474197
2h_exclude1_shift0,2,True,0,plus_composition,60,66,2,0.16076401697637166
2h_exclude1_shift0,2,True,0,plus_composition,60,68,0,0.16001743069941685
2h_exclude1_shift0,2,True,0,plus_composition,60,70,0,0.014606182862093538
2h_exclude1_shift0,2,True,0,persistence,60,60,1,7.0
2h_exclude1_shift0,2,True,0,persistence,60,62,1,1.0
2h_exclude1_shift0,2,True,0,persistence,60,64,0,1.0
2h_exclude1_shift0,2,True,0,persistence,60,66,2,0.0
2h_exclude1_shift0,2,True,0,persistence,60,68,0,2.0
2h_exclude1_shift0,2,True,0,persistence,60,70,0,0.0
2h_exclude1_shift0,2,True,0,training_mean,60,60,1,3.8620689655172415
2h_exclude1_shift0,2,True,0,training_mean,60,62,1,3.8620689655172415
2h_exclude1_shift0,2,True,0,training_mean,60,64,0,3.8620689655172415
2h_exclude1_shift0,2,True,0,training_mean,60,66,2,3.8620689655172415
2h_exclude1_shift0,2,True,0,training_mean,60,68,0,3.8620689655172415
2h_exclude1_shift0,2,True,0,training_mean,60,70,0,3.8620689655172415
2h_exclude1_shift0,2,True,0,volume_baseline,72,72,1,0.11076685621144976
2h_exclude1_shift0,2,True,0,volume_baseline,72,74,4,0.1722286963474547
2h_exclude1_shift0,2,True,0,volume_baseline,72,76,9,0.5201375845890783
2h_exclude1_shift0,2,True,0,volume_baseline,72,78,112,1.1578598594748775
2h_exclude1_shift0,2,True,0,volume_baseline,72,80,146,2.833448809111074
2h_exclude1_shift0,2,True,0,volume_baseline,72,82,101,3.4127525026045866
2h_exclude1_shift0,2,True,0,plus_composition,72,72,1,0.1251050318372939
2h_exclude1_shift0,2,True,0,plus_composition,72,74,4,0.12615880042791522
2h_exclude1_shift0,2,True,0,plus_composition,72,76,9,0.5147605645293148
2h_exclude1_shift0,2,True,0,plus_composition,72,78,112,1.346940817869148
2h_exclude1_shift0,2,True,0,plus_composition,72,80,146,1.657094405246018
2h_exclude1_shift0,2,True,0,plus_composition,72,82,101,0.06747360544767222
2h_exclude1_shift0,2,True,0,persistence,72,72,1,0.0
2h_exclude1_shift0,2,True,0,persistence,72,74,4,1.0
2h_exclude1_shift0,2,True,0,persistence,72,76,9,4.0
2h_exclude1_shift0,2,True,0,persistence,72,78,112,9.0
2h_exclude1_shift0,2,True,0,persistence,72,80,146,112.0
2h_exclude1_shift0,2,True,0,persistence,72,82,101,146.0
2h_exclude1_shift0,2,True,0,training_mean,72,72,1,3.3142857142857145
2h_exclude1_shift0,2,True,0,training_mean,72,74,4,3.3142857142857145
2h_exclude1_shift0,2,True,0,training_mean,72,76,9,3.3142857142857145
2h_exclude1_shift0,2,True,0,training_mean,72,78,112,3.3142857142857145
2h_exclude1_shift0,2,True,0,training_mean,72,80,146,3.3142857142857145
2h_exclude1_shift0,2,True,0,training_mean,72,82,101,3.3142857142857145
2h_exclude1_shift0,2,True,0,volume_baseline,84,84,58,60.1558159637282
2h_exclude1_shift0,2,True,0,volume_baseline,84,86,34,22.187322998428314
2h_exclude1_shift0,2,True,0,volume_baseline,84,88,29,9.280838216698534
2h_exclude1_shift0,2,True,0,volume_baseline,84,90,27,6.885566792581183
2h_exclude1_shift0,2,True,0,volume_baseline,84,92,14,6.74393995271337
2h_exclude1_shift0,2,True,0,volume_baseline,84,94,13,7.810835488947885
2h_exclude1_shift0,2,True,0,plus_composition,84,84,58,43.27811012237518
2h_exclude1_shift0,2,True,0,plus_composition,84,86,34,0.38247205457429734
2h_exclude1_shift0,2,True,0,plus_composition,84,88,29,0.0036907804887594113
2h_exclude1_shift0,2,True,0,plus_composition,84,90,27,0.015014432337127143
2h_exclude1_shift0,2,True,0,plus_composition,84,92,14,0.04003594075232411
2h_exclude1_shift0,2,True,0,plus_composition,84,94,13,0.02532002834810284
2h_exclude1_shift0,2,True,0,persistence,84,84,58,101.0
2h_exclude1_shift0,2,True,0,persistence,84,86,34,58.0
2h_exclude1_shift0,2,True,0,persistence,84,88,29,34.0
2h_exclude1_shift0,2,True,0,persistence,84,90,27,29.0
2h_exclude1_shift0,2,True,0,persistence,84,92,14,27.0
2h_exclude1_shift0,2,True,0,persistence,84,94,13,14.0
2h_exclude1_shift0,2,True,0,training_mean,84,84,58,11.926829268292684
2h_exclude1_shift0,2,True,0,training_mean,84,86,34,11.926829268292684
2h_exclude1_shift0,2,True,0,training_mean,84,88,29,11.926829268292684
2h_exclude1_shift0,2,True,0,training_mean,84,90,27,11.926829268292684
2h_exclude1_shift0,2,True,0,training_mean,84,92,14,11.926829268292684
2h_exclude1_shift0,2,True,0,training_mean,84,94,13,11.926829268292684
2h_exclude1_shift0,2,True,0,volume_baseline,96,96,6,22.97477284297091
2h_exclude1_shift0,2,True,0,volume_baseline,96,98,1,25.832653077961247
2h_exclude1_shift0,2,True,0,volume_baseline,96,100,5,11.673768077990003
2h_exclude1_shift0,2,True,0,volume_baseline,96,102,4,25.39427447719757
2h_exclude1_shift0,2,True,0,volume_baseline,96,104,0,24.180647450300803
2h_exclude1_shift0,2,True,0,volume_baseline,96,106,0,7.383373451084793
2h_exclude1_shift0,2,True,0,plus_composition,96,96,6,26.45092420263868
2h_exclude1_shift0,2,True,0,plus_composition,96,98,1,34.48563981796941
2h_exclude1_shift0,2,True,0,plus_composition,96,100,5,21.845783218963003
2h_exclude1_shift0,2,True,0,plus_composition,96,102,4,109.75137735473068
2h_exclude1_shift0,2,True,0,plus_composition,96,104,0,89.91071805736406
2h_exclude1_shift0,2,True,0,plus_composition,96,106,0,33.49003571397797
2h_exclude1_shift0,2,True,0,persistence,96,96,6,13.0
2h_exclude1_shift0,2,True,0,persistence,96,98,1,6.0
2h_exclude1_shift0,2,True,0,persistence,96,100,5,1.0
2h_exclude1_shift0,2,True,0,persistence,96,102,4,5.0
2h_exclude1_shift0,2,True,0,persistence,96,104,0,4.0
2h_exclude1_shift0,2,True,0,persistence,96,106,0,0.0
2h_exclude1_shift0,2,True,0,training_mean,96,96,6,14.127659574468085
2h_exclude1_shift0,2,True,0,training_mean,96,98,1,14.127659574468085
2h_exclude1_shift0,2,True,0,training_mean,96,100,5,14.127659574468085
2h_exclude1_shift0,2,True,0,training_mean,96,102,4,14.127659574468085
2h_exclude1_shift0,2,True,0,training_mean,96,104,0,14.127659574468085
2h_exclude1_shift0,2,True,0,training_mean,96,106,0,14.127659574468085
2h_exclude1_shift0,2,True,0,volume_baseline,108,108,0,1.297280096703711
2h_exclude1_shift0,2,True,0,volume_baseline,108,110,1,0.7417832722370713
2h_exclude1_shift0,2,True,0,volume_baseline,108,112,1,0.6794170031916316
2h_exclude1_shift0,2,True,0,volume_baseline,108,114,0,0.500460816421873
2h_exclude1_shift0,2,True,0,volume_baseline,108,116,0,0.29117488433585836
2h_exclude1_shift0,2,True,0,volume_baseline,108,118,0,0.008898647281185527
2h_exclude1_shift0,2,True,0,plus_composition,108,108,0,1.1026082972084965
2h_exclude1_shift0,2,True,0,plus_composition,108,110,1,0.5707267532344366
2h_exclude1_shift0,2,True,0,plus_composition,108,112,1,0.47092652305217225
2h_exclude1_shift0,2,True,0,plus_composition,108,114,0,0.30713274349362263
2h_exclude1_shift0,2,True,0,plus_composition,108,116,0,0.16663482686439585
2h_exclude1_shift0,2,True,0,plus_composition,108,118,0,0.0021088161984341314
2h_exclude1_shift0,2,True,0,persistence,108,108,0,0.0
2h_exclude1_shift0,2,True,0,persistence,108,110,1,0.0
2h_exclude1_shift0,2,True,0,persistence,108,112,1,1.0
2h_exclude1_shift0,2,True,0,persistence,108,114,0,1.0
2h_exclude1_shift0,2,True,0,persistence,108,116,0,0.0
2h_exclude1_shift0,2,True,0,persistence,108,118,0,0.0
2h_exclude1_shift0,2,True,0,training_mean,108,108,0,12.830188679245284
2h_exclude1_shift0,2,True,0,training_mean,108,110,1,12.830188679245284
2h_exclude1_shift0,2,True,0,training_mean,108,112,1,12.830188679245284
2h_exclude1_shift0,2,True,0,training_mean,108,114,0,12.830188679245284
2h_exclude1_shift0,2,True,0,training_mean,108,116,0,12.830188679245284
2h_exclude1_shift0,2,True,0,training_mean,108,118,0,12.830188679245284
2h_exclude1_shift0,2,True,0,volume_baseline,120,120,1,0.6262834798858228
2h_exclude1_shift0,2,True,0,volume_baseline,120,122,1,1.1358308000935262
2h_exclude1_shift0,2,True,0,volume_baseline,120,124,0,1.9913331434029198
2h_exclude1_shift0,2,True,0,volume_baseline,120,126,0,2.228348323794473
2h_exclude1_shift0,2,True,0,volume_baseline,120,128,0,1.8061335110145877
2h_exclude1_shift0,2,True,0,volume_baseline,120,130,0,1.4124914362405672
2h_exclude1_shift0,2,True,0,plus_composition,120,120,1,0.3771835709002809
2h_exclude1_shift0,2,True,0,plus_composition,120,122,1,0.6454003985081094
2h_exclude1_shift0,2,True,0,plus_composition,120,124,0,1.1878206250630206
2h_exclude1_shift0,2,True,0,plus_composition,120,126,0,1.3495524547320386
2h_exclude1_shift0,2,True,0,plus_composition,120,128,0,1.0098169786097086
2h_exclude1_shift0,2,True,0,plus_composition,120,130,0,0.7346227865166499
2h_exclude1_shift0,2,True,0,persistence,120,120,1,0.0
2h_exclude1_shift0,2,True,0,persistence,120,122,1,1.0
2h_exclude1_shift0,2,True,0,persistence,120,124,0,1.0
2h_exclude1_shift0,2,True,0,persistence,120,126,0,0.0
2h_exclude1_shift0,2,True,0,persistence,120,128,0,0.0
2h_exclude1_shift0,2,True,0,persistence,120,130,0,0.0
2h_exclude1_shift0,2,True,0,training_mean,120,120,1,11.559322033898304
2h_exclude1_shift0,2,True,0,training_mean,120,122,1,11.559322033898304
2h_exclude1_shift0,2,True,0,training_mean,120,124,0,11.559322033898304
2h_exclude1_shift0,2,True,0,training_mean,120,126,0,11.559322033898304
2h_exclude1_shift0,2,True,0,training_mean,120,128,0,11.559322033898304
2h_exclude1_shift0,2,True,0,training_mean,120,130,0,11.559322033898304
2h_exclude1_shift0,2,True,0,volume_baseline,132,132,0,0.5523608059681203
2h_exclude1_shift0,2,True,0,volume_baseline,132,134,0,0.40909924305794976
2h_exclude1_shift0,2,True,0,volume_baseline,132,136,0,0.020426146327211837
2h_exclude1_shift0,2,True,0,volume_baseline,132,138,0,0.000308051147484593
2h_exclude1_shift0,2,True,0,volume_baseline,132,140,0,0.0002934581779275348
2h_exclude1_shift0,2,True,0,volume_baseline,132,142,0,0.00035243767475347953
2h_exclude1_shift0,2,True,0,plus_composition,132,132,0,0.2371513140973976
2h_exclude1_shift0,2,True,0,plus_composition,132,134,0,0.16269039626690965
2h_exclude1_shift0,2,True,0,plus_composition,132,136,0,0.005481364083230555
2h_exclude1_shift0,2,True,0,plus_composition,132,138,0,4.5594096075842334e-05
2h_exclude1_shift0,2,True,0,plus_composition,132,140,0,4.3021195929605304e-05
2h_exclude1_shift0,2,True,0,plus_composition,132,142,0,5.418349234435079e-05
2h_exclude1_shift0,2,True,0,persistence,132,132,0,0.0
2h_exclude1_shift0,2,True,0,persistence,132,134,0,0.0
2h_exclude1_shift0,2,True,0,persistence,132,136,0,0.0
2h_exclude1_shift0,2,True,0,persistence,132,138,0,0.0
2h_exclude1_shift0,2,True,0,persistence,132,140,0,0.0
2h_exclude1_shift0,2,True,0,persistence,132,142,0,0.0
2h_exclude1_shift0,2,True,0,training_mean,132,132,0,10.523076923076923
2h_exclude1_shift0,2,True,0,training_mean,132,134,0,10.523076923076923
2h_exclude1_shift0,2,True,0,training_mean,132,136,0,10.523076923076923
2h_exclude1_shift0,2,True,0,training_mean,132,138,0,10.523076923076923
2h_exclude1_shift0,2,True,0,training_mean,132,140,0,10.523076923076923
2h_exclude1_shift0,2,True,0,training_mean,132,142,0,10.523076923076923
2h_exclude1_shift1,2,True,1,volume_baseline,48,48,3,5.808388124416684
2h_exclude1_shift1,2,True,1,volume_baseline,48,50,0,13.8493736654533
2h_exclude1_shift1,2,True,1,volume_baseline,48,52,0,51.494539813473004
2h_exclude1_shift1,2,True,1,volume_baseline,48,54,3,199.13436335127267
2h_exclude1_shift1,2,True,1,volume_baseline,48,56,1,575.9593430203793
2h_exclude1_shift1,2,True,1,volume_baseline,48,58,5,1334.8959615883293
2h_exclude1_shift1,2,True,1,plus_composition,48,48,3,3.637910407704448
2h_exclude1_shift1,2,True,1,plus_composition,48,50,0,7.30277258529468
2h_exclude1_shift1,2,True,1,plus_composition,48,52,0,15.103785642456595
2h_exclude1_shift1,2,True,1,plus_composition,48,54,3,80.6276044384208
2h_exclude1_shift1,2,True,1,plus_composition,48,56,1,517.7331476258794
2h_exclude1_shift1,2,True,1,plus_composition,48,58,5,799.5557952691928
2h_exclude1_shift1,2,True,1,persistence,48,48,3,4.0
2h_exclude1_shift1,2,True,1,persistence,48,50,0,3.0
2h_exclude1_shift1,2,True,1,persistence,48,52,0,0.0
2h_exclude1_shift1,2,True,1,persistence,48,54,3,0.0
2h_exclude1_shift1,2,True,1,persistence,48,56,1,3.0
2h_exclude1_shift1,2,True,1,persistence,48,58,5,1.0
2h_exclude1_shift1,2,True,1,training_mean,48,48,3,4.217391304347826
2h_exclude1_shift1,2,True,1,training_mean,48,50,0,4.217391304347826
2h_exclude1_shift1,2,True,1,training_mean,48,52,0,4.217391304347826
2h_exclude1_shift1,2,True,1,training_mean,48,54,3,4.217391304347826
2h_exclude1_shift1,2,True,1,training_mean,48,56,1,4.217391304347826
2h_exclude1_shift1,2,True,1,training_mean,48,58,5,4.217391304347826
2h_exclude1_shift1,2,True,1,volume_baseline,60,60,4,7.149034993193814
2h_exclude1_shift1,2,True,1,volume_baseline,60,62,1,3.415888366435776
2h_exclude1_shift1,2,True,1,volume_baseline,60,64,0,1.6517591271646725
2h_exclude1_shift1,2,True,1,volume_baseline,60,66,2,0.6046967743456942
2h_exclude1_shift1,2,True,1,volume_baseline,60,68,0,0.260251551685784
2h_exclude1_shift1,2,True,1,volume_baseline,60,70,0,0.00328230103071272
2h_exclude1_shift1,2,True,1,plus_composition,60,60,4,22.315628203047133
2h_exclude1_shift1,2,True,1,plus_composition,60,62,1,13.83388363688187
2h_exclude1_shift1,2,True,1,plus_composition,60,64,0,3.1575919094045615
2h_exclude1_shift1,2,True,1,plus_composition,60,66,2,0.6337108185181021
2h_exclude1_shift1,2,True,1,plus_composition,60,68,0,0.2177648134856208
2h_exclude1_shift1,2,True,1,plus_composition,60,70,0,0.002025605478767843
2h_exclude1_shift1,2,True,1,persistence,60,60,4,5.0
2h_exclude1_shift1,2,True,1,persistence,60,62,1,4.0
2h_exclude1_shift1,2,True,1,persistence,60,64,0,1.0
2h_exclude1_shift1,2,True,1,persistence,60,66,2,0.0
2h_exclude1_shift1,2,True,1,persistence,60,68,0,2.0
2h_exclude1_shift1,2,True,1,persistence,60,70,0,0.0
2h_exclude1_shift1,2,True,1,training_mean,60,60,4,3.7586206896551726
2h_exclude1_shift1,2,True,1,training_mean,60,62,1,3.7586206896551726
2h_exclude1_shift1,2,True,1,training_mean,60,64,0,3.7586206896551726
2h_exclude1_shift1,2,True,1,training_mean,60,66,2,3.7586206896551726
2h_exclude1_shift1,2,True,1,training_mean,60,68,0,3.7586206896551726
2h_exclude1_shift1,2,True,1,training_mean,60,70,0,3.7586206896551726
2h_exclude1_shift1,2,True,1,volume_baseline,72,72,1,0.11573434889985594
2h_exclude1_shift1,2,True,1,volume_baseline,72,74,2,0.15418096805964143
2h_exclude1_shift1,2,True,1,volume_baseline,72,76,3,0.4084650884776699
2h_exclude1_shift1,2,True,1,volume_baseline,72,78,46,0.8564784278695697
2h_exclude1_shift1,2,True,1,volume_baseline,72,80,174,2.14674482160654
2h_exclude1_shift1,2,True,1,volume_baseline,72,82,83,3.3664197113066945
2h_exclude1_shift1,2,True,1,plus_composition,72,72,1,0.0465506716592414
2h_exclude1_shift1,2,True,1,plus_composition,72,74,2,0.0604783219282117
2h_exclude1_shift1,2,True,1,plus_composition,72,76,3,0.20163254342426415
2h_exclude1_shift1,2,True,1,plus_composition,72,78,46,0.46936357270710305
2h_exclude1_shift1,2,True,1,plus_composition,72,80,174,2.0757968640108686
2h_exclude1_shift1,2,True,1,plus_composition,72,82,83,1.4279233284886073
2h_exclude1_shift1,2,True,1,persistence,72,72,1,0.0
2h_exclude1_shift1,2,True,1,persistence,72,74,2,1.0
2h_exclude1_shift1,2,True,1,persistence,72,76,3,2.0
2h_exclude1_shift1,2,True,1,persistence,72,78,46,3.0
2h_exclude1_shift1,2,True,1,persistence,72,80,174,46.0
2h_exclude1_shift1,2,True,1,persistence,72,82,83,174.0
2h_exclude1_shift1,2,True,1,training_mean,72,72,1,3.3142857142857145
2h_exclude1_shift1,2,True,1,training_mean,72,74,2,3.3142857142857145
2h_exclude1_shift1,2,True,1,training_mean,72,76,3,3.3142857142857145
2h_exclude1_shift1,2,True,1,training_mean,72,78,46,3.3142857142857145
2h_exclude1_shift1,2,True,1,training_mean,72,80,174,3.3142857142857145
2h_exclude1_shift1,2,True,1,training_mean,72,82,83,3.3142857142857145
2h_exclude1_shift1,2,True,1,volume_baseline,84,84,96,60.60230003048071
2h_exclude1_shift1,2,True,1,volume_baseline,84,86,45,26.78241419507815
2h_exclude1_shift1,2,True,1,volume_baseline,84,88,24,8.335560512344863
2h_exclude1_shift1,2,True,1,volume_baseline,84,90,35,4.527030706539987
2h_exclude1_shift1,2,True,1,volume_baseline,84,92,22,4.498574963356905
2h_exclude1_shift1,2,True,1,volume_baseline,84,94,9,5.612793097722118
2h_exclude1_shift1,2,True,1,plus_composition,84,84,96,50.24837107309017
2h_exclude1_shift1,2,True,1,plus_composition,84,86,45,0.011692821584565262
2h_exclude1_shift1,2,True,1,plus_composition,84,88,24,1.785802326260263e-06
2h_exclude1_shift1,2,True,1,plus_composition,84,90,35,3.6215304042820446e-05
2h_exclude1_shift1,2,True,1,plus_composition,84,92,22,0.0003631098131897823
2h_exclude1_shift1,2,True,1,plus_composition,84,94,9,7.809968268189719e-05
2h_exclude1_shift1,2,True,1,persistence,84,84,96,83.0
2h_exclude1_shift1,2,True,1,persistence,84,86,45,96.0
2h_exclude1_shift1,2,True,1,persistence,84,88,24,45.0
2h_exclude1_shift1,2,True,1,persistence,84,90,35,24.0
2h_exclude1_shift1,2,True,1,persistence,84,92,22,35.0
2h_exclude1_shift1,2,True,1,persistence,84,94,9,22.0
2h_exclude1_shift1,2,True,1,training_mean,84,84,96,10.365853658536585
2h_exclude1_shift1,2,True,1,training_mean,84,86,45,10.365853658536585
2h_exclude1_shift1,2,True,1,training_mean,84,88,24,10.365853658536585
2h_exclude1_shift1,2,True,1,training_mean,84,90,35,10.365853658536585
2h_exclude1_shift1,2,True,1,training_mean,84,92,22,10.365853658536585
2h_exclude1_shift1,2,True,1,training_mean,84,94,9,10.365853658536585
2h_exclude1_shift1,2,True,1,volume_baseline,96,96,11,14.834076714383105
2h_exclude1_shift1,2,True,1,volume_baseline,96,98,4,22.09060521097946
2h_exclude1_shift1,2,True,1,volume_baseline,96,100,1,6.89315633110088
2h_exclude1_shift1,2,True,1,volume_baseline,96,102,6,7.632507364576655
2h_exclude1_shift1,2,True,1,volume_baseline,96,104,2,15.631167798579444
2h_exclude1_shift1,2,True,1,volume_baseline,96,106,0,7.163262855253095
2h_exclude1_shift1,2,True,1,plus_composition,96,96,11,16.062864914069355
2h_exclude1_shift1,2,True,1,plus_composition,96,98,4,23.71035792912367
2h_exclude1_shift1,2,True,1,plus_composition,96,100,1,8.371321365241963
2h_exclude1_shift1,2,True,1,plus_composition,96,102,6,11.177076222521926
2h_exclude1_shift1,2,True,1,plus_composition,96,104,2,20.475004146675815
2h_exclude1_shift1,2,True,1,plus_composition,96,106,0,10.606394126146087
2h_exclude1_shift1,2,True,1,persistence,96,96,11,9.0
2h_exclude1_shift1,2,True,1,persistence,96,98,4,11.0
2h_exclude1_shift1,2,True,1,persistence,96,100,1,4.0
2h_exclude1_shift1,2,True,1,persistence,96,102,6,1.0
2h_exclude1_shift1,2,True,1,persistence,96,104,2,6.0
2h_exclude1_shift1,2,True,1,persistence,96,106,0,2.0
2h_exclude1_shift1,2,True,1,training_mean,96,96,11,13.957446808510639
2h_exclude1_shift1,2,True,1,training_mean,96,98,4,13.957446808510639
2h_exclude1_shift1,2,True,1,training_mean,96,100,1,13.957446808510639
2h_exclude1_shift1,2,True,1,training_mean,96,102,6,13.957446808510639
2h_exclude1_shift1,2,True,1,training_mean,96,104,2,13.957446808510639
2h_exclude1_shift1,2,True,1,training_mean,96,106,0,13.957446808510639
2h_exclude1_shift1,2,True,1,volume_baseline,108,108,0,1.6312405034428223
2h_exclude1_shift1,2,True,1,volume_baseline,108,110,1,0.8993826363440309
2h_exclude1_shift1,2,True,1,volume_baseline,108,112,0,0.6366994250850629
2h_exclude1_shift1,2,True,1,volume_baseline,108,114,1,0.2942554887994592
2h_exclude1_shift1,2,True,1,volume_baseline,108,116,0,0.22792274350192793
2h_exclude1_shift1,2,True,1,volume_baseline,108,118,0,0.0003393632158622132
2h_exclude1_shift1,2,True,1,plus_composition,108,108,0,1.4978045660085009
2h_exclude1_shift1,2,True,1,plus_composition,108,110,1,0.8468612074013698
2h_exclude1_shift1,2,True,1,plus_composition,108,112,0,0.5916406124385293
2h_exclude1_shift1,2,True,1,plus_composition,108,114,1,0.2666972349369452
2h_exclude1_shift1,2,True,1,plus_composition,108,116,0,0.2138967729864577
2h_exclude1_shift1,2,True,1,plus_composition,108,118,0,0.0003678905320497394
2h_exclude1_shift1,2,True,1,persistence,108,108,0,0.0
2h_exclude1_shift1,2,True,1,persistence,108,110,1,0.0
2h_exclude1_shift1,2,True,1,persistence,108,112,0,1.0
2h_exclude1_shift1,2,True,1,persistence,108,114,1,0.0
2h_exclude1_shift1,2,True,1,persistence,108,116,0,1.0
2h_exclude1_shift1,2,True,1,persistence,108,118,0,0.0
2h_exclude1_shift1,2,True,1,training_mean,108,108,0,12.830188679245284
2h_exclude1_shift1,2,True,1,training_mean,108,110,1,12.830188679245284
2h_exclude1_shift1,2,True,1,training_mean,108,112,0,12.830188679245284
2h_exclude1_shift1,2,True,1,training_mean,108,114,1,12.830188679245284
2h_exclude1_shift1,2,True,1,training_mean,108,116,0,12.830188679245284
2h_exclude1_shift1,2,True,1,training_mean,108,118,0,12.830188679245284
2h_exclude1_shift1,2,True,1,volume_baseline,120,120,0,0.31941866512649014
2h_exclude1_shift1,2,True,1,volume_baseline,120,122,2,0.3330611383014977
2h_exclude1_shift1,2,True,1,volume_baseline,120,124,0,1.0657925534059722
2h_exclude1_shift1,2,True,1,volume_baseline,120,126,0,1.707688852230972
2h_exclude1_shift1,2,True,1,volume_baseline,120,128,0,1.5152799029257566
2h_exclude1_shift1,2,True,1,volume_baseline,120,130,0,1.4564224481268746
2h_exclude1_shift1,2,True,1,plus_composition,120,120,0,0.2871240151308908
2h_exclude1_shift1,2,True,1,plus_composition,120,122,2,0.3151883673608048
2h_exclude1_shift1,2,True,1,plus_composition,120,124,0,0.9728423626880931
2h_exclude1_shift1,2,True,1,plus_composition,120,126,0,1.5552703904862368
2h_exclude1_shift1,2,True,1,plus_composition,120,128,0,1.3679698844619586
2h_exclude1_shift1,2,True,1,plus_composition,120,130,0,1.341050123666921
2h_exclude1_shift1,2,True,1,persistence,120,120,0,0.0
2h_exclude1_shift1,2,True,1,persistence,120,122,2,0.0
2h_exclude1_shift1,2,True,1,persistence,120,124,0,2.0
2h_exclude1_shift1,2,True,1,persistence,120,126,0,0.0
2h_exclude1_shift1,2,True,1,persistence,120,128,0,0.0
2h_exclude1_shift1,2,True,1,persistence,120,130,0,0.0
2h_exclude1_shift1,2,True,1,training_mean,120,120,0,11.559322033898304
2h_exclude1_shift1,2,True,1,training_mean,120,122,2,11.559322033898304
2h_exclude1_shift1,2,True,1,training_mean,120,124,0,11.559322033898304
2h_exclude1_shift1,2,True,1,training_mean,120,126,0,11.559322033898304
2h_exclude1_shift1,2,True,1,training_mean,120,128,0,11.559322033898304
2h_exclude1_shift1,2,True,1,training_mean,120,130,0,11.559322033898304
2h_exclude1_shift1,2,True,1,volume_baseline,132,132,0,0.6335953048283245
2h_exclude1_shift1,2,True,1,volume_baseline,132,134,0,0.5351820394730757
2h_exclude1_shift1,2,True,1,volume_baseline,132,136,0,0.004862093374404299
2h_exclude1_shift1,2,True,1,volume_baseline,132,138,0,5.205013915077516e-06
2h_exclude1_shift1,2,True,1,volume_baseline,132,140,0,3.866154978753643e-06
2h_exclude1_shift1,2,True,1,volume_baseline,132,142,0,3.708659831741353e-06
2h_exclude1_shift1,2,True,1,plus_composition,132,132,0,0.5119832938127051
2h_exclude1_shift1,2,True,1,plus_composition,132,134,0,0.3956098161403298
2h_exclude1_shift1,2,True,1,plus_composition,132,136,0,0.003399991838795285
2h_exclude1_shift1,2,True,1,plus_composition,132,138,0,4.293284456568235e-06
2h_exclude1_shift1,2,True,1,plus_composition,132,140,0,3.187820331438951e-06
2h_exclude1_shift1,2,True,1,plus_composition,132,142,0,3.0847713556400685e-06
2h_exclude1_shift1,2,True,1,persistence,132,132,0,0.0
2h_exclude1_shift1,2,True,1,persistence,132,134,0,0.0
2h_exclude1_shift1,2,True,1,persistence,132,136,0,0.0
2h_exclude1_shift1,2,True,1,persistence,132,138,0,0.0
2h_exclude1_shift1,2,True,1,persistence,132,140,0,0.0
2h_exclude1_shift1,2,True,1,persistence,132,142,0,0.0
2h_exclude1_shift1,2,True,1,training_mean,132,132,0,10.523076923076923
2h_exclude1_shift1,2,True,1,training_mean,132,134,0,10.523076923076923
2h_exclude1_shift1,2,True,1,training_mean,132,136,0,10.523076923076923
2h_exclude1_shift1,2,True,1,training_mean,132,138,0,10.523076923076923
2h_exclude1_shift1,2,True,1,training_mean,132,140,0,10.523076923076923
2h_exclude1_shift1,2,True,1,training_mean,132,142,0,10.523076923076923
2h_exclude1_shift2,2,True,2,volume_baseline,48,48,3,4.95336247714319
2h_exclude1_shift2,2,True,2,volume_baseline,48,50,2,9.470450766335459
2h_exclude1_shift2,2,True,2,volume_baseline,48,52,0,27.485756502179786
2h_exclude1_shift2,2,True,2,volume_baseline,48,54,1,103.23659501759074
2h_exclude1_shift2,2,True,2,volume_baseline,48,56,2,327.0834528447105
2h_exclude1_shift2,2,True,2,volume_baseline,48,58,2,822.5740852924449
2h_exclude1_shift2,2,True,2,plus_composition,48,48,3,3.9270661231794817
2h_exclude1_shift2,2,True,2,plus_composition,48,50,2,5.766602305113127
2h_exclude1_shift2,2,True,2,plus_composition,48,52,0,18.34171486616804
2h_exclude1_shift2,2,True,2,plus_composition,48,54,1,77.44121177720278
2h_exclude1_shift2,2,True,2,plus_composition,48,56,2,250.93549350524657
2h_exclude1_shift2,2,True,2,plus_composition,48,58,2,686.5969999585166
2h_exclude1_shift2,2,True,2,persistence,48,48,3,6.0
2h_exclude1_shift2,2,True,2,persistence,48,50,2,3.0
2h_exclude1_shift2,2,True,2,persistence,48,52,0,2.0
2h_exclude1_shift2,2,True,2,persistence,48,54,1,0.0
2h_exclude1_shift2,2,True,2,persistence,48,56,2,1.0
2h_exclude1_shift2,2,True,2,persistence,48,58,2,2.0
2h_exclude1_shift2,2,True,2,training_mean,48,48,3,4.130434782608695
2h_exclude1_shift2,2,True,2,training_mean,48,50,2,4.130434782608695
2h_exclude1_shift2,2,True,2,training_mean,48,52,0,4.130434782608695
2h_exclude1_shift2,2,True,2,training_mean,48,54,1,4.130434782608695
2h_exclude1_shift2,2,True,2,training_mean,48,56,2,4.130434782608695
2h_exclude1_shift2,2,True,2,training_mean,48,58,2,4.130434782608695
2h_exclude1_shift2,2,True,2,volume_baseline,60,60,7,6.0075123596976105
2h_exclude1_shift2,2,True,2,volume_baseline,60,62,1,3.7961000655985426
2h_exclude1_shift2,2,True,2,volume_baseline,60,64,1,2.1394758585741
2h_exclude1_shift2,2,True,2,volume_baseline,60,66,0,0.941053852817964
2h_exclude1_shift2,2,True,2,volume_baseline,60,68,2,0.3345734891445939
2h_exclude1_shift2,2,True,2,volume_baseline,60,70,0,0.004116863251788845
2h_exclude1_shift2,2,True,2,plus_composition,60,60,7,2.387376132797072
2h_exclude1_shift2,2,True,2,plus_composition,60,62,1,1.582862879588724
2h_exclude1_shift2,2,True,2,plus_composition,60,64,1,2.345135199188361
2h_exclude1_shift2,2,True,2,plus_composition,60,66,0,0.48471789045628116
2h_exclude1_shift2,2,True,2,plus_composition,60,68,2,0.9277432089668705
2h_exclude1_shift2,2,True,2,plus_composition,60,70,0,0.018324226713042478
2h_exclude1_shift2,2,True,2,persistence,60,60,7,2.0
2h_exclude1_shift2,2,True,2,persistence,60,62,1,7.0
2h_exclude1_shift2,2,True,2,persistence,60,64,1,1.0
2h_exclude1_shift2,2,True,2,persistence,60,66,0,1.0
2h_exclude1_shift2,2,True,2,persistence,60,68,2,0.0
2h_exclude1_shift2,2,True,2,persistence,60,70,0,2.0
2h_exclude1_shift2,2,True,2,training_mean,60,60,7,3.6206896551724137
2h_exclude1_shift2,2,True,2,training_mean,60,62,1,3.6206896551724137
2h_exclude1_shift2,2,True,2,training_mean,60,64,1,3.6206896551724137
2h_exclude1_shift2,2,True,2,training_mean,60,66,0,3.6206896551724137
2h_exclude1_shift2,2,True,2,training_mean,60,68,2,3.6206896551724137
2h_exclude1_shift2,2,True,2,training_mean,60,70,0,3.6206896551724137
2h_exclude1_shift2,2,True,2,volume_baseline,72,72,0,0.17210206960535154
2h_exclude1_shift2,2,True,2,volume_baseline,72,74,1,0.17673750500784954
2h_exclude1_shift2,2,True,2,volume_baseline,72,76,4,0.4093207683678716
2h_exclude1_shift2,2,True,2,volume_baseline,72,78,9,0.8242058711767007
2h_exclude1_shift2,2,True,2,volume_baseline,72,80,112,1.6436438096034163
2h_exclude1_shift2,2,True,2,volume_baseline,72,82,146,2.9303844103720333
2h_exclude1_shift2,2,True,2,plus_composition,72,72,0,1.09116774814969
2h_exclude1_shift2,2,True,2,plus_composition,72,74,1,1.0546042155688333
2h_exclude1_shift2,2,True,2,plus_composition,72,76,4,1.7210135696046658
2h_exclude1_shift2,2,True,2,plus_composition,72,78,9,2.3306282560455
2h_exclude1_shift2,2,True,2,plus_composition,72,80,112,1.9433120782409732
2h_exclude1_shift2,2,True,2,plus_composition,72,82,146,0.5508051081732099
2h_exclude1_shift2,2,True,2,persistence,72,72,0,0.0
2h_exclude1_shift2,2,True,2,persistence,72,74,1,0.0
2h_exclude1_shift2,2,True,2,persistence,72,76,4,1.0
2h_exclude1_shift2,2,True,2,persistence,72,78,9,4.0
2h_exclude1_shift2,2,True,2,persistence,72,80,112,9.0
2h_exclude1_shift2,2,True,2,persistence,72,82,146,112.0
2h_exclude1_shift2,2,True,2,training_mean,72,72,0,3.3142857142857145
2h_exclude1_shift2,2,True,2,training_mean,72,74,1,3.3142857142857145
2h_exclude1_shift2,2,True,2,training_mean,72,76,4,3.3142857142857145
2h_exclude1_shift2,2,True,2,training_mean,72,78,9,3.3142857142857145
2h_exclude1_shift2,2,True,2,training_mean,72,80,112,3.3142857142857145
2h_exclude1_shift2,2,True,2,training_mean,72,82,146,3.3142857142857145
2h_exclude1_shift2,2,True,2,volume_baseline,84,84,101,175.92324656463722
2h_exclude1_shift2,2,True,2,volume_baseline,84,86,58,85.18099954017889
2h_exclude1_shift2,2,True,2,volume_baseline,84,88,34,33.21796166477075
2h_exclude1_shift2,2,True,2,volume_baseline,84,90,29,17.506322422027544
2h_exclude1_shift2,2,True,2,volume_baseline,84,92,27,10.097118221956645
2h_exclude1_shift2,2,True,2,volume_baseline,84,94,14,10.243628164787717
2h_exclude1_shift2,2,True,2,plus_composition,84,84,101,194.05618242400442
2h_exclude1_shift2,2,True,2,plus_composition,84,86,58,2.374159128456785
2h_exclude1_shift2,2,True,2,plus_composition,84,88,34,0.02523129750932123
2h_exclude1_shift2,2,True,2,plus_composition,84,90,29,0.07061872611112367
2h_exclude1_shift2,2,True,2,plus_composition,84,92,27,0.11438748954802512
2h_exclude1_shift2,2,True,2,plus_composition,84,94,14,0.060589743036190837
2h_exclude1_shift2,2,True,2,persistence,84,84,101,146.0
2h_exclude1_shift2,2,True,2,persistence,84,86,58,101.0
2h_exclude1_shift2,2,True,2,persistence,84,88,34,58.0
2h_exclude1_shift2,2,True,2,persistence,84,90,29,34.0
2h_exclude1_shift2,2,True,2,persistence,84,92,27,29.0
2h_exclude1_shift2,2,True,2,persistence,84,94,14,27.0
2h_exclude1_shift2,2,True,2,training_mean,84,84,101,9.463414634146341
2h_exclude1_shift2,2,True,2,training_mean,84,86,58,9.463414634146341
2h_exclude1_shift2,2,True,2,training_mean,84,88,34,9.463414634146341
2h_exclude1_shift2,2,True,2,training_mean,84,90,29,9.463414634146341
2h_exclude1_shift2,2,True,2,training_mean,84,92,27,9.463414634146341
2h_exclude1_shift2,2,True,2,training_mean,84,94,14,9.463414634146341
2h_exclude1_shift2,2,True,2,volume_baseline,96,96,13,13.87776522494519
2h_exclude1_shift2,2,True,2,volume_baseline,96,98,6,17.506685528710303
2h_exclude1_shift2,2,True,2,volume_baseline,96,100,1,5.1033781181930875
2h_exclude1_shift2,2,True,2,volume_baseline,96,102,5,5.423073170776438
2h_exclude1_shift2,2,True,2,volume_baseline,96,104,4,11.923010653884583
2h_exclude1_shift2,2,True,2,volume_baseline,96,106,0,7.605959780545886
2h_exclude1_shift2,2,True,2,plus_composition,96,96,13,17.61562191325705
2h_exclude1_shift2,2,True,2,plus_composition,96,98,6,21.684448267629477
2h_exclude1_shift2,2,True,2,plus_composition,96,100,1,10.647307727075656
2h_exclude1_shift2,2,True,2,plus_composition,96,102,5,28.823737391337065
2h_exclude1_shift2,2,True,2,plus_composition,96,104,4,41.428330410000214
2h_exclude1_shift2,2,True,2,plus_composition,96,106,0,42.64183431474191
2h_exclude1_shift2,2,True,2,persistence,96,96,13,14.0
2h_exclude1_shift2,2,True,2,persistence,96,98,6,13.0
2h_exclude1_shift2,2,True,2,persistence,96,100,1,6.0
2h_exclude1_shift2,2,True,2,persistence,96,102,5,1.0
2h_exclude1_shift2,2,True,2,persistence,96,104,4,5.0
2h_exclude1_shift2,2,True,2,persistence,96,106,0,4.0
2h_exclude1_shift2,2,True,2,training_mean,96,96,13,13.851063829787234
2h_exclude1_shift2,2,True,2,training_mean,96,98,6,13.851063829787234
2h_exclude1_shift2,2,True,2,training_mean,96,100,1,13.851063829787234
2h_exclude1_shift2,2,True,2,training_mean,96,102,5,13.851063829787234
2h_exclude1_shift2,2,True,2,training_mean,96,104,4,13.851063829787234
2h_exclude1_shift2,2,True,2,training_mean,96,106,0,13.851063829787234
2h_exclude1_shift2,2,True,2,volume_baseline,108,108,0,2.0915294937614988
2h_exclude1_shift2,2,True,2,volume_baseline,108,110,0,1.2408042049905603
2h_exclude1_shift2,2,True,2,volume_baseline,108,112,1,0.6949117721460573
2h_exclude1_shift2,2,True,2,volume_baseline,108,114,1,0.4813498265434432
2h_exclude1_shift2,2,True,2,volume_baseline,108,116,0,0.25880474797715763
2h_exclude1_shift2,2,True,2,volume_baseline,108,118,0,0.00025559643145817504
2h_exclude1_shift2,2,True,2,plus_composition,108,108,0,2.8357252240368283
2h_exclude1_shift2,2,True,2,plus_composition,108,110,0,1.4148943125367186
2h_exclude1_shift2,2,True,2,plus_composition,108,112,1,0.832978117157852
2h_exclude1_shift2,2,True,2,plus_composition,108,114,1,0.5153554683692837
2h_exclude1_shift2,2,True,2,plus_composition,108,116,0,0.23281544273922783
2h_exclude1_shift2,2,True,2,plus_composition,108,118,0,5.271718752884776e-05
2h_exclude1_shift2,2,True,2,persistence,108,108,0,0.0
2h_exclude1_shift2,2,True,2,persistence,108,110,0,0.0
2h_exclude1_shift2,2,True,2,persistence,108,112,1,0.0
2h_exclude1_shift2,2,True,2,persistence,108,114,1,1.0
2h_exclude1_shift2,2,True,2,persistence,108,116,0,1.0
2h_exclude1_shift2,2,True,2,persistence,108,118,0,0.0
2h_exclude1_shift2,2,True,2,training_mean,108,108,0,12.830188679245284
2h_exclude1_shift2,2,True,2,training_mean,108,110,0,12.830188679245284
2h_exclude1_shift2,2,True,2,training_mean,108,112,1,12.830188679245284
2h_exclude1_shift2,2,True,2,training_mean,108,114,1,12.830188679245284
2h_exclude1_shift2,2,True,2,training_mean,108,116,0,12.830188679245284
2h_exclude1_shift2,2,True,2,training_mean,108,118,0,12.830188679245284
2h_exclude1_shift2,2,True,2,volume_baseline,120,120,0,0.2802153240916479
2h_exclude1_shift2,2,True,2,volume_baseline,120,122,1,0.26853148083350387
2h_exclude1_shift2,2,True,2,volume_baseline,120,124,1,0.7481196718916854
2h_exclude1_shift2,2,True,2,volume_baseline,120,126,0,1.9259918738193842
2h_exclude1_shift2,2,True,2,volume_baseline,120,128,0,1.4895167658131572
2h_exclude1_shift2,2,True,2,volume_baseline,120,130,0,1.6383212086935193
2h_exclude1_shift2,2,True,2,plus_composition,120,120,0,0.24538108393715158
2h_exclude1_shift2,2,True,2,plus_composition,120,122,1,0.18163073765905302
2h_exclude1_shift2,2,True,2,plus_composition,120,124,1,0.6246165264083605
2h_exclude1_shift2,2,True,2,plus_composition,120,126,0,1.5376406802882834
2h_exclude1_shift2,2,True,2,plus_composition,120,128,0,1.2132447006921288
2h_exclude1_shift2,2,True,2,plus_composition,120,130,0,1.1800205450863053
2h_exclude1_shift2,2,True,2,persistence,120,120,0,0.0
2h_exclude1_shift2,2,True,2,persistence,120,122,1,0.0
2h_exclude1_shift2,2,True,2,persistence,120,124,1,1.0
2h_exclude1_shift2,2,True,2,persistence,120,126,0,1.0
2h_exclude1_shift2,2,True,2,persistence,120,128,0,0.0
2h_exclude1_shift2,2,True,2,persistence,120,130,0,0.0
2h_exclude1_shift2,2,True,2,training_mean,120,120,0,11.559322033898304
2h_exclude1_shift2,2,True,2,training_mean,120,122,1,11.559322033898304
2h_exclude1_shift2,2,True,2,training_mean,120,124,1,11.559322033898304
2h_exclude1_shift2,2,True,2,training_mean,120,126,0,11.559322033898304
2h_exclude1_shift2,2,True,2,training_mean,120,128,0,11.559322033898304
2h_exclude1_shift2,2,True,2,training_mean,120,130,0,11.559322033898304
2h_exclude1_shift2,2,True,2,volume_baseline,132,132,0,0.7943124623649572
2h_exclude1_shift2,2,True,2,volume_baseline,132,134,0,0.7330920953939988
2h_exclude1_shift2,2,True,2,volume_baseline,132,136,0,0.005435743302026344
2h_exclude1_shift2,2,True,2,volume_baseline,132,138,0,3.974996768803191e-06
2h_exclude1_shift2,2,True,2,volume_baseline,132,140,0,2.65165709161137e-06
2h_exclude1_shift2,2,True,2,volume_baseline,132,142,0,2.2410566962387367e-06
2h_exclude1_shift2,2,True,2,plus_composition,132,132,0,0.4302431959725925
2h_exclude1_shift2,2,True,2,plus_composition,132,134,0,0.45469690892190434
2h_exclude1_shift2,2,True,2,plus_composition,132,136,0,0.0021502232736468753
2h_exclude1_shift2,2,True,2,plus_composition,132,138,0,4.027968023329992e-07
2h_exclude1_shift2,2,True,2,plus_composition,132,140,0,2.6030892412485376e-07
2h_exclude1_shift2,2,True,2,plus_composition,132,142,0,2.2630641034078043e-07
2h_exclude1_shift2,2,True,2,persistence,132,132,0,0.0
2h_exclude1_shift2,2,True,2,persistence,132,134,0,0.0
2h_exclude1_shift2,2,True,2,persistence,132,136,0,0.0
2h_exclude1_shift2,2,True,2,persistence,132,138,0,0.0
2h_exclude1_shift2,2,True,2,persistence,132,140,0,0.0
2h_exclude1_shift2,2,True,2,persistence,132,142,0,0.0
2h_exclude1_shift2,2,True,2,training_mean,132,132,0,10.523076923076923
2h_exclude1_shift2,2,True,2,training_mean,132,134,0,10.523076923076923
2h_exclude1_shift2,2,True,2,training_mean,132,136,0,10.523076923076923
2h_exclude1_shift2,2,True,2,training_mean,132,138,0,10.523076923076923
2h_exclude1_shift2,2,True,2,training_mean,132,140,0,10.523076923076923
2h_exclude1_shift2,2,True,2,training_mean,132,142,0,10.523076923076923
6h_exclude0_shift-2,6,False,-2,volume_baseline,48,48,3,56.520765002811785
6h_exclude0_shift-2,6,False,-2,volume_baseline,48,54,10,1001.1734688341603
6h_exclude0_shift-2,6,False,-2,plus_composition,48,48,3,46.93802854286192
6h_exclude0_shift-2,6,False,-2,plus_composition,48,54,10,1071.4322014379463
6h_exclude0_shift-2,6,False,-2,persistence,48,48,3,11.0
6h_exclude0_shift-2,6,False,-2,persistence,48,54,10,3.0
6h_exclude0_shift-2,6,False,-2,training_mean,48,48,3,14.285714285714286
6h_exclude0_shift-2,6,False,-2,training_mean,48,54,10,14.285714285714286
6h_exclude0_shift-2,6,False,-2,volume_baseline,60,60,3,13.626533143102472
6h_exclude0_shift-2,6,False,-2,volume_baseline,60,66,1,1.040016284995614
6h_exclude0_shift-2,6,False,-2,plus_composition,60,60,3,12.82149506889555
6h_exclude0_shift-2,6,False,-2,plus_composition,60,66,1,0.7317249465135337
6h_exclude0_shift-2,6,False,-2,persistence,60,60,3,10.0
6h_exclude0_shift-2,6,False,-2,persistence,60,66,1,3.0
6h_exclude0_shift-2,6,False,-2,training_mean,60,60,3,12.555555555555555
6h_exclude0_shift-2,6,False,-2,training_mean,60,66,1,12.555555555555555
6h_exclude0_shift-2,6,False,-2,volume_baseline,72,72,125,0.11218849276137736
6h_exclude0_shift-2,6,False,-2,volume_baseline,72,78,305,0.5561179449254494
6h_exclude0_shift-2,6,False,-2,plus_composition,72,72,125,1.151093574902423
6h_exclude0_shift-2,6,False,-2,plus_composition,72,78,305,4.543400218247911
6h_exclude0_shift-2,6,False,-2,persistence,72,72,125,1.0
6h_exclude0_shift-2,6,False,-2,persistence,72,78,305,125.0
6h_exclude0_shift-2,6,False,-2,training_mean,72,72,125,10.636363636363637
6h_exclude0_shift-2,6,False,-2,training_mean,72,78,305,10.636363636363637
6h_exclude0_shift-2,6,False,-2,volume_baseline,84,84,90,82.48573153717385
6h_exclude0_shift-2,6,False,-2,volume_baseline,84,90,33,55.98604949428336
6h_exclude0_shift-2,6,False,-2,plus_composition,84,84,90,0.004441415551171169
6h_exclude0_shift-2,6,False,-2,plus_composition,84,90,33,1.3887943864964021e-11
6h_exclude0_shift-2,6,False,-2,persistence,84,84,90,305.0
6h_exclude0_shift-2,6,False,-2,persistence,84,90,33,90.0
6h_exclude0_shift-2,6,False,-2,training_mean,84,84,90,42.07692307692308
6h_exclude0_shift-2,6,False,-2,training_mean,84,90,33,42.07692307692308
6h_exclude0_shift-2,6,False,-2,volume_baseline,96,96,10,307.2003917602773
6h_exclude0_shift-2,6,False,-2,volume_baseline,96,102,0,813.0944536503752
6h_exclude0_shift-2,6,False,-2,plus_composition,96,96,10,286.50874799497217
6h_exclude0_shift-2,6,False,-2,plus_composition,96,102,0,1798.8979969944896
6h_exclude0_shift-2,6,False,-2,persistence,96,96,10,33.0
6h_exclude0_shift-2,6,False,-2,persistence,96,102,0,10.0
6h_exclude0_shift-2,6,False,-2,training_mean,96,96,10,44.666666666666664
6h_exclude0_shift-2,6,False,-2,training_mean,96,102,0,44.666666666666664
6h_exclude0_shift-2,6,False,-2,volume_baseline,108,108,2,3.058023859921718
6h_exclude0_shift-2,6,False,-2,volume_baseline,108,114,1,2.932442867733828
6h_exclude0_shift-2,6,False,-2,plus_composition,108,108,2,1.5667441028212146
6h_exclude0_shift-2,6,False,-2,plus_composition,108,114,1,5.102041637694551
6h_exclude0_shift-2,6,False,-2,persistence,108,108,2,0.0
6h_exclude0_shift-2,6,False,-2,persistence,108,114,1,2.0
6h_exclude0_shift-2,6,False,-2,training_mean,108,108,2,40.0
6h_exclude0_shift-2,6,False,-2,training_mean,108,114,1,40.0
6h_exclude0_shift-2,6,False,-2,volume_baseline,120,120,1,10.497330170511752
6h_exclude0_shift-2,6,False,-2,volume_baseline,120,126,0,18.242767567359916
6h_exclude0_shift-2,6,False,-2,plus_composition,120,120,1,65.33558516615204
6h_exclude0_shift-2,6,False,-2,plus_composition,120,126,0,267.4838195772377
6h_exclude0_shift-2,6,False,-2,persistence,120,120,1,1.0
6h_exclude0_shift-2,6,False,-2,persistence,120,126,0,1.0
6h_exclude0_shift-2,6,False,-2,training_mean,120,120,1,35.94736842105263
6h_exclude0_shift-2,6,False,-2,training_mean,120,126,0,35.94736842105263
6h_exclude0_shift-2,6,False,-2,volume_baseline,132,132,0,1.1624233539579636
6h_exclude0_shift-2,6,False,-2,volume_baseline,132,138,0,0.5776487648031084
6h_exclude0_shift-2,6,False,-2,plus_composition,132,132,0,6.445950261428411
6h_exclude0_shift-2,6,False,-2,plus_composition,132,138,0,6.442734998319257
6h_exclude0_shift-2,6,False,-2,persistence,132,132,0,0.0
6h_exclude0_shift-2,6,False,-2,persistence,132,138,0,0.0
6h_exclude0_shift-2,6,False,-2,training_mean,132,132,0,32.57142857142857
6h_exclude0_shift-2,6,False,-2,training_mean,132,138,0,32.57142857142857
6h_exclude0_shift-1,6,False,-1,volume_baseline,48,48,3,65.20000575953877
6h_exclude0_shift-1,6,False,-1,volume_baseline,48,54,10,985.0259868989125
6h_exclude0_shift-1,6,False,-1,plus_composition,48,48,3,49.44721733293284
6h_exclude0_shift-1,6,False,-1,plus_composition,48,54,10,1251.7999917256334
6h_exclude0_shift-1,6,False,-1,persistence,48,48,3,14.0
6h_exclude0_shift-1,6,False,-1,persistence,48,54,10,3.0
6h_exclude0_shift-1,6,False,-1,training_mean,48,48,3,14.285714285714286
6h_exclude0_shift-1,6,False,-1,training_mean,48,54,10,14.285714285714286
6h_exclude0_shift-1,6,False,-1,volume_baseline,60,60,3,16.43482655339066
6h_exclude0_shift-1,6,False,-1,volume_baseline,60,66,1,1.585249286847514
6h_exclude0_shift-1,6,False,-1,plus_composition,60,60,3,12.685326305717254
6h_exclude0_shift-1,6,False,-1,plus_composition,60,66,1,0.8786461103701503
6h_exclude0_shift-1,6,False,-1,persistence,60,60,3,10.0
6h_exclude0_shift-1,6,False,-1,persistence,60,66,1,3.0
6h_exclude0_shift-1,6,False,-1,training_mean,60,60,3,12.555555555555555
6h_exclude0_shift-1,6,False,-1,training_mean,60,66,1,12.555555555555555
6h_exclude0_shift-1,6,False,-1,volume_baseline,72,72,51,0.1237117425204865
6h_exclude0_shift-1,6,False,-1,volume_baseline,72,78,353,0.6079768189984126
6h_exclude0_shift-1,6,False,-1,plus_composition,72,72,51,1.3910584536707844
6h_exclude0_shift-1,6,False,-1,plus_composition,72,78,353,7.103169798974457
6h_exclude0_shift-1,6,False,-1,persistence,72,72,51,1.0
6h_exclude0_shift-1,6,False,-1,persistence,72,78,353,51.0
6h_exclude0_shift-1,6,False,-1,training_mean,72,72,51,10.636363636363637
6h_exclude0_shift-1,6,False,-1,training_mean,72,78,353,10.636363636363637
6h_exclude0_shift-1,6,False,-1,volume_baseline,84,84,104,164.48743644019166
6h_exclude0_shift-1,6,False,-1,volume_baseline,84,90,42,43.575852522531314
6h_exclude0_shift-1,6,False,-1,plus_composition,84,84,104,0.00707835272768557
6h_exclude0_shift-1,6,False,-1,plus_composition,84,90,42,1.3887943864964021e-11
6h_exclude0_shift-1,6,False,-1,persistence,84,84,104,353.0
6h_exclude0_shift-1,6,False,-1,persistence,84,90,42,104.0
6h_exclude0_shift-1,6,False,-1,training_mean,84,84,104,40.07692307692308
6h_exclude0_shift-1,6,False,-1,training_mean,84,90,42,40.07692307692308
6h_exclude0_shift-1,6,False,-1,volume_baseline,96,96,11,206.71565014837907
6h_exclude0_shift-1,6,False,-1,volume_baseline,96,102,2,439.3077309518879
6h_exclude0_shift-1,6,False,-1,plus_composition,96,96,11,285.92945908335355
6h_exclude0_shift-1,6,False,-1,plus_composition,96,102,2,1463.36133130523
6h_exclude0_shift-1,6,False,-1,persistence,96,96,11,42.0
6h_exclude0_shift-1,6,False,-1,persistence,96,102,2,11.0
6h_exclude0_shift-1,6,False,-1,training_mean,96,96,11,44.46666666666667
6h_exclude0_shift-1,6,False,-1,training_mean,96,102,2,44.46666666666667
6h_exclude0_shift-1,6,False,-1,volume_baseline,108,108,2,1.6270579541826915
6h_exclude0_shift-1,6,False,-1,volume_baseline,108,114,0,0.3874263873037394
6h_exclude0_shift-1,6,False,-1,plus_composition,108,108,2,1.3241050901004674
6h_exclude0_shift-1,6,False,-1,plus_composition,108,114,0,1.1276564654127383
6h_exclude0_shift-1,6,False,-1,persistence,108,108,2,2.0
6h_exclude0_shift-1,6,False,-1,persistence,108,114,0,2.0
6h_exclude0_shift-1,6,False,-1,training_mean,108,108,2,40.0
6h_exclude0_shift-1,6,False,-1,training_mean,108,114,0,40.0
6h_exclude0_shift-1,6,False,-1,volume_baseline,120,120,2,1.282752135546687
6h_exclude0_shift-1,6,False,-1,volume_baseline,120,126,0,10.8127869311064
6h_exclude0_shift-1,6,False,-1,plus_composition,120,120,2,7.938556584362563
6h_exclude0_shift-1,6,False,-1,plus_composition,120,126,0,76.3627758044582
6h_exclude0_shift-1,6,False,-1,persistence,120,120,2,0.0
6h_exclude0_shift-1,6,False,-1,persistence,120,126,0,2.0
6h_exclude0_shift-1,6,False,-1,training_mean,120,120,2,35.89473684210526
6h_exclude0_shift-1,6,False,-1,training_mean,120,126,0,35.89473684210526
6h_exclude0_shift-1,6,False,-1,volume_baseline,132,132,0,0.2951644878956139
6h_exclude0_shift-1,6,False,-1,volume_baseline,132,138,0,0.06077002580924827
6h_exclude0_shift-1,6,False,-1,plus_composition,132,132,0,1.1434429836928253
6h_exclude0_shift-1,6,False,-1,plus_composition,132,138,0,0.3928612803808918
6h_exclude0_shift-1,6,False,-1,persistence,132,132,0,0.0
6h_exclude0_shift-1,6,False,-1,persistence,132,138,0,0.0
6h_exclude0_shift-1,6,False,-1,training_mean,132,132,0,32.57142857142857
6h_exclude0_shift-1,6,False,-1,training_mean,132,138,0,32.57142857142857
6h_exclude0_shift0,6,False,0,volume_baseline,48,48,3,60.16511182374994
6h_exclude0_shift0,6,False,0,volume_baseline,48,54,11,781.6901398717105
6h_exclude0_shift0,6,False,0,plus_composition,48,48,3,46.32161826937937
6h_exclude0_shift0,6,False,0,plus_composition,48,54,11,893.7040986912046
6h_exclude0_shift0,6,False,0,persistence,48,48,3,15.0
6h_exclude0_shift0,6,False,0,persistence,48,54,11,3.0
6h_exclude0_shift0,6,False,0,training_mean,48,48,3,14.0
6h_exclude0_shift0,6,False,0,training_mean,48,54,11,14.0
6h_exclude0_shift0,6,False,0,volume_baseline,60,60,2,20.391676514689937
6h_exclude0_shift0,6,False,0,volume_baseline,60,66,2,2.2216758587414676
6h_exclude0_shift0,6,False,0,plus_composition,60,60,2,13.351328895523267
6h_exclude0_shift0,6,False,0,plus_composition,60,66,2,1.1912612806950067
6h_exclude0_shift0,6,False,0,persistence,60,60,2,11.0
6h_exclude0_shift0,6,False,0,persistence,60,66,2,2.0
6h_exclude0_shift0,6,False,0,training_mean,60,60,2,12.444444444444445
6h_exclude0_shift0,6,False,0,training_mean,60,66,2,12.444444444444445
6h_exclude0_shift0,6,False,0,volume_baseline,72,72,14,0.13747116048552196
6h_exclude0_shift0,6,False,0,volume_baseline,72,78,359,0.9420460020157441
6h_exclude0_shift0,6,False,0,plus_composition,72,72,14,1.3581250293971026
6h_exclude0_shift0,6,False,0,plus_composition,72,78,359,15.280878189644719
6h_exclude0_shift0,6,False,0,persistence,72,72,14,2.0
6h_exclude0_shift0,6,False,0,persistence,72,78,359,14.0
6h_exclude0_shift0,6,False,0,training_mean,72,72,14,10.545454545454545
6h_exclude0_shift0,6,False,0,training_mean,72,78,359,10.545454545454545
6h_exclude0_shift0,6,False,0,volume_baseline,84,84,121,636.963551033945
6h_exclude0_shift0,6,False,0,volume_baseline,84,90,54,39.566726107161685
6h_exclude0_shift0,6,False,0,plus_composition,84,84,121,0.018031064173579994
6h_exclude0_shift0,6,False,0,plus_composition,84,90,54,1.3887943864964021e-11
6h_exclude0_shift0,6,False,0,persistence,84,84,121,359.0
6h_exclude0_shift0,6,False,0,persistence,84,90,54,121.0
6h_exclude0_shift0,6,False,0,training_mean,84,84,121,37.61538461538461
6h_exclude0_shift0,6,False,0,training_mean,84,90,54,37.61538461538461
6h_exclude0_shift0,6,False,0,volume_baseline,96,96,12,208.33866855405836
6h_exclude0_shift0,6,False,0,volume_baseline,96,102,4,643.9583755656702
6h_exclude0_shift0,6,False,0,plus_composition,96,96,12,330.49683729695175
6h_exclude0_shift0,6,False,0,plus_composition,96,102,4,3461.719543823042
6h_exclude0_shift0,6,False,0,persistence,96,96,12,54.0
6h_exclude0_shift0,6,False,0,persistence,96,102,4,12.0
6h_exclude0_shift0,6,False,0,training_mean,96,96,12,44.266666666666666
6h_exclude0_shift0,6,False,0,training_mean,96,102,4,44.266666666666666
6h_exclude0_shift0,6,False,0,volume_baseline,108,108,2,3.3280071152196844
6h_exclude0_shift0,6,False,0,volume_baseline,108,114,0,0.24524583769014408
6h_exclude0_shift0,6,False,0,plus_composition,108,108,2,2.946087330547439
6h_exclude0_shift0,6,False,0,plus_composition,108,114,0,0.8735570892307494
6h_exclude0_shift0,6,False,0,persistence,108,108,2,4.0
6h_exclude0_shift0,6,False,0,persistence,108,114,0,2.0
6h_exclude0_shift0,6,False,0,training_mean,108,108,2,40.0
6h_exclude0_shift0,6,False,0,training_mean,108,114,0,40.0
6h_exclude0_shift0,6,False,0,volume_baseline,120,120,2,0.6827474961491838
6h_exclude0_shift0,6,False,0,volume_baseline,120,126,0,13.145688611533199
6h_exclude0_shift0,6,False,0,plus_composition,120,120,2,5.958516188164836
6h_exclude0_shift0,6,False,0,plus_composition,120,126,0,96.23657528773607
6h_exclude0_shift0,6,False,0,persistence,120,120,2,0.0
6h_exclude0_shift0,6,False,0,persistence,120,126,0,2.0
6h_exclude0_shift0,6,False,0,training_mean,120,120,2,35.89473684210526
6h_exclude0_shift0,6,False,0,training_mean,120,126,0,35.89473684210526
6h_exclude0_shift0,6,False,0,volume_baseline,132,132,0,0.355006637504993
6h_exclude0_shift0,6,False,0,volume_baseline,132,138,0,0.022468680920115815
6h_exclude0_shift0,6,False,0,plus_composition,132,132,0,0.8968614738700958
6h_exclude0_shift0,6,False,0,plus_composition,132,138,0,0.09956889775942376
6h_exclude0_shift0,6,False,0,persistence,132,132,0,0.0
6h_exclude0_shift0,6,False,0,persistence,132,138,0,0.0
6h_exclude0_shift0,6,False,0,training_mean,132,132,0,32.57142857142857
6h_exclude0_shift0,6,False,0,training_mean,132,138,0,32.57142857142857
6h_exclude0_shift1,6,False,1,volume_baseline,48,48,3,49.08643162884588
6h_exclude0_shift1,6,False,1,volume_baseline,48,54,9,535.5351069273144
6h_exclude0_shift1,6,False,1,plus_composition,48,48,3,39.017017558051236
6h_exclude0_shift1,6,False,1,plus_composition,48,54,9,526.2640113798086
6h_exclude0_shift1,6,False,1,persistence,48,48,3,17.0
6h_exclude0_shift1,6,False,1,persistence,48,54,9,3.0
6h_exclude0_shift1,6,False,1,training_mean,48,48,3,13.857142857142858
6h_exclude0_shift1,6,False,1,training_mean,48,54,9,13.857142857142858
6h_exclude0_shift1,6,False,1,volume_baseline,60,60,5,21.498294891602413
6h_exclude0_shift1,6,False,1,volume_baseline,60,66,2,1.9023643991074715
6h_exclude0_shift1,6,False,1,plus_composition,60,60,5,13.317839292925225
6h_exclude0_shift1,6,False,1,plus_composition,60,66,2,0.8544041505093336
6h_exclude0_shift1,6,False,1,persistence,60,60,5,9.0
6h_exclude0_shift1,6,False,1,persistence,60,66,2,5.0
6h_exclude0_shift1,6,False,1,training_mean,60,60,5,12.11111111111111
6h_exclude0_shift1,6,False,1,training_mean,60,66,2,12.11111111111111
6h_exclude0_shift1,6,False,1,volume_baseline,72,72,6,0.14066511638161805
6h_exclude0_shift1,6,False,1,volume_baseline,72,78,303,1.1272990876584659
6h_exclude0_shift1,6,False,1,plus_composition,72,72,6,1.4407117866688455
6h_exclude0_shift1,6,False,1,plus_composition,72,78,303,19.44292574885657
6h_exclude0_shift1,6,False,1,persistence,72,72,6,2.0
6h_exclude0_shift1,6,False,1,persistence,72,78,303,6.0
6h_exclude0_shift1,6,False,1,training_mean,72,72,6,10.545454545454545
6h_exclude0_shift1,6,False,1,training_mean,72,78,303,10.545454545454545
6h_exclude0_shift1,6,False,1,volume_baseline,84,84,165,3065.042347026556
6h_exclude0_shift1,6,False,1,volume_baseline,84,90,66,143.7374371173176
6h_exclude0_shift1,6,False,1,plus_composition,84,84,165,0.04799256256588411
6h_exclude0_shift1,6,False,1,plus_composition,84,90,66,1.3887943864964021e-11
6h_exclude0_shift1,6,False,1,persistence,84,84,165,303.0
6h_exclude0_shift1,6,False,1,persistence,84,90,66,165.0
6h_exclude0_shift1,6,False,1,training_mean,84,84,165,32.69230769230769
6h_exclude0_shift1,6,False,1,training_mean,84,90,66,32.69230769230769
6h_exclude0_shift1,6,False,1,volume_baseline,96,96,16,170.2921933994262
6h_exclude0_shift1,6,False,1,volume_baseline,96,102,8,715.1089119254749
6h_exclude0_shift1,6,False,1,plus_composition,96,96,16,215.5575684858126
6h_exclude0_shift1,6,False,1,plus_composition,96,102,8,4150.71951782585
6h_exclude0_shift1,6,False,1,persistence,96,96,16,66.0
6h_exclude0_shift1,6,False,1,persistence,96,102,8,16.0
6h_exclude0_shift1,6,False,1,training_mean,96,96,16,43.733333333333334
6h_exclude0_shift1,6,False,1,training_mean,96,102,8,43.733333333333334
6h_exclude0_shift1,6,False,1,volume_baseline,108,108,1,24.583993929817854
6h_exclude0_shift1,6,False,1,volume_baseline,108,114,1,2.8139497594733758
6h_exclude0_shift1,6,False,1,plus_composition,108,108,1,22.891573762764295
6h_exclude0_shift1,6,False,1,plus_composition,108,114,1,6.583516972249617
6h_exclude0_shift1,6,False,1,persistence,108,108,1,8.0
6h_exclude0_shift1,6,False,1,persistence,108,114,1,1.0
6h_exclude0_shift1,6,False,1,training_mean,108,108,1,40.0
6h_exclude0_shift1,6,False,1,training_mean,108,114,1,40.0
6h_exclude0_shift1,6,False,1,volume_baseline,120,120,2,1.1890260742707002
6h_exclude0_shift1,6,False,1,volume_baseline,120,126,0,14.451456170833884
6h_exclude0_shift1,6,False,1,plus_composition,120,120,2,6.397787009438968
6h_exclude0_shift1,6,False,1,plus_composition,120,126,0,69.22501358858347
6h_exclude0_shift1,6,False,1,persistence,120,120,2,1.0
6h_exclude0_shift1,6,False,1,persistence,120,126,0,2.0
6h_exclude0_shift1,6,False,1,training_mean,120,120,2,35.89473684210526
6h_exclude0_shift1,6,False,1,training_mean,120,126,0,35.89473684210526
6h_exclude0_shift1,6,False,1,volume_baseline,132,132,0,3.7201199120644564
6h_exclude0_shift1,6,False,1,volume_baseline,132,138,0,0.14763089553541034
6h_exclude0_shift1,6,False,1,plus_composition,132,132,0,5.675062783919041
6h_exclude0_shift1,6,False,1,plus_composition,132,138,0,0.2779754606127125
6h_exclude0_shift1,6,False,1,persistence,132,132,0,0.0
6h_exclude0_shift1,6,False,1,persistence,132,138,0,0.0
6h_exclude0_shift1,6,False,1,training_mean,132,132,0,32.57142857142857
6h_exclude0_shift1,6,False,1,training_mean,132,138,0,32.57142857142857
6h_exclude0_shift2,6,False,2,volume_baseline,48,48,5,32.53414535590752
6h_exclude0_shift2,6,False,2,volume_baseline,48,54,5,309.79037488499966
6h_exclude0_shift2,6,False,2,plus_composition,48,48,5,25.7073625193018
6h_exclude0_shift2,6,False,2,plus_composition,48,54,5,259.6767172556692
6h_exclude0_shift2,6,False,2,persistence,48,48,5,21.0
6h_exclude0_shift2,6,False,2,persistence,48,54,5,5.0
6h_exclude0_shift2,6,False,2,training_mean,48,48,5,13.571428571428571
6h_exclude0_shift2,6,False,2,training_mean,48,54,5,13.571428571428571
6h_exclude0_shift2,6,False,2,volume_baseline,60,60,9,15.921447236980644
6h_exclude0_shift2,6,False,2,volume_baseline,60,66,2,1.596215535382197
6h_exclude0_shift2,6,False,2,plus_composition,60,60,9,13.078781176621982
6h_exclude0_shift2,6,False,2,plus_composition,60,66,2,0.9721537734696728
6h_exclude0_shift2,6,False,2,persistence,60,60,9,5.0
6h_exclude0_shift2,6,False,2,persistence,60,66,2,9.0
6h_exclude0_shift2,6,False,2,training_mean,60,60,9,11.666666666666666
6h_exclude0_shift2,6,False,2,training_mean,60,66,2,11.666666666666666
6h_exclude0_shift2,6,False,2,volume_baseline,72,72,5,0.1427510012308196
6h_exclude0_shift2,6,False,2,volume_baseline,72,78,267,1.2057242956415364
6h_exclude0_shift2,6,False,2,plus_composition,72,72,5,1.4528658535041006
6h_exclude0_shift2,6,False,2,plus_composition,72,78,267,15.818181122613765
6h_exclude0_shift2,6,False,2,persistence,72,72,5,2.0
6h_exclude0_shift2,6,False,2,persistence,72,78,267,5.0
6h_exclude0_shift2,6,False,2,training_mean,72,72,5,10.545454545454545
6h_exclude0_shift2,6,False,2,training_mean,72,78,267,10.545454545454545
6h_exclude0_shift2,6,False,2,volume_baseline,84,84,193,41827.60745862553
6h_exclude0_shift2,6,False,2,volume_baseline,84,90,70,1944.9169570029399
6h_exclude0_shift2,6,False,2,plus_composition,84,84,193,0.1819923587884579
6h_exclude0_shift2,6,False,2,plus_composition,84,90,70,1.3887943864964021e-11
6h_exclude0_shift2,6,False,2,persistence,84,84,193,267.0
6h_exclude0_shift2,6,False,2,persistence,84,90,70,193.0
6h_exclude0_shift2,6,False,2,training_mean,84,84,193,29.846153846153847
6h_exclude0_shift2,6,False,2,training_mean,84,90,70,29.846153846153847
6h_exclude0_shift2,6,False,2,volume_baseline,96,96,20,128.78997352220145
6h_exclude0_shift2,6,False,2,volume_baseline,96,102,9,573.9015442400527
6h_exclude0_shift2,6,False,2,plus_composition,96,96,20,162.51193152159274
6h_exclude0_shift2,6,False,2,plus_composition,96,102,9,3762.292515830566
6h_exclude0_shift2,6,False,2,persistence,96,96,20,70.0
6h_exclude0_shift2,6,False,2,persistence,96,102,9,20.0
6h_exclude0_shift2,6,False,2,training_mean,96,96,20,43.4
6h_exclude0_shift2,6,False,2,training_mean,96,102,9,43.4
6h_exclude0_shift2,6,False,2,volume_baseline,108,108,1,32.7527479894355
6h_exclude0_shift2,6,False,2,volume_baseline,108,114,1,4.954647955256966
6h_exclude0_shift2,6,False,2,plus_composition,108,108,1,43.167197881723936
6h_exclude0_shift2,6,False,2,plus_composition,108,114,1,14.183002357652795
6h_exclude0_shift2,6,False,2,persistence,108,108,1,9.0
6h_exclude0_shift2,6,False,2,persistence,108,114,1,1.0
6h_exclude0_shift2,6,False,2,training_mean,108,108,1,40.0
6h_exclude0_shift2,6,False,2,training_mean,108,114,1,40.0
6h_exclude0_shift2,6,False,2,volume_baseline,120,120,2,1.0642703650302257
6h_exclude0_shift2,6,False,2,volume_baseline,120,126,0,11.824954042495966
6h_exclude0_shift2,6,False,2,plus_composition,120,120,2,4.12600638060433
6h_exclude0_shift2,6,False,2,plus_composition,120,126,0,40.698926431546504
6h_exclude0_shift2,6,False,2,persistence,120,120,2,1.0
6h_exclude0_shift2,6,False,2,persistence,120,126,0,2.0
6h_exclude0_shift2,6,False,2,training_mean,120,120,2,35.89473684210526
6h_exclude0_shift2,6,False,2,training_mean,120,126,0,35.89473684210526
6h_exclude0_shift2,6,False,2,volume_baseline,132,132,0,6.1533718631847805
6h_exclude0_shift2,6,False,2,volume_baseline,132,138,0,0.2442048544808197
6h_exclude0_shift2,6,False,2,plus_composition,132,132,0,7.815850805147266
6h_exclude0_shift2,6,False,2,plus_composition,132,138,0,0.3033670165344599
6h_exclude0_shift2,6,False,2,persistence,132,132,0,0.0
6h_exclude0_shift2,6,False,2,persistence,132,138,0,0.0
6h_exclude0_shift2,6,False,2,training_mean,132,132,0,32.57142857142857
6h_exclude0_shift2,6,False,2,training_mean,132,138,0,32.57142857142857
6h_exclude1_shift-2,6,True,-2,volume_baseline,48,48,3,54.80894488547093
6h_exclude1_shift-2,6,True,-2,volume_baseline,48,54,10,967.1809924685796
6h_exclude1_shift-2,6,True,-2,plus_composition,48,48,3,46.834648409740225
6h_exclude1_shift-2,6,True,-2,plus_composition,48,54,10,1038.1369471786386
6h_exclude1_shift-2,6,True,-2,persistence,48,48,3,11.0
6h_exclude1_shift-2,6,True,-2,persistence,48,54,10,3.0
6h_exclude1_shift-2,6,True,-2,training_mean,48,48,3,14.285714285714286
6h_exclude1_shift-2,6,True,-2,training_mean,48,54,10,14.285714285714286
6h_exclude1_shift-2,6,True,-2,volume_baseline,60,60,3,12.619859419880818
6h_exclude1_shift-2,6,True,-2,volume_baseline,60,66,1,0.9317003427160006
6h_exclude1_shift-2,6,True,-2,plus_composition,60,60,3,12.438068140273938
6h_exclude1_shift-2,6,True,-2,plus_composition,60,66,1,0.6569619922097704
6h_exclude1_shift-2,6,True,-2,persistence,60,60,3,10.0
6h_exclude1_shift-2,6,True,-2,persistence,60,66,1,3.0
6h_exclude1_shift-2,6,True,-2,training_mean,60,60,3,12.555555555555555
6h_exclude1_shift-2,6,True,-2,training_mean,60,66,1,12.555555555555555
6h_exclude1_shift-2,6,True,-2,volume_baseline,72,72,125,0.11125214850186362
6h_exclude1_shift-2,6,True,-2,volume_baseline,72,78,305,0.554300862948809
6h_exclude1_shift-2,6,True,-2,plus_composition,72,72,125,1.0859477492932537
6h_exclude1_shift-2,6,True,-2,plus_composition,72,78,305,4.016797397908824
6h_exclude1_shift-2,6,True,-2,persistence,72,72,125,1.0
6h_exclude1_shift-2,6,True,-2,persistence,72,78,305,125.0
6h_exclude1_shift-2,6,True,-2,training_mean,72,72,125,10.636363636363637
6h_exclude1_shift-2,6,True,-2,training_mean,72,78,305,10.636363636363637
6h_exclude1_shift-2,6,True,-2,volume_baseline,84,84,90,82.10469205163578
6h_exclude1_shift-2,6,True,-2,volume_baseline,84,90,33,55.5946575935566
6h_exclude1_shift-2,6,True,-2,plus_composition,84,84,90,0.004197098355720718
6h_exclude1_shift-2,6,True,-2,plus_composition,84,90,33,1.3887943864964021e-11
6h_exclude1_shift-2,6,True,-2,persistence,84,84,90,305.0
6h_exclude1_shift-2,6,True,-2,persistence,84,90,33,90.0
6h_exclude1_shift-2,6,True,-2,training_mean,84,84,90,42.07692307692308
6h_exclude1_shift-2,6,True,-2,training_mean,84,90,33,42.07692307692308
6h_exclude1_shift-2,6,True,-2,volume_baseline,96,96,10,305.6348179493242
6h_exclude1_shift-2,6,True,-2,volume_baseline,96,102,0,806.3554530011709
6h_exclude1_shift-2,6,True,-2,plus_composition,96,96,10,266.3497552923904
6h_exclude1_shift-2,6,True,-2,plus_composition,96,102,0,1676.3078973598435
6h_exclude1_shift-2,6,True,-2,persistence,96,96,10,33.0
6h_exclude1_shift-2,6,True,-2,persistence,96,102,0,10.0
6h_exclude1_shift-2,6,True,-2,training_mean,96,96,10,44.666666666666664
6h_exclude1_shift-2,6,True,-2,training_mean,96,102,0,44.666666666666664
6h_exclude1_shift-2,6,True,-2,volume_baseline,108,108,2,3.055948528257442
6h_exclude1_shift-2,6,True,-2,volume_baseline,108,114,1,3.0004209016621006
6h_exclude1_shift-2,6,True,-2,plus_composition,108,108,2,1.7172822123957883
6h_exclude1_shift-2,6,True,-2,plus_composition,108,114,1,5.5796835127168025
6h_exclude1_shift-2,6,True,-2,persistence,108,108,2,0.0
6h_exclude1_shift-2,6,True,-2,persistence,108,114,1,2.0
6h_exclude1_shift-2,6,True,-2,training_mean,108,108,2,40.0
6h_exclude1_shift-2,6,True,-2,training_mean,108,114,1,40.0
6h_exclude1_shift-2,6,True,-2,volume_baseline,120,120,1,10.845173065113917
6h_exclude1_shift-2,6,True,-2,volume_baseline,120,126,0,18.601688979095755
6h_exclude1_shift-2,6,True,-2,plus_composition,120,120,1,69.26385728268839
6h_exclude1_shift-2,6,True,-2,plus_composition,120,126,0,282.3631356738351
6h_exclude1_shift-2,6,True,-2,persistence,120,120,1,1.0
6h_exclude1_shift-2,6,True,-2,persistence,120,126,0,1.0
6h_exclude1_shift-2,6,True,-2,training_mean,120,120,1,35.94736842105263
6h_exclude1_shift-2,6,True,-2,training_mean,120,126,0,35.94736842105263
6h_exclude1_shift-2,6,True,-2,volume_baseline,132,132,0,1.1596111287745985
6h_exclude1_shift-2,6,True,-2,volume_baseline,132,138,0,0.5901203661144759
6h_exclude1_shift-2,6,True,-2,plus_composition,132,132,0,6.091604977571424
6h_exclude1_shift-2,6,True,-2,plus_composition,132,138,0,6.244587421967211
6h_exclude1_shift-2,6,True,-2,persistence,132,132,0,0.0
6h_exclude1_shift-2,6,True,-2,persistence,132,138,0,0.0
6h_exclude1_shift-2,6,True,-2,training_mean,132,132,0,32.57142857142857
6h_exclude1_shift-2,6,True,-2,training_mean,132,138,0,32.57142857142857
6h_exclude1_shift-1,6,True,-1,volume_baseline,48,48,3,63.146270826682816
6h_exclude1_shift-1,6,True,-1,volume_baseline,48,54,10,949.5541650743362
6h_exclude1_shift-1,6,True,-1,plus_composition,48,48,3,49.81970199965041
6h_exclude1_shift-1,6,True,-1,plus_composition,48,54,10,1234.422816389256
6h_exclude1_shift-1,6,True,-1,persistence,48,48,3,14.0
6h_exclude1_shift-1,6,True,-1,persistence,48,54,10,3.0
6h_exclude1_shift-1,6,True,-1,training_mean,48,48,3,14.285714285714286
6h_exclude1_shift-1,6,True,-1,training_mean,48,54,10,14.285714285714286
6h_exclude1_shift-1,6,True,-1,volume_baseline,60,60,3,15.208258105629481
6h_exclude1_shift-1,6,True,-1,volume_baseline,60,66,1,1.4150161002588353
6h_exclude1_shift-1,6,True,-1,plus_composition,60,60,3,12.375203474164094
6h_exclude1_shift-1,6,True,-1,plus_composition,60,66,1,0.7972691743152756
6h_exclude1_shift-1,6,True,-1,persistence,60,60,3,10.0
6h_exclude1_shift-1,6,True,-1,persistence,60,66,1,3.0
6h_exclude1_shift-1,6,True,-1,training_mean,60,60,3,12.555555555555555
6h_exclude1_shift-1,6,True,-1,training_mean,60,66,1,12.555555555555555
6h_exclude1_shift-1,6,True,-1,volume_baseline,72,72,51,0.12273632360142313
6h_exclude1_shift-1,6,True,-1,volume_baseline,72,78,353,0.6104176883355923
6h_exclude1_shift-1,6,True,-1,plus_composition,72,72,51,1.335447461297916
6h_exclude1_shift-1,6,True,-1,plus_composition,72,78,353,6.383801174177129
6h_exclude1_shift-1,6,True,-1,persistence,72,72,51,1.0
6h_exclude1_shift-1,6,True,-1,persistence,72,78,353,51.0
6h_exclude1_shift-1,6,True,-1,training_mean,72,72,51,10.636363636363637
6h_exclude1_shift-1,6,True,-1,training_mean,72,78,353,10.636363636363637
6h_exclude1_shift-1,6,True,-1,volume_baseline,84,84,104,164.20424389809276
6h_exclude1_shift-1,6,True,-1,volume_baseline,84,90,42,43.48247029597047
6h_exclude1_shift-1,6,True,-1,plus_composition,84,84,104,0.00660315301348588
6h_exclude1_shift-1,6,True,-1,plus_composition,84,90,42,1.3887943864964021e-11
6h_exclude1_shift-1,6,True,-1,persistence,84,84,104,353.0
6h_exclude1_shift-1,6,True,-1,persistence,84,90,42,104.0
6h_exclude1_shift-1,6,True,-1,training_mean,84,84,104,40.07692307692308
6h_exclude1_shift-1,6,True,-1,training_mean,84,90,42,40.07692307692308
6h_exclude1_shift-1,6,True,-1,volume_baseline,96,96,11,206.88925078554647
6h_exclude1_shift-1,6,True,-1,volume_baseline,96,102,2,439.0735324539525
6h_exclude1_shift-1,6,True,-1,plus_composition,96,96,11,263.92702852135056
6h_exclude1_shift-1,6,True,-1,plus_composition,96,102,2,1333.8152037582604
6h_exclude1_shift-1,6,True,-1,persistence,96,96,11,42.0
6h_exclude1_shift-1,6,True,-1,persistence,96,102,2,11.0
6h_exclude1_shift-1,6,True,-1,training_mean,96,96,11,44.46666666666667
6h_exclude1_shift-1,6,True,-1,training_mean,96,102,2,44.46666666666667
6h_exclude1_shift-1,6,True,-1,volume_baseline,108,108,2,1.6157560758945446
6h_exclude1_shift-1,6,True,-1,volume_baseline,108,114,0,0.3889672145624816
6h_exclude1_shift-1,6,True,-1,plus_composition,108,108,2,1.4398666711487074
6h_exclude1_shift-1,6,True,-1,plus_composition,108,114,0,1.2573759500999935
6h_exclude1_shift-1,6,True,-1,persistence,108,108,2,2.0
6h_exclude1_shift-1,6,True,-1,persistence,108,114,0,2.0
6h_exclude1_shift-1,6,True,-1,training_mean,108,108,2,40.0
6h_exclude1_shift-1,6,True,-1,training_mean,108,114,0,40.0
6h_exclude1_shift-1,6,True,-1,volume_baseline,120,120,2,1.3087470068882117
6h_exclude1_shift-1,6,True,-1,volume_baseline,120,126,0,11.049580966759647
6h_exclude1_shift-1,6,True,-1,plus_composition,120,120,2,9.05120978621687
6h_exclude1_shift-1,6,True,-1,plus_composition,120,126,0,84.56401556260279
6h_exclude1_shift-1,6,True,-1,persistence,120,120,2,0.0
6h_exclude1_shift-1,6,True,-1,persistence,120,126,0,2.0
6h_exclude1_shift-1,6,True,-1,training_mean,120,120,2,35.89473684210526
6h_exclude1_shift-1,6,True,-1,training_mean,120,126,0,35.89473684210526
6h_exclude1_shift-1,6,True,-1,volume_baseline,132,132,0,0.2895851022363256
6h_exclude1_shift-1,6,True,-1,volume_baseline,132,138,0,0.060695387321134275
6h_exclude1_shift-1,6,True,-1,plus_composition,132,132,0,1.082108400308318
6h_exclude1_shift-1,6,True,-1,plus_composition,132,138,0,0.38917464583993094
6h_exclude1_shift-1,6,True,-1,persistence,132,132,0,0.0
6h_exclude1_shift-1,6,True,-1,persistence,132,138,0,0.0
6h_exclude1_shift-1,6,True,-1,training_mean,132,132,0,32.57142857142857
6h_exclude1_shift-1,6,True,-1,training_mean,132,138,0,32.57142857142857
6h_exclude1_shift0,6,True,0,volume_baseline,48,48,3,58.236769821441335
6h_exclude1_shift0,6,True,0,volume_baseline,48,54,11,755.9153514281355
6h_exclude1_shift0,6,True,0,plus_composition,48,48,3,46.446817114388814
6h_exclude1_shift0,6,True,0,plus_composition,48,54,11,875.329779010877
6h_exclude1_shift0,6,True,0,persistence,48,48,3,15.0
6h_exclude1_shift0,6,True,0,persistence,48,54,11,3.0
6h_exclude1_shift0,6,True,0,training_mean,48,48,3,14.0
6h_exclude1_shift0,6,True,0,training_mean,48,54,11,14.0
6h_exclude1_shift0,6,True,0,volume_baseline,60,60,2,18.99362343943054
6h_exclude1_shift0,6,True,0,volume_baseline,60,66,2,1.983270304813606
6h_exclude1_shift0,6,True,0,plus_composition,60,60,2,13.149121818434713
6h_exclude1_shift0,6,True,0,plus_composition,60,66,2,1.111133806322581
6h_exclude1_shift0,6,True,0,persistence,60,60,2,11.0
6h_exclude1_shift0,6,True,0,persistence,60,66,2,2.0
6h_exclude1_shift0,6,True,0,training_mean,60,60,2,12.444444444444445
6h_exclude1_shift0,6,True,0,training_mean,60,66,2,12.444444444444445
6h_exclude1_shift0,6,True,0,volume_baseline,72,72,14,0.1364427885360743
6h_exclude1_shift0,6,True,0,volume_baseline,72,78,359,0.9494521107591526
6h_exclude1_shift0,6,True,0,plus_composition,72,72,14,1.3164600951465106
6h_exclude1_shift0,6,True,0,plus_composition,72,78,359,14.069521054170782
6h_exclude1_shift0,6,True,0,persistence,72,72,14,2.0
6h_exclude1_shift0,6,True,0,persistence,72,78,359,14.0
6h_exclude1_shift0,6,True,0,training_mean,72,72,14,10.545454545454545
6h_exclude1_shift0,6,True,0,training_mean,72,78,359,10.545454545454545
6h_exclude1_shift0,6,True,0,volume_baseline,84,84,121,634.3571941025349
6h_exclude1_shift0,6,True,0,volume_baseline,84,90,54,39.36308583761776
6h_exclude1_shift0,6,True,0,plus_composition,84,84,121,0.016538385916669247
6h_exclude1_shift0,6,True,0,plus_composition,84,90,54,1.3887943864964021e-11
6h_exclude1_shift0,6,True,0,persistence,84,84,121,359.0
6h_exclude1_shift0,6,True,0,persistence,84,90,54,121.0
6h_exclude1_shift0,6,True,0,training_mean,84,84,121,37.61538461538461
6h_exclude1_shift0,6,True,0,training_mean,84,90,54,37.61538461538461
6h_exclude1_shift0,6,True,0,volume_baseline,96,96,12,209.69118394856343
6h_exclude1_shift0,6,True,0,volume_baseline,96,102,4,648.7431936096613
6h_exclude1_shift0,6,True,0,plus_composition,96,96,12,296.08138642211924
6h_exclude1_shift0,6,True,0,plus_composition,96,102,4,2777.875697786267
6h_exclude1_shift0,6,True,0,persistence,96,96,12,54.0
6h_exclude1_shift0,6,True,0,persistence,96,102,4,12.0
6h_exclude1_shift0,6,True,0,training_mean,96,96,12,44.266666666666666
6h_exclude1_shift0,6,True,0,training_mean,96,102,4,44.266666666666666
6h_exclude1_shift0,6,True,0,volume_baseline,108,108,2,3.2831161443056893
6h_exclude1_shift0,6,True,0,volume_baseline,108,114,0,0.24064690208966963
6h_exclude1_shift0,6,True,0,plus_composition,108,108,2,3.2591424412385592
6h_exclude1_shift0,6,True,0,plus_composition,108,114,0,0.9517922587894264
6h_exclude1_shift0,6,True,0,persistence,108,108,2,4.0
6h_exclude1_shift0,6,True,0,persistence,108,114,0,2.0
6h_exclude1_shift0,6,True,0,training_mean,108,108,2,40.0
6h_exclude1_shift0,6,True,0,training_mean,108,114,0,40.0
6h_exclude1_shift0,6,True,0,volume_baseline,120,120,2,0.717970918639783
6h_exclude1_shift0,6,True,0,volume_baseline,120,126,0,14.040961312665699
6h_exclude1_shift0,6,True,0,plus_composition,120,120,2,6.529479031024946
6h_exclude1_shift0,6,True,0,plus_composition,120,126,0,99.81611760758739
6h_exclude1_shift0,6,True,0,persistence,120,120,2,0.0
6h_exclude1_shift0,6,True,0,persistence,120,126,0,2.0
6h_exclude1_shift0,6,True,0,training_mean,120,120,2,35.89473684210526
6h_exclude1_shift0,6,True,0,training_mean,120,126,0,35.89473684210526
6h_exclude1_shift0,6,True,0,volume_baseline,132,132,0,0.32098342823660975
6h_exclude1_shift0,6,True,0,volume_baseline,132,138,0,0.021250283726744174
6h_exclude1_shift0,6,True,0,plus_composition,132,132,0,0.7310307129863298
6h_exclude1_shift0,6,True,0,plus_composition,132,138,0,0.08717010273281194
6h_exclude1_shift0,6,True,0,persistence,132,132,0,0.0
6h_exclude1_shift0,6,True,0,persistence,132,138,0,0.0
6h_exclude1_shift0,6,True,0,training_mean,132,132,0,32.57142857142857
6h_exclude1_shift0,6,True,0,training_mean,132,138,0,32.57142857142857
6h_exclude1_shift1,6,True,1,volume_baseline,48,48,3,47.54256248278989
6h_exclude1_shift1,6,True,1,volume_baseline,48,54,9,520.46104628905
6h_exclude1_shift1,6,True,1,plus_composition,48,48,3,38.85296926769235
6h_exclude1_shift1,6,True,1,plus_composition,48,54,9,513.0329729208419
6h_exclude1_shift1,6,True,1,persistence,48,48,3,17.0
6h_exclude1_shift1,6,True,1,persistence,48,54,9,3.0
6h_exclude1_shift1,6,True,1,training_mean,48,48,3,13.857142857142858
6h_exclude1_shift1,6,True,1,training_mean,48,54,9,13.857142857142858
6h_exclude1_shift1,6,True,1,volume_baseline,60,60,5,20.12174467464492
6h_exclude1_shift1,6,True,1,volume_baseline,60,66,2,1.715099285743397
6h_exclude1_shift1,6,True,1,plus_composition,60,60,5,13.126900218148327
6h_exclude1_shift1,6,True,1,plus_composition,60,66,2,0.7989544461051918
6h_exclude1_shift1,6,True,1,persistence,60,60,5,9.0
6h_exclude1_shift1,6,True,1,persistence,60,66,2,5.0
6h_exclude1_shift1,6,True,1,training_mean,60,60,5,12.11111111111111
6h_exclude1_shift1,6,True,1,training_mean,60,66,2,12.11111111111111
6h_exclude1_shift1,6,True,1,volume_baseline,72,72,6,0.1401093218663234
6h_exclude1_shift1,6,True,1,volume_baseline,72,78,303,1.1417665152979937
6h_exclude1_shift1,6,True,1,plus_composition,72,72,6,1.3802713180909822
6h_exclude1_shift1,6,True,1,plus_composition,72,78,303,17.816312755911465
6h_exclude1_shift1,6,True,1,persistence,72,72,6,2.0
6h_exclude1_shift1,6,True,1,persistence,72,78,303,6.0
6h_exclude1_shift1,6,True,1,training_mean,72,72,6,10.545454545454545
6h_exclude1_shift1,6,True,1,training_mean,72,78,303,10.545454545454545
6h_exclude1_shift1,6,True,1,volume_baseline,84,84,165,3013.0485604078854
6h_exclude1_shift1,6,True,1,volume_baseline,84,90,66,140.36763389356705
6h_exclude1_shift1,6,True,1,plus_composition,84,84,165,0.04576016982555682
6h_exclude1_shift1,6,True,1,plus_composition,84,90,66,1.3887943864964021e-11
6h_exclude1_shift1,6,True,1,persistence,84,84,165,303.0
6h_exclude1_shift1,6,True,1,persistence,84,90,66,165.0
6h_exclude1_shift1,6,True,1,training_mean,84,84,165,32.69230769230769
6h_exclude1_shift1,6,True,1,training_mean,84,90,66,32.69230769230769
6h_exclude1_shift1,6,True,1,volume_baseline,96,96,16,171.44249349948697
6h_exclude1_shift1,6,True,1,volume_baseline,96,102,8,721.3990183042157
6h_exclude1_shift1,6,True,1,plus_composition,96,96,16,201.58036508380292
6h_exclude1_shift1,6,True,1,plus_composition,96,102,8,3160.1351024778214
6h_exclude1_shift1,6,True,1,persistence,96,96,16,66.0
6h_exclude1_shift1,6,True,1,persistence,96,102,8,16.0
6h_exclude1_shift1,6,True,1,training_mean,96,96,16,43.733333333333334
6h_exclude1_shift1,6,True,1,training_mean,96,102,8,43.733333333333334
6h_exclude1_shift1,6,True,1,volume_baseline,108,108,1,28.471269216772544
6h_exclude1_shift1,6,True,1,volume_baseline,108,114,1,3.3276083574965023
6h_exclude1_shift1,6,True,1,plus_composition,108,108,1,26.98241028159471
6h_exclude1_shift1,6,True,1,plus_composition,108,114,1,8.003697232184543
6h_exclude1_shift1,6,True,1,persistence,108,108,1,8.0
6h_exclude1_shift1,6,True,1,persistence,108,114,1,1.0
6h_exclude1_shift1,6,True,1,training_mean,108,108,1,40.0
6h_exclude1_shift1,6,True,1,training_mean,108,114,1,40.0
6h_exclude1_shift1,6,True,1,volume_baseline,120,120,2,1.3158218758809024
6h_exclude1_shift1,6,True,1,volume_baseline,120,126,0,16.16112616571616
6h_exclude1_shift1,6,True,1,plus_composition,120,120,2,7.407728789016652
6h_exclude1_shift1,6,True,1,plus_composition,120,126,0,79.02014039827168
6h_exclude1_shift1,6,True,1,persistence,120,120,2,1.0
6h_exclude1_shift1,6,True,1,persistence,120,126,0,2.0
6h_exclude1_shift1,6,True,1,training_mean,120,120,2,35.89473684210526
6h_exclude1_shift1,6,True,1,training_mean,120,126,0,35.89473684210526
6h_exclude1_shift1,6,True,1,volume_baseline,132,132,0,3.9286255066918008
6h_exclude1_shift1,6,True,1,volume_baseline,132,138,0,0.15139560092431048
6h_exclude1_shift1,6,True,1,plus_composition,132,132,0,5.521168954561524
6h_exclude1_shift1,6,True,1,plus_composition,132,138,0,0.2673181919483219
6h_exclude1_shift1,6,True,1,persistence,132,132,0,0.0
6h_exclude1_shift1,6,True,1,persistence,132,138,0,0.0
6h_exclude1_shift1,6,True,1,training_mean,132,132,0,32.57142857142857
6h_exclude1_shift1,6,True,1,training_mean,132,138,0,32.57142857142857
6h_exclude1_shift2,6,True,2,volume_baseline,48,48,5,31.61733628104824
6h_exclude1_shift2,6,True,2,volume_baseline,48,54,5,303.12946839933176
6h_exclude1_shift2,6,True,2,plus_composition,48,48,5,25.540508705752497
6h_exclude1_shift2,6,True,2,plus_composition,48,54,5,255.16886944627365
6h_exclude1_shift2,6,True,2,persistence,48,48,5,21.0
6h_exclude1_shift2,6,True,2,persistence,48,54,5,5.0
6h_exclude1_shift2,6,True,2,training_mean,48,48,5,13.571428571428571
6h_exclude1_shift2,6,True,2,training_mean,48,54,5,13.571428571428571
6h_exclude1_shift2,6,True,2,volume_baseline,60,60,9,14.92599804125336
6h_exclude1_shift2,6,True,2,volume_baseline,60,66,2,1.4490041394360336
6h_exclude1_shift2,6,True,2,plus_composition,60,60,9,12.474894298175178
6h_exclude1_shift2,6,True,2,plus_composition,60,66,2,0.8574634151320377
6h_exclude1_shift2,6,True,2,persistence,60,60,9,5.0
6h_exclude1_shift2,6,True,2,persistence,60,66,2,9.0
6h_exclude1_shift2,6,True,2,training_mean,60,60,9,11.666666666666666
6h_exclude1_shift2,6,True,2,training_mean,60,66,2,11.666666666666666
6h_exclude1_shift2,6,True,2,volume_baseline,72,72,5,0.14378907056039442
6h_exclude1_shift2,6,True,2,volume_baseline,72,78,267,1.2271400317414023
6h_exclude1_shift2,6,True,2,plus_composition,72,72,5,1.3550632787326624
6h_exclude1_shift2,6,True,2,plus_composition,72,78,267,14.171315144635388
6h_exclude1_shift2,6,True,2,persistence,72,72,5,2.0
6h_exclude1_shift2,6,True,2,persistence,72,78,267,5.0
6h_exclude1_shift2,6,True,2,training_mean,72,72,5,10.545454545454545
6h_exclude1_shift2,6,True,2,training_mean,72,78,267,10.545454545454545
6h_exclude1_shift2,6,True,2,volume_baseline,84,84,193,40584.699657796285
6h_exclude1_shift2,6,True,2,volume_baseline,84,90,70,1848.8423183737468
6h_exclude1_shift2,6,True,2,plus_composition,84,84,193,0.18755754099847444
6h_exclude1_shift2,6,True,2,plus_composition,84,90,70,1.3887943864964021e-11
6h_exclude1_shift2,6,True,2,persistence,84,84,193,267.0
6h_exclude1_shift2,6,True,2,persistence,84,90,70,193.0
6h_exclude1_shift2,6,True,2,training_mean,84,84,193,29.846153846153847
6h_exclude1_shift2,6,True,2,training_mean,84,90,70,29.846153846153847
6h_exclude1_shift2,6,True,2,volume_baseline,96,96,20,130.18852732200443
6h_exclude1_shift2,6,True,2,volume_baseline,96,102,9,581.0631150503509
6h_exclude1_shift2,6,True,2,plus_composition,96,96,20,149.89101259969132
6h_exclude1_shift2,6,True,2,plus_composition,96,102,9,2806.1606573671743
6h_exclude1_shift2,6,True,2,persistence,96,96,20,70.0
6h_exclude1_shift2,6,True,2,persistence,96,102,9,20.0
6h_exclude1_shift2,6,True,2,training_mean,96,96,20,43.4
6h_exclude1_shift2,6,True,2,training_mean,96,102,9,43.4
6h_exclude1_shift2,6,True,2,volume_baseline,108,108,1,37.853550139943984
6h_exclude1_shift2,6,True,2,volume_baseline,108,114,1,5.899954807209905
6h_exclude1_shift2,6,True,2,plus_composition,108,108,1,52.406938580147035
6h_exclude1_shift2,6,True,2,plus_composition,108,114,1,18.005615935548093
6h_exclude1_shift2,6,True,2,persistence,108,108,1,9.0
6h_exclude1_shift2,6,True,2,persistence,108,114,1,1.0
6h_exclude1_shift2,6,True,2,training_mean,108,108,1,40.0
6h_exclude1_shift2,6,True,2,training_mean,108,114,1,40.0
6h_exclude1_shift2,6,True,2,volume_baseline,120,120,2,1.1264592422510555
6h_exclude1_shift2,6,True,2,volume_baseline,120,126,0,13.007448839362818
6h_exclude1_shift2,6,True,2,plus_composition,120,120,2,4.754253698627231
6h_exclude1_shift2,6,True,2,plus_composition,120,126,0,46.90002559354332
6h_exclude1_shift2,6,True,2,persistence,120,120,2,1.0
6h_exclude1_shift2,6,True,2,persistence,120,126,0,2.0
6h_exclude1_shift2,6,True,2,training_mean,120,120,2,35.89473684210526
6h_exclude1_shift2,6,True,2,training_mean,120,126,0,35.89473684210526
6h_exclude1_shift2,6,True,2,volume_baseline,132,132,0,6.817339164170803
6h_exclude1_shift2,6,True,2,volume_baseline,132,138,0,0.24696904356992622
6h_exclude1_shift2,6,True,2,plus_composition,132,132,0,8.120949917916851
6h_exclude1_shift2,6,True,2,plus_composition,132,138,0,0.2986352832359029
6h_exclude1_shift2,6,True,2,persistence,132,132,0,0.0
6h_exclude1_shift2,6,True,2,persistence,132,138,0,0.0
6h_exclude1_shift2,6,True,2,training_mean,132,132,0,32.57142857142857
6h_exclude1_shift2,6,True,2,training_mean,132,138,0,32.57142857142857
